EcoRegion,Stock,Area,Year,R,SSB,Landings,F,Method,Assessment_URL,Meeting,Fref,key,Fref_point,F_Fref,Meeting_comments,Blim,catch,biomass,Scientific_name,Species,Bref_point,Bref,B_Bref,asses_year,version,stk_updated,RMFO
Black Sea,ANE,29,1970,NA,NA,186209.97,0.19,spict,https://www.fao.org/gfcm/data/star/en/,NA,Fmsy,ANE_29,NA,0.42,NA,NA,186209.97,979836.82,Engraulis encrasicolus,European anchovy,NA,Bmsy,1.53,2023,15_11_2023,N,GFCM
Black Sea,ANE,29,1971,NA,NA,194183.76,0.2,spict,https://www.fao.org/gfcm/data/star/en/,NA,Fmsy,ANE_29,NA,0.42,NA,NA,194183.76,1005968.21,Engraulis encrasicolus,European anchovy,NA,Bmsy,1.57,2023,15_11_2023,N,GFCM
Black Sea,ANE,29,1972,NA,NA,200344.12,0.2,spict,https://www.fao.org/gfcm/data/star/en/,NA,Fmsy,ANE_29,NA,0.43,NA,NA,200344.12,1013196.82,Engraulis encrasicolus,European anchovy,NA,Bmsy,1.58,2023,15_11_2023,N,GFCM
Black Sea,ANE,29,1973,NA,NA,220554.75,0.24,spict,https://www.fao.org/gfcm/data/star/en/,NA,Fmsy,ANE_29,NA,0.52,NA,NA,220554.75,1029610.4,Engraulis encrasicolus,European anchovy,NA,Bmsy,1.61,2023,15_11_2023,N,GFCM
Black Sea,ANE,29,1974,NA,NA,293388.48,0.29,spict,https://www.fao.org/gfcm/data/star/en/,NA,Fmsy,ANE_29,NA,0.62,NA,NA,293388.48,984504.94,Engraulis encrasicolus,European anchovy,NA,Bmsy,1.54,2023,15_11_2023,N,GFCM
Black Sea,ANE,29,1975,NA,NA,237332.84,0.26,spict,https://www.fao.org/gfcm/data/star/en/,NA,Fmsy,ANE_29,NA,0.56,NA,NA,237332.84,959868.27,Engraulis encrasicolus,European anchovy,NA,Bmsy,1.5,2023,15_11_2023,N,GFCM
Black Sea,ANE,29,1976,NA,NA,300316.68,0.31,spict,https://www.fao.org/gfcm/data/star/en/,NA,Fmsy,ANE_29,NA,0.66,NA,NA,300316.68,941312.32,Engraulis encrasicolus,European anchovy,NA,Bmsy,1.47,2023,15_11_2023,N,GFCM
Black Sea,ANE,29,1977,NA,NA,228990.95,0.24,spict,https://www.fao.org/gfcm/data/star/en/,NA,Fmsy,ANE_29,NA,0.52,NA,NA,228990.95,919094.84,Engraulis encrasicolus,European anchovy,NA,Bmsy,1.43,2023,15_11_2023,N,GFCM
Black Sea,ANE,29,1978,NA,NA,241820.65,0.26,spict,https://www.fao.org/gfcm/data/star/en/,NA,Fmsy,ANE_29,NA,0.56,NA,NA,241820.65,949984.35,Engraulis encrasicolus,European anchovy,NA,Bmsy,1.48,2023,15_11_2023,N,GFCM
Black Sea,ANE,29,1979,NA,NA,265231.92,0.3,spict,https://www.fao.org/gfcm/data/star/en/,NA,Fmsy,ANE_29,NA,0.65,NA,NA,265231.92,969340.72,Engraulis encrasicolus,European anchovy,NA,Bmsy,1.51,2023,15_11_2023,N,GFCM
Black Sea,ANE,29,1980,NA,NA,364548.06,0.41,spict,https://www.fao.org/gfcm/data/star/en/,NA,Fmsy,ANE_29,NA,0.88,NA,NA,364548.06,926661.38,Engraulis encrasicolus,European anchovy,NA,Bmsy,1.45,2023,15_11_2023,N,GFCM
Black Sea,ANE,29,1981,NA,NA,362058.01,0.43,spict,https://www.fao.org/gfcm/data/star/en/,NA,Fmsy,ANE_29,NA,0.92,NA,NA,362058.01,887206.16,Engraulis encrasicolus,European anchovy,NA,Bmsy,1.38,2023,15_11_2023,N,GFCM
Black Sea,ANE,29,1982,NA,NA,409545.19,0.47,spict,https://www.fao.org/gfcm/data/star/en/,NA,Fmsy,ANE_29,NA,1.02,NA,NA,409545.19,890418.25,Engraulis encrasicolus,European anchovy,NA,Bmsy,1.39,2023,15_11_2023,N,GFCM
Black Sea,ANE,29,1983,NA,NA,441511.69,0.6,spict,https://www.fao.org/gfcm/data/star/en/,NA,Fmsy,ANE_29,NA,1.3,NA,NA,441511.69,770036.73,Engraulis encrasicolus,European anchovy,NA,Bmsy,1.2,2023,15_11_2023,N,GFCM
Black Sea,ANE,29,1984,NA,NA,484141.91,0.79,spict,https://www.fao.org/gfcm/data/star/en/,NA,Fmsy,ANE_29,NA,1.7,NA,NA,484141.91,542553.1,Engraulis encrasicolus,European anchovy,NA,Bmsy,0.85,2023,15_11_2023,N,GFCM
Black Sea,ANE,29,1985,NA,NA,335979.78,0.67,spict,https://www.fao.org/gfcm/data/star/en/,NA,Fmsy,ANE_29,NA,1.44,NA,NA,335979.78,532416.73,Engraulis encrasicolus,European anchovy,NA,Bmsy,0.83,2023,15_11_2023,N,GFCM
Black Sea,ANE,29,1986,NA,NA,381400.21,0.66,spict,https://www.fao.org/gfcm/data/star/en/,NA,Fmsy,ANE_29,NA,1.42,NA,NA,381400.21,547538.59,Engraulis encrasicolus,European anchovy,NA,Bmsy,0.85,2023,15_11_2023,N,GFCM
Black Sea,ANE,29,1987,NA,NA,355996.68,0.68,spict,https://www.fao.org/gfcm/data/star/en/,NA,Fmsy,ANE_29,NA,1.47,NA,NA,355996.68,589030.23,Engraulis encrasicolus,European anchovy,NA,Bmsy,0.92,2023,15_11_2023,N,GFCM
Black Sea,ANE,29,1988,NA,NA,563721.65,1.35,spict,https://www.fao.org/gfcm/data/star/en/,NA,Fmsy,ANE_29,NA,2.91,NA,NA,563721.65,367850.11,Engraulis encrasicolus,European anchovy,NA,Bmsy,0.57,2023,15_11_2023,N,GFCM
Black Sea,ANE,29,1989,NA,NA,200361.51,0.6,spict,https://www.fao.org/gfcm/data/star/en/,NA,Fmsy,ANE_29,NA,1.29,NA,NA,200361.51,200212.98,Engraulis encrasicolus,European anchovy,NA,Bmsy,0.31,2023,15_11_2023,N,GFCM
Black Sea,ANE,29,1990,NA,NA,90945.92,0.34,spict,https://www.fao.org/gfcm/data/star/en/,NA,Fmsy,ANE_29,NA,0.74,NA,NA,90945.92,241998.33,Engraulis encrasicolus,European anchovy,NA,Bmsy,0.38,2023,15_11_2023,N,GFCM
Black Sea,ANE,29,1991,NA,NA,94296.12,0.31,spict,https://www.fao.org/gfcm/data/star/en/,NA,Fmsy,ANE_29,NA,0.66,NA,NA,94296.12,359341.59,Engraulis encrasicolus,European anchovy,NA,Bmsy,0.56,2023,15_11_2023,N,GFCM
Black Sea,ANE,29,1992,NA,NA,164657.67,0.4,spict,https://www.fao.org/gfcm/data/star/en/,NA,Fmsy,ANE_29,NA,0.86,NA,NA,164657.67,486034.93,Engraulis encrasicolus,European anchovy,NA,Bmsy,0.76,2023,15_11_2023,N,GFCM
Black Sea,ANE,29,1993,NA,NA,222552.69,0.43,spict,https://www.fao.org/gfcm/data/star/en/,NA,Fmsy,ANE_29,NA,0.92,NA,NA,222552.69,560172.31,Engraulis encrasicolus,European anchovy,NA,Bmsy,0.87,2023,15_11_2023,N,GFCM
Black Sea,ANE,29,1994,NA,NA,280446.26,0.53,spict,https://www.fao.org/gfcm/data/star/en/,NA,Fmsy,ANE_29,NA,1.14,NA,NA,280446.26,605951.02,Engraulis encrasicolus,European anchovy,NA,Bmsy,0.95,2023,15_11_2023,N,GFCM
Black Sea,ANE,29,1995,NA,NA,374653.36,0.66,spict,https://www.fao.org/gfcm/data/star/en/,NA,Fmsy,ANE_29,NA,1.42,NA,NA,374653.36,550813.18,Engraulis encrasicolus,European anchovy,NA,Bmsy,0.86,2023,15_11_2023,N,GFCM
Black Sea,ANE,29,1996,NA,NA,275663.24,0.48,spict,https://www.fao.org/gfcm/data/star/en/,NA,Fmsy,ANE_29,NA,1.03,NA,NA,275663.24,507554.18,Engraulis encrasicolus,European anchovy,NA,Bmsy,0.79,2023,15_11_2023,N,GFCM
Black Sea,ANE,29,1997,NA,NA,219283.8,0.34,spict,https://www.fao.org/gfcm/data/star/en/,NA,Fmsy,ANE_29,NA,0.74,NA,NA,219283.8,595879.61,Engraulis encrasicolus,European anchovy,NA,Bmsy,0.93,2023,15_11_2023,N,GFCM
Black Sea,ANE,29,1998,NA,NA,200649.56,0.31,spict,https://www.fao.org/gfcm/data/star/en/,NA,Fmsy,ANE_29,NA,0.66,NA,NA,200649.56,731107.21,Engraulis encrasicolus,European anchovy,NA,Bmsy,1.14,2023,15_11_2023,N,GFCM
Black Sea,ANE,29,1999,NA,NA,315440.71,0.42,spict,https://www.fao.org/gfcm/data/star/en/,NA,Fmsy,ANE_29,NA,0.91,NA,NA,315440.71,780083.96,Engraulis encrasicolus,European anchovy,NA,Bmsy,1.22,2023,15_11_2023,N,GFCM
Black Sea,ANE,29,2000,NA,NA,271495.09,0.37,spict,https://www.fao.org/gfcm/data/star/en/,NA,Fmsy,ANE_29,NA,0.8,NA,NA,271495.09,698748.09,Engraulis encrasicolus,European anchovy,NA,Bmsy,1.09,2023,15_11_2023,N,GFCM
Black Sea,ANE,29,2001,NA,NA,296251.06,0.48,spict,https://www.fao.org/gfcm/data/star/en/,NA,Fmsy,ANE_29,NA,1.04,NA,NA,296251.06,668179.43,Engraulis encrasicolus,European anchovy,NA,Bmsy,1.04,2023,15_11_2023,N,GFCM
Black Sea,ANE,29,2002,NA,NA,343270.06,0.52,spict,https://www.fao.org/gfcm/data/star/en/,NA,Fmsy,ANE_29,NA,1.12,NA,NA,343270.06,617353.23,Engraulis encrasicolus,European anchovy,NA,Bmsy,0.96,2023,15_11_2023,N,GFCM
Black Sea,ANE,29,2003,NA,NA,279211.67,0.47,spict,https://www.fao.org/gfcm/data/star/en/,NA,Fmsy,ANE_29,NA,1.01,NA,NA,279211.67,638966.29,Engraulis encrasicolus,European anchovy,NA,Bmsy,1,2023,15_11_2023,N,GFCM
Black Sea,ANE,29,2004,NA,NA,311917.31,0.37,spict,https://www.fao.org/gfcm/data/star/en/,NA,Fmsy,ANE_29,NA,0.8,NA,NA,311917.31,611604.43,Engraulis encrasicolus,European anchovy,NA,Bmsy,0.95,2023,15_11_2023,N,GFCM
Black Sea,ANE,29,2005,NA,NA,129728.11,0.18,spict,https://www.fao.org/gfcm/data/star/en/,NA,Fmsy,ANE_29,NA,0.38,NA,NA,129728.11,712571.32,Engraulis encrasicolus,European anchovy,NA,Bmsy,1.11,2023,15_11_2023,N,GFCM
Black Sea,ANE,29,2006,NA,NA,225925.43,0.32,spict,https://www.fao.org/gfcm/data/star/en/,NA,Fmsy,ANE_29,NA,0.69,NA,NA,225925.43,930245.71,Engraulis encrasicolus,European anchovy,NA,Bmsy,1.45,2023,15_11_2023,N,GFCM
Black Sea,ANE,29,2007,NA,NA,375182.05,0.39,spict,https://www.fao.org/gfcm/data/star/en/,NA,Fmsy,ANE_29,NA,0.84,NA,NA,375182.05,931178.53,Engraulis encrasicolus,European anchovy,NA,Bmsy,1.45,2023,15_11_2023,N,GFCM
Black Sea,ANE,29,2008,NA,NA,255133.34,0.23,spict,https://www.fao.org/gfcm/data/star/en/,NA,Fmsy,ANE_29,NA,0.49,NA,NA,255133.34,927571.94,Engraulis encrasicolus,European anchovy,NA,Bmsy,1.45,2023,15_11_2023,N,GFCM
Black Sea,ANE,29,2009,NA,NA,190816.22,0.18,spict,https://www.fao.org/gfcm/data/star/en/,NA,Fmsy,ANE_29,NA,0.39,NA,NA,190816.22,1076386.53,Engraulis encrasicolus,European anchovy,NA,Bmsy,1.68,2023,15_11_2023,N,GFCM
Black Sea,ANE,29,2010,NA,NA,247680.71,0.23,spict,https://www.fao.org/gfcm/data/star/en/,NA,Fmsy,ANE_29,NA,0.49,NA,NA,247680.71,1248954.06,Engraulis encrasicolus,European anchovy,NA,Bmsy,1.95,2023,15_11_2023,N,GFCM
Black Sea,ANE,29,2011,NA,NA,277492.48,0.19,spict,https://www.fao.org/gfcm/data/star/en/,NA,Fmsy,ANE_29,NA,0.41,NA,NA,277492.48,1163788.56,Engraulis encrasicolus,European anchovy,NA,Bmsy,1.82,2023,15_11_2023,N,GFCM
Black Sea,ANE,29,2012,NA,NA,178494.94,0.2,spict,https://www.fao.org/gfcm/data/star/en/,NA,Fmsy,ANE_29,NA,0.42,NA,NA,178494.94,1090154.88,Engraulis encrasicolus,European anchovy,NA,Bmsy,1.7,2023,15_11_2023,N,GFCM
Black Sea,ANE,29,2013,NA,NA,319133.46,0.2,spict,https://www.fao.org/gfcm/data/star/en/,NA,Fmsy,ANE_29,NA,0.44,NA,NA,319133.46,968626.05,Engraulis encrasicolus,European anchovy,NA,Bmsy,1.51,2023,15_11_2023,N,GFCM
Black Sea,ANE,29,2014,NA,NA,80699.97,0.09,spict,https://www.fao.org/gfcm/data/star/en/,NA,Fmsy,ANE_29,NA,0.19,NA,NA,80699.97,984985.53,Engraulis encrasicolus,European anchovy,NA,Bmsy,1.54,2023,15_11_2023,N,GFCM
Black Sea,ANE,29,2015,NA,NA,249768.48,0.24,spict,https://www.fao.org/gfcm/data/star/en/,NA,Fmsy,ANE_29,NA,0.52,NA,NA,249768.48,1147335.88,Engraulis encrasicolus,European anchovy,NA,Bmsy,1.79,2023,15_11_2023,N,GFCM
Black Sea,ANE,29,2016,NA,NA,164423.08,0.19,spict,https://www.fao.org/gfcm/data/star/en/,NA,Fmsy,ANE_29,NA,0.42,NA,NA,164423.08,872546.6,Engraulis encrasicolus,European anchovy,NA,Bmsy,1.36,2023,15_11_2023,N,GFCM
Black Sea,ANE,29,2017,NA,NA,208827.38,0.25,spict,https://www.fao.org/gfcm/data/star/en/,NA,Fmsy,ANE_29,NA,0.53,NA,NA,208827.38,576437.75,Engraulis encrasicolus,European anchovy,NA,Bmsy,0.9,2023,15_11_2023,N,GFCM
Black Sea,ANE,29,2018,NA,NA,79899.05,0.17,spict,https://www.fao.org/gfcm/data/star/en/,NA,Fmsy,ANE_29,NA,0.36,NA,NA,79899.05,578876.38,Engraulis encrasicolus,European anchovy,NA,Bmsy,0.9,2023,15_11_2023,N,GFCM
Black Sea,ANE,29,2019,NA,NA,326975.95,0.56,spict,https://www.fao.org/gfcm/data/star/en/,NA,Fmsy,ANE_29,NA,1.22,NA,NA,326975.95,719823.59,Engraulis encrasicolus,European anchovy,NA,Bmsy,1.12,2023,15_11_2023,N,GFCM
Black Sea,ANE,29,2020,NA,NA,225523.93,0.28,spict,https://www.fao.org/gfcm/data/star/en/,NA,Fmsy,ANE_29,NA,0.61,NA,NA,225523.93,668948.3,Engraulis encrasicolus,European anchovy,NA,Bmsy,1.04,2023,15_11_2023,N,GFCM
Black Sea,ANE,29,2021,NA,NA,196177.83,0.26,spict,https://www.fao.org/gfcm/data/star/en/,NA,Fmsy,ANE_29,NA,0.57,NA,NA,196177.83,770314.51,Engraulis encrasicolus,European anchovy,NA,Bmsy,1.2,2023,15_11_2023,N,GFCM
Black Sea,MUT,29,2015,1086987.3,5832.5,4293.63,0.905,a4a,https://www.fao.org/gfcm/data/star/en/,NA,Fmsy,MUT_29,0.377,2.400530504,NA,2386.677,4293.63,5832.5,Mullus barbatus,Red mullet,9546.707,Bmsy,0.610943648,2023,21_01_2025,y,GFCM
Black Sea,MUT,29,2016,1157752.6,5152.1,3430.18,0.948,a4a,https://www.fao.org/gfcm/data/star/en/,NA,Fmsy,MUT_29,0.377,2.514588859,NA,2386.677,3430.18,5152.1,Mullus barbatus,Red mullet,9546.707,Bmsy,0.539672999,2023,21_01_2025,y,GFCM
Black Sea,MUT,29,2017,1176566.3,4288,2911.31,0.997,a4a,https://www.fao.org/gfcm/data/star/en/,NA,Fmsy,MUT_29,0.377,2.644562334,NA,2386.677,2911.31,4288,Mullus barbatus,Red mullet,9546.707,Bmsy,0.449160114,2023,21_01_2025,y,GFCM
Black Sea,MUT,29,2018,1196624.2,4141.6,2934.19,1.032,a4a,https://www.fao.org/gfcm/data/star/en/,NA,Fmsy,MUT_29,0.377,2.737400531,NA,2386.677,2934.19,4141.6,Mullus barbatus,Red mullet,9546.707,Bmsy,0.433824983,2023,21_01_2025,y,GFCM
Black Sea,MUT,29,2019,1492532.5,3721.1,2551.15,0.997,a4a,https://www.fao.org/gfcm/data/star/en/,NA,Fmsy,MUT_29,0.377,2.644562334,NA,2386.677,2551.15,3721.1,Mullus barbatus,Red mullet,9546.707,Bmsy,0.389778381,2023,21_01_2025,y,GFCM
Black Sea,MUT,29,2020,1177384.5,4524,2527.96,0.837,a4a,https://www.fao.org/gfcm/data/star/en/,NA,Fmsy,MUT_29,0.377,2.220159151,NA,2386.677,2527.96,4524,Mullus barbatus,Red mullet,9546.707,Bmsy,0.473880679,2023,21_01_2025,y,GFCM
Black Sea,MUT,29,2021,1185794.1,5468,2374.39,0.582,a4a,https://www.fao.org/gfcm/data/star/en/,NA,Fmsy,MUT_29,0.377,1.543766578,NA,2386.677,2374.39,5468,Mullus barbatus,Red mullet,9546.707,Bmsy,0.572762943,2023,21_01_2025,y,GFCM
Black Sea,MUT,29,2022,1034992.1,5870.1,1622.28,0.341,a4a,https://www.fao.org/gfcm/data/star/en/,NA,Fmsy,MUT_29,0.377,0.904509284,NA,2386.677,1622.28,5870.1,Mullus barbatus,Red mullet,9546.707,Bmsy,0.614882179,2023,21_01_2025,y,GFCM
Black Sea,MUT,29,2023,1185547.2,7985.7,1181.9,0.181,a4a,https://www.fao.org/gfcm/data/star/en/,NA,Fmsy,MUT_29,0.377,0.480106101,NA,2386.677,1181.9,7985.7,Mullus barbatus,Red mullet,9546.707,Bmsy,0.836487388,2023,21_01_2025,y,GFCM
Black Sea,TUR,29,1950,2918.4937,12734.033,3932.18,0.3853367,SAM,https://www.fao.org/gfcm/data/star/en/,NA,Fmsy,TUR_29,0.19,2.028087895,NA,NA,3932.18,12734.033,Scophthalmus maximus,Turbot,14616,Bmsy,0.871239258,2024,21_01_2025,y,GFCM
Black Sea,TUR,29,1951,2704.1771,12764.734,4741.24,0.45201882,SAM,https://www.fao.org/gfcm/data/star/en/,NA,Fmsy,TUR_29,0.19,2.379046421,NA,NA,4741.24,12764.734,Scophthalmus maximus,Turbot,14616,Bmsy,0.873339765,2024,21_01_2025,y,GFCM
Black Sea,TUR,29,1952,2418.6662,11999.998,5217.05,0.53381157,SAM,https://www.fao.org/gfcm/data/star/en/,NA,Fmsy,TUR_29,0.19,2.809534579,NA,NA,5217.05,11999.998,Scophthalmus maximus,Turbot,14616,Bmsy,0.821017926,2024,21_01_2025,y,GFCM
Black Sea,TUR,29,1953,2534.2529,10588.069,4985.46,0.59383262,SAM,https://www.fao.org/gfcm/data/star/en/,NA,Fmsy,TUR_29,0.19,3.125434842,NA,NA,4985.46,10588.069,Scophthalmus maximus,Turbot,14616,Bmsy,0.724416325,2024,21_01_2025,y,GFCM
Black Sea,TUR,29,1954,2763.5601,9180.86,4505.45,0.62382563,SAM,https://www.fao.org/gfcm/data/star/en/,NA,Fmsy,TUR_29,0.19,3.283292789,NA,NA,4505.45,9180.86,Scophthalmus maximus,Turbot,14616,Bmsy,0.628137657,2024,21_01_2025,y,GFCM
Black Sea,TUR,29,1955,2831.9408,8387.504,3678.01,0.6156413,SAM,https://www.fao.org/gfcm/data/star/en/,NA,Fmsy,TUR_29,0.19,3.240217368,NA,NA,3678.01,8387.504,Scophthalmus maximus,Turbot,14616,Bmsy,0.57385769,2024,21_01_2025,y,GFCM
Black Sea,TUR,29,1956,2716.4555,8267.067,3622.95,0.63445864,SAM,https://www.fao.org/gfcm/data/star/en/,NA,Fmsy,TUR_29,0.19,3.339256,NA,NA,3622.95,8267.067,Scophthalmus maximus,Turbot,14616,Bmsy,0.565617611,2024,21_01_2025,y,GFCM
Black Sea,TUR,29,1957,2788.6609,8549.835,3017.5,0.52627355,SAM,https://www.fao.org/gfcm/data/star/en/,NA,Fmsy,TUR_29,0.19,2.769860789,NA,NA,3017.5,8549.835,Scophthalmus maximus,Turbot,14616,Bmsy,0.58496408,2024,21_01_2025,y,GFCM
Black Sea,TUR,29,1958,2669.8558,8806.738,4288.72,0.65831001,SAM,https://www.fao.org/gfcm/data/star/en/,NA,Fmsy,TUR_29,0.19,3.464789526,NA,NA,4288.72,8806.738,Scophthalmus maximus,Turbot,14616,Bmsy,0.602540914,2024,21_01_2025,y,GFCM
Black Sea,TUR,29,1959,2381.7332,8115.888,4652.48,0.74531307,SAM,https://www.fao.org/gfcm/data/star/en/,NA,Fmsy,TUR_29,0.19,3.922700368,NA,NA,4652.48,8115.888,Scophthalmus maximus,Turbot,14616,Bmsy,0.55527422,2024,21_01_2025,y,GFCM
Black Sea,TUR,29,1960,2313.0337,7460.967,2679.86,0.52588088,SAM,https://www.fao.org/gfcm/data/star/en/,NA,Fmsy,TUR_29,0.19,2.767794105,NA,NA,2679.86,7460.967,Scophthalmus maximus,Turbot,14616,Bmsy,0.510465722,2024,21_01_2025,y,GFCM
Black Sea,TUR,29,1961,2295.5643,7776.929,3058.38,0.55538256,SAM,https://www.fao.org/gfcm/data/star/en/,NA,Fmsy,TUR_29,0.19,2.923066105,NA,NA,3058.38,7776.929,Scophthalmus maximus,Turbot,14616,Bmsy,0.532083265,2024,21_01_2025,y,GFCM
Black Sea,TUR,29,1962,2539.0473,7974.111,2903.76,0.52268774,SAM,https://www.fao.org/gfcm/data/star/en/,NA,Fmsy,TUR_29,0.19,2.750988105,NA,NA,2903.76,7974.111,Scophthalmus maximus,Turbot,14616,Bmsy,0.545574097,2024,21_01_2025,y,GFCM
Black Sea,TUR,29,1963,2689.7551,8090.796,3812.41,0.63013706,SAM,https://www.fao.org/gfcm/data/star/en/,NA,Fmsy,TUR_29,0.19,3.316510842,NA,NA,3812.41,8090.796,Scophthalmus maximus,Turbot,14616,Bmsy,0.553557471,2024,21_01_2025,y,GFCM
Black Sea,TUR,29,1964,2363.035,7849.945,3666.01,0.63528455,SAM,https://www.fao.org/gfcm/data/star/en/,NA,Fmsy,TUR_29,0.19,3.343602895,NA,NA,3666.01,7849.945,Scophthalmus maximus,Turbot,14616,Bmsy,0.537078886,2024,21_01_2025,y,GFCM
Black Sea,TUR,29,1965,2713.6372,7646.676,3062.65,0.5567526,SAM,https://www.fao.org/gfcm/data/star/en/,NA,Fmsy,TUR_29,0.19,2.930276842,NA,NA,3062.65,7646.676,Scophthalmus maximus,Turbot,14616,Bmsy,0.523171593,2024,21_01_2025,y,GFCM
Black Sea,TUR,29,1966,3297.9471,7966.439,3093.21,0.52275748,SAM,https://www.fao.org/gfcm/data/star/en/,NA,Fmsy,TUR_29,0.19,2.751355158,NA,NA,3093.21,7966.439,Scophthalmus maximus,Turbot,14616,Bmsy,0.545049193,2024,21_01_2025,y,GFCM
Black Sea,TUR,29,1967,3691.2759,8842.343,2708.89,0.40405126,SAM,https://www.fao.org/gfcm/data/star/en/,NA,Fmsy,TUR_29,0.19,2.126585579,NA,NA,2708.89,8842.343,Scophthalmus maximus,Turbot,14616,Bmsy,0.604976943,2024,21_01_2025,y,GFCM
Black Sea,TUR,29,1968,3218.8267,10382.549,2930.96,0.34011775,SAM,https://www.fao.org/gfcm/data/star/en/,NA,Fmsy,TUR_29,0.19,1.790093421,NA,NA,2930.96,10382.549,Scophthalmus maximus,Turbot,14616,Bmsy,0.710355022,2024,21_01_2025,y,GFCM
Black Sea,TUR,29,1969,3123.9248,11942.641,3075.76,0.30595121,SAM,https://www.fao.org/gfcm/data/star/en/,NA,Fmsy,TUR_29,0.19,1.610269526,NA,NA,3075.76,11942.641,Scophthalmus maximus,Turbot,14616,Bmsy,0.817093664,2024,21_01_2025,y,GFCM
Black Sea,TUR,29,1970,2111.9844,12948.815,5273.2,0.40022991,SAM,https://www.fao.org/gfcm/data/star/en/,NA,Fmsy,TUR_29,0.19,2.106473211,NA,NA,5273.2,12948.815,Scophthalmus maximus,Turbot,14616,Bmsy,0.88593425,2024,21_01_2025,y,GFCM
Black Sea,TUR,29,1971,1754.4005,12839.54,3052.04,0.26636097,SAM,https://www.fao.org/gfcm/data/star/en/,NA,Fmsy,TUR_29,0.19,1.401899842,NA,NA,3052.04,12839.54,Scophthalmus maximus,Turbot,14616,Bmsy,0.878457854,2024,21_01_2025,y,GFCM
Black Sea,TUR,29,1972,1932.1939,13233.667,3049.2,0.24389441,SAM,https://www.fao.org/gfcm/data/star/en/,NA,Fmsy,TUR_29,0.19,1.283654789,NA,NA,3049.2,13233.667,Scophthalmus maximus,Turbot,14616,Bmsy,0.905423303,2024,21_01_2025,y,GFCM
Black Sea,TUR,29,1973,1975.2936,13289.542,3705.25,0.27355818,SAM,https://www.fao.org/gfcm/data/star/en/,NA,Fmsy,TUR_29,0.19,1.439779895,NA,NA,3705.25,13289.542,Scophthalmus maximus,Turbot,14616,Bmsy,0.909246169,2024,21_01_2025,y,GFCM
Black Sea,TUR,29,1974,2193.3845,13437.055,1696.1,0.11363212,SAM,https://www.fao.org/gfcm/data/star/en/,NA,Fmsy,TUR_29,0.19,0.598063789,NA,NA,1696.1,13437.055,Scophthalmus maximus,Turbot,14616,Bmsy,0.919338738,2024,21_01_2025,y,GFCM
Black Sea,TUR,29,1975,2792.9416,15108.801,1273.1,0.11519203,SAM,https://www.fao.org/gfcm/data/star/en/,NA,Fmsy,TUR_29,0.19,0.606273842,NA,NA,1273.1,15108.801,Scophthalmus maximus,Turbot,14616,Bmsy,1.033716544,2024,21_01_2025,y,GFCM
Black Sea,TUR,29,1976,2803.3053,17003.349,1584.05,0.11775448,SAM,https://www.fao.org/gfcm/data/star/en/,NA,Fmsy,TUR_29,0.19,0.619760421,NA,NA,1584.05,17003.349,Scophthalmus maximus,Turbot,14616,Bmsy,1.163338054,2024,21_01_2025,y,GFCM
Black Sea,TUR,29,1977,2123.5052,18983.523,2012.1,0.10450983,SAM,https://www.fao.org/gfcm/data/star/en/,NA,Fmsy,TUR_29,0.19,0.550051737,NA,NA,2012.1,18983.523,Scophthalmus maximus,Turbot,14616,Bmsy,1.298817939,2024,21_01_2025,y,GFCM
Black Sea,TUR,29,1978,1682.2608,20532.922,2160.12,0.14147992,SAM,https://www.fao.org/gfcm/data/star/en/,NA,Fmsy,TUR_29,0.19,0.744631158,NA,NA,2160.12,20532.922,Scophthalmus maximus,Turbot,14616,Bmsy,1.404824986,2024,21_01_2025,y,GFCM
Black Sea,TUR,29,1979,1360.449,20386.722,5447.32,0.2702737,SAM,https://www.fao.org/gfcm/data/star/en/,NA,Fmsy,TUR_29,0.19,1.422493158,NA,NA,5447.32,20386.722,Scophthalmus maximus,Turbot,14616,Bmsy,1.39482225,2024,21_01_2025,y,GFCM
Black Sea,TUR,29,1980,1003.7272,18262.348,2843.16,0.19516501,SAM,https://www.fao.org/gfcm/data/star/en/,NA,Fmsy,TUR_29,0.19,1.027184263,NA,NA,2843.16,18262.348,Scophthalmus maximus,Turbot,14616,Bmsy,1.249476464,2024,21_01_2025,y,GFCM
Black Sea,TUR,29,1981,647.9216,16733.19,3276.14,0.19378244,SAM,https://www.fao.org/gfcm/data/star/en/,NA,Fmsy,TUR_29,0.19,1.019907579,NA,NA,3276.14,16733.19,Scophthalmus maximus,Turbot,14616,Bmsy,1.144854269,2024,21_01_2025,y,GFCM
Black Sea,TUR,29,1982,447.6399,14421.013,4662.22,0.34547703,SAM,https://www.fao.org/gfcm/data/star/en/,NA,Fmsy,TUR_29,0.19,1.818300158,NA,NA,4662.22,14421.013,Scophthalmus maximus,Turbot,14616,Bmsy,0.986659346,2024,21_01_2025,y,GFCM
Black Sea,TUR,29,1983,388.6969,10067.125,5307.26,0.73422183,SAM,https://www.fao.org/gfcm/data/star/en/,NA,Fmsy,TUR_29,0.19,3.864325421,NA,NA,5307.26,10067.125,Scophthalmus maximus,Turbot,14616,Bmsy,0.688774288,2024,21_01_2025,y,GFCM
Black Sea,TUR,29,1984,298.3113,5488.639,2852.11,0.52754334,SAM,https://www.fao.org/gfcm/data/star/en/,NA,Fmsy,TUR_29,0.19,2.776543895,NA,NA,2852.11,5488.639,Scophthalmus maximus,Turbot,14616,Bmsy,0.375522646,2024,21_01_2025,y,GFCM
Black Sea,TUR,29,1985,350.3495,3677.451,527.02,0.12487796,SAM,https://www.fao.org/gfcm/data/star/en/,NA,Fmsy,TUR_29,0.19,0.657252421,NA,NA,527.02,3677.451,Scophthalmus maximus,Turbot,14616,Bmsy,0.251604475,2024,21_01_2025,y,GFCM
Black Sea,TUR,29,1986,337.3154,3503.978,428.03,0.06914393,SAM,https://www.fao.org/gfcm/data/star/en/,NA,Fmsy,TUR_29,0.19,0.363915421,NA,NA,428.03,3503.978,Scophthalmus maximus,Turbot,14616,Bmsy,0.239735769,2024,21_01_2025,y,GFCM
Black Sea,TUR,29,1987,465.5432,3339.288,849.05,0.23742194,SAM,https://www.fao.org/gfcm/data/star/en/,NA,Fmsy,TUR_29,0.19,1.249589158,NA,NA,849.05,3339.288,Scophthalmus maximus,Turbot,14616,Bmsy,0.22846798,2024,21_01_2025,y,GFCM
Black Sea,TUR,29,1988,688.1846,2852.867,1116.06,0.2019711,SAM,https://www.fao.org/gfcm/data/star/en/,NA,Fmsy,TUR_29,0.19,1.063005789,NA,NA,1116.06,2852.867,Scophthalmus maximus,Turbot,14616,Bmsy,0.195187945,2024,21_01_2025,y,GFCM
Black Sea,TUR,29,1989,922.3343,2391.525,1459.89,0.74477846,SAM,https://www.fao.org/gfcm/data/star/en/,NA,Fmsy,TUR_29,0.19,3.919886632,NA,NA,1459.89,2391.525,Scophthalmus maximus,Turbot,14616,Bmsy,0.163623768,2024,21_01_2025,y,GFCM
Black Sea,TUR,29,1990,1326.8074,1886.314,1393.07,0.86358837,SAM,https://www.fao.org/gfcm/data/star/en/,NA,Fmsy,TUR_29,0.19,4.545201947,NA,NA,1393.07,1886.314,Scophthalmus maximus,Turbot,14616,Bmsy,0.129058155,2024,21_01_2025,y,GFCM
Black Sea,TUR,29,1991,1755.322,1683.547,934.6,0.81761426,SAM,https://www.fao.org/gfcm/data/star/en/,NA,Fmsy,TUR_29,0.19,4.303232947,NA,NA,934.6,1683.547,Scophthalmus maximus,Turbot,14616,Bmsy,0.115185208,2024,21_01_2025,y,GFCM
Black Sea,TUR,29,1992,1978.6219,2346.294,438.16,0.33537354,SAM,https://www.fao.org/gfcm/data/star/en/,NA,Fmsy,TUR_29,0.19,1.765123895,NA,NA,438.16,2346.294,Scophthalmus maximus,Turbot,14616,Bmsy,0.160529146,2024,21_01_2025,y,GFCM
Black Sea,TUR,29,1993,1550.7688,3340.724,1601.71,0.52474436,SAM,https://www.fao.org/gfcm/data/star/en/,NA,Fmsy,TUR_29,0.19,2.761812421,NA,NA,1601.71,3340.724,Scophthalmus maximus,Turbot,14616,Bmsy,0.228566229,2024,21_01_2025,y,GFCM
Black Sea,TUR,29,1994,1353.5469,3728.925,2143.47,0.6379414,SAM,https://www.fao.org/gfcm/data/star/en/,NA,Fmsy,TUR_29,0.19,3.357586316,NA,NA,2143.47,3728.925,Scophthalmus maximus,Turbot,14616,Bmsy,0.255126232,2024,21_01_2025,y,GFCM
Black Sea,TUR,29,1995,1339.1192,3932.147,2938.86,0.69883212,SAM,https://www.fao.org/gfcm/data/star/en/,NA,Fmsy,TUR_29,0.19,3.678063789,NA,NA,2938.86,3932.147,Scophthalmus maximus,Turbot,14616,Bmsy,0.269030309,2024,21_01_2025,y,GFCM
Black Sea,TUR,29,1996,1283.0926,3959.519,2043.43,0.67080663,SAM,https://www.fao.org/gfcm/data/star/en/,NA,Fmsy,TUR_29,0.19,3.530561211,NA,NA,2043.43,3959.519,Scophthalmus maximus,Turbot,14616,Bmsy,0.270903051,2024,21_01_2025,y,GFCM
Black Sea,TUR,29,1997,1324.3288,3760.264,1025.61,0.51164093,SAM,https://www.fao.org/gfcm/data/star/en/,NA,Fmsy,TUR_29,0.19,2.692847,NA,NA,1025.61,3760.264,Scophthalmus maximus,Turbot,14616,Bmsy,0.257270389,2024,21_01_2025,y,GFCM
Black Sea,TUR,29,1998,1293.1551,3985.224,1594.62,0.62928155,SAM,https://www.fao.org/gfcm/data/star/en/,NA,Fmsy,TUR_29,0.19,3.312008158,NA,NA,1594.62,3985.224,Scophthalmus maximus,Turbot,14616,Bmsy,0.272661741,2024,21_01_2025,y,GFCM
Black Sea,TUR,29,1999,1233.9601,4089.544,1953.07,0.60199843,SAM,https://www.fao.org/gfcm/data/star/en/,NA,Fmsy,TUR_29,0.19,3.168412789,NA,NA,1953.07,4089.544,Scophthalmus maximus,Turbot,14616,Bmsy,0.279799124,2024,21_01_2025,y,GFCM
Black Sea,TUR,29,2000,938.3374,4197.345,2781.98,0.82499563,SAM,https://www.fao.org/gfcm/data/star/en/,NA,Fmsy,TUR_29,0.19,4.342082263,NA,NA,2781.98,4197.345,Scophthalmus maximus,Turbot,14616,Bmsy,0.287174672,2024,21_01_2025,y,GFCM
Black Sea,TUR,29,2001,837.7269,3416.073,2564.1,1.12800112,SAM,https://www.fao.org/gfcm/data/star/en/,NA,Fmsy,TUR_29,0.19,5.936848,NA,NA,2564.1,3416.073,Scophthalmus maximus,Turbot,14616,Bmsy,0.23372147,2024,21_01_2025,y,GFCM
Black Sea,TUR,29,2002,939.8405,2837.996,1524.77,0.91195462,SAM,https://www.fao.org/gfcm/data/star/en/,NA,Fmsy,TUR_29,0.19,4.799761158,NA,NA,1524.77,2837.996,Scophthalmus maximus,Turbot,14616,Bmsy,0.194170498,2024,21_01_2025,y,GFCM
Black Sea,TUR,29,2003,1382.9088,2356.853,1132.49,0.78108292,SAM,https://www.fao.org/gfcm/data/star/en/,NA,Fmsy,TUR_29,0.19,4.110962737,NA,NA,1132.49,2356.853,Scophthalmus maximus,Turbot,14616,Bmsy,0.161251574,2024,21_01_2025,y,GFCM
Black Sea,TUR,29,2004,1834.3678,2639.277,1141.36,0.66086504,SAM,https://www.fao.org/gfcm/data/star/en/,NA,Fmsy,TUR_29,0.19,3.478237053,NA,NA,1141.36,2639.277,Scophthalmus maximus,Turbot,14616,Bmsy,0.180574507,2024,21_01_2025,y,GFCM
Black Sea,TUR,29,2005,2020.3436,2902.609,1304.44,0.70784602,SAM,https://www.fao.org/gfcm/data/star/en/,NA,Fmsy,TUR_29,0.19,3.725505368,NA,NA,1304.44,2902.609,Scophthalmus maximus,Turbot,14616,Bmsy,0.198591201,2024,21_01_2025,y,GFCM
Black Sea,TUR,29,2006,1685.172,3630.359,1630.82,0.66938172,SAM,https://www.fao.org/gfcm/data/star/en/,NA,Fmsy,TUR_29,0.19,3.523061684,NA,NA,1630.82,3630.359,Scophthalmus maximus,Turbot,14616,Bmsy,0.248382526,2024,21_01_2025,y,GFCM
Black Sea,TUR,29,2007,1362.9526,4111.257,2090.75,0.66936383,SAM,https://www.fao.org/gfcm/data/star/en/,NA,Fmsy,TUR_29,0.19,3.522967526,NA,NA,2090.75,4111.257,Scophthalmus maximus,Turbot,14616,Bmsy,0.281284688,2024,21_01_2025,y,GFCM
Black Sea,TUR,29,2008,1043.1171,4522.382,2152.9,0.68335925,SAM,https://www.fao.org/gfcm/data/star/en/,NA,Fmsy,TUR_29,0.19,3.596627632,NA,NA,2152.9,4522.382,Scophthalmus maximus,Turbot,14616,Bmsy,0.309413109,2024,21_01_2025,y,GFCM
Black Sea,TUR,29,2009,886.2915,4195.398,2150.63,0.62388918,SAM,https://www.fao.org/gfcm/data/star/en/,NA,Fmsy,TUR_29,0.19,3.283627263,NA,NA,2150.63,4195.398,Scophthalmus maximus,Turbot,14616,Bmsy,0.287041461,2024,21_01_2025,y,GFCM
Black Sea,TUR,29,2010,944.7152,3220.869,1771.08,0.63563172,SAM,https://www.fao.org/gfcm/data/star/en/,NA,Fmsy,TUR_29,0.19,3.345430105,NA,NA,1771.08,3220.869,Scophthalmus maximus,Turbot,14616,Bmsy,0.220365969,2024,21_01_2025,y,GFCM
Black Sea,TUR,29,2011,1113.5702,2783.417,1733.84,0.64646462,SAM,https://www.fao.org/gfcm/data/star/en/,NA,Fmsy,TUR_29,0.19,3.402445368,NA,NA,1733.84,2783.417,Scophthalmus maximus,Turbot,14616,Bmsy,0.190436303,2024,21_01_2025,y,GFCM
Black Sea,TUR,29,2012,1244.8382,2720.249,1696.91,0.83289745,SAM,https://www.fao.org/gfcm/data/star/en/,NA,Fmsy,TUR_29,0.19,4.383670789,NA,NA,1696.91,2720.249,Scophthalmus maximus,Turbot,14616,Bmsy,0.186114464,2024,21_01_2025,y,GFCM
Black Sea,TUR,29,2013,1576.5672,2273.422,1477.92,0.93440959,SAM,https://www.fao.org/gfcm/data/star/en/,NA,Fmsy,TUR_29,0.19,4.917945211,NA,NA,1477.92,2273.422,Scophthalmus maximus,Turbot,14616,Bmsy,0.155543377,2024,21_01_2025,y,GFCM
Black Sea,TUR,29,2014,1270.9317,2583.726,1190.67,0.57152781,SAM,https://www.fao.org/gfcm/data/star/en/,NA,Fmsy,TUR_29,0.19,3.008041105,NA,NA,1190.67,2583.726,Scophthalmus maximus,Turbot,14616,Bmsy,0.17677381,2024,21_01_2025,y,GFCM
Black Sea,TUR,29,2015,1196.0544,2663.839,1068.54,0.53070149,SAM,https://www.fao.org/gfcm/data/star/en/,NA,Fmsy,TUR_29,0.19,2.793165737,NA,NA,1068.54,2663.839,Scophthalmus maximus,Turbot,14616,Bmsy,0.182254995,2024,21_01_2025,y,GFCM
Black Sea,TUR,29,2016,1153.5273,3080.358,1394.36,0.61470045,SAM,https://www.fao.org/gfcm/data/star/en/,NA,Fmsy,TUR_29,0.19,3.235265526,NA,NA,1394.36,3080.358,Scophthalmus maximus,Turbot,14616,Bmsy,0.210752463,2024,21_01_2025,y,GFCM
Black Sea,TUR,29,2017,1140.4736,3291.809,1074.04,0.40089457,SAM,https://www.fao.org/gfcm/data/star/en/,NA,Fmsy,TUR_29,0.19,2.109971421,NA,NA,1074.04,3291.809,Scophthalmus maximus,Turbot,14616,Bmsy,0.225219554,2024,21_01_2025,y,GFCM
Black Sea,TUR,29,2018,1213.9411,3830.524,1330.32,0.37230762,SAM,https://www.fao.org/gfcm/data/star/en/,NA,Fmsy,TUR_29,0.19,1.959513789,NA,NA,1330.32,3830.524,Scophthalmus maximus,Turbot,14616,Bmsy,0.262077449,2024,21_01_2025,y,GFCM
Black Sea,TUR,29,2019,1456.764,5315.483,1652.21,0.3468822,SAM,https://www.fao.org/gfcm/data/star/en/,NA,Fmsy,TUR_29,0.19,1.825695789,NA,NA,1652.21,5315.483,Scophthalmus maximus,Turbot,14616,Bmsy,0.363675629,2024,21_01_2025,y,GFCM
Black Sea,TUR,29,2020,1704.0407,5453.285,1812.43,0.33827336,SAM,https://www.fao.org/gfcm/data/star/en/,NA,Fmsy,TUR_29,0.19,1.780386105,NA,NA,1812.43,5453.285,Scophthalmus maximus,Turbot,14616,Bmsy,0.37310379,2024,21_01_2025,y,GFCM
Black Sea,TUR,29,2021,2338.382,5905.66,1713.37,0.26082615,SAM,https://www.fao.org/gfcm/data/star/en/,NA,Fmsy,TUR_29,0.19,1.372769211,NA,NA,1713.37,5905.66,Scophthalmus maximus,Turbot,14616,Bmsy,0.404054461,2024,21_01_2025,y,GFCM
Black Sea,TUR,29,2022,3196.9182,7697.488,1112.85,0.12623043,SAM,https://www.fao.org/gfcm/data/star/en/,NA,Fmsy,TUR_29,0.19,0.664370684,NA,NA,1112.85,7697.488,Scophthalmus maximus,Turbot,14616,Bmsy,0.526648057,2024,21_01_2025,y,GFCM
Black Sea,TUR,29,2023,3667.7041,9338.474,1214.18,0.12764347,SAM,https://www.fao.org/gfcm/data/star/en/,NA,Fmsy,TUR_29,0.19,0.671807737,NA,NA,1214.18,9338.474,Scophthalmus maximus,Turbot,14616,Bmsy,0.638921319,2024,21_01_2025,y,GFCM
Black Sea,WHG,29,2015,7037939,11591,12641.36,0.87905,XSA,https://www.fao.org/gfcm/data/star/en/,NA,Fmsy,WHG_29,0.31,2.835645161,NA,NA,12641.36,11591,Merlangius merlangus,Whiting,NA,NA,NA,2024,21_01_2025,y,GFCM
Black Sea,WHG,29,2016,4901879,12650,11019.779,1.17068,XSA,https://www.fao.org/gfcm/data/star/en/,NA,Fmsy,WHG_29,0.31,3.776387097,NA,NA,11019.779,12650,Merlangius merlangus,Whiting,NA,NA,NA,2024,21_01_2025,y,GFCM
Black Sea,WHG,29,2017,5166759,10732,7426.87,1.30506,XSA,https://www.fao.org/gfcm/data/star/en/,NA,Fmsy,WHG_29,0.31,4.209870968,NA,NA,7426.87,10732,Merlangius merlangus,Whiting,NA,NA,NA,2024,21_01_2025,y,GFCM
Black Sea,WHG,29,2018,6392170,10451,6000.3,0.67561,XSA,https://www.fao.org/gfcm/data/star/en/,NA,Fmsy,WHG_29,0.31,2.179387097,NA,NA,6000.3,10451,Merlangius merlangus,Whiting,NA,NA,NA,2024,21_01_2025,y,GFCM
Black Sea,WHG,29,2019,7196882,13607,8296.784,1.00212,XSA,https://www.fao.org/gfcm/data/star/en/,NA,Fmsy,WHG_29,0.31,3.232645161,NA,NA,8296.784,13607,Merlangius merlangus,Whiting,NA,NA,NA,2024,21_01_2025,y,GFCM
Black Sea,WHG,29,2020,5552025,15031,8718.98995,0.74458,XSA,https://www.fao.org/gfcm/data/star/en/,NA,Fmsy,WHG_29,0.31,2.401870968,NA,NA,8718.98995,15031,Merlangius merlangus,Whiting,NA,NA,NA,2024,21_01_2025,y,GFCM
Black Sea,WHG,29,2021,4735076,18482,10038.786,0.9256,XSA,https://www.fao.org/gfcm/data/star/en/,NA,Fmsy,WHG_29,0.31,2.985806452,NA,NA,10038.786,18482,Merlangius merlangus,Whiting,NA,NA,NA,2024,21_01_2025,y,GFCM
Black Sea,WHG,29,2022,4865315,15282,7287.56,0.55376,XSA,https://www.fao.org/gfcm/data/star/en/,NA,Fmsy,WHG_29,0.31,1.786322581,NA,NA,7287.56,15282,Merlangius merlangus,Whiting,NA,NA,NA,2024,21_01_2025,y,GFCM
Black Sea,WHG,29,2023,5174221,16059,8581.415,1.05017,XSA,https://www.fao.org/gfcm/data/star/en/,NA,Fmsy,WHG_29,0.31,3.387645161,NA,NA,8581.415,16059,Merlangius merlangus,Whiting,NA,NA,NA,2024,21_01_2025,y,GFCM
Black Sea,DGS,29,1972,NA,NA,2297.401908,0.032,spict,https://www.fao.org/gfcm/data/star/en/,NA,Fmsy,DGS_29,0.056,0.571428571,NA,11628.446,2297.401908,67310.36,Squalus acanthias,Piked dogfish,38761.485,Bmsy,1.736526864,2024,21_01_2025,y,GFCM
Black Sea,DGS,29,1973,NA,NA,1895.467465,0.03,spict,https://www.fao.org/gfcm/data/star/en/,NA,Fmsy,DGS_29,0.056,0.535714286,NA,11628.446,1895.467465,66136.137,Squalus acanthias,Piked dogfish,38761.485,Bmsy,1.706233314,2024,21_01_2025,y,GFCM
Black Sea,DGS,29,1974,NA,NA,2132.336278,0.032,spict,https://www.fao.org/gfcm/data/star/en/,NA,Fmsy,DGS_29,0.056,0.571428571,NA,11628.446,2132.336278,65273.859,Squalus acanthias,Piked dogfish,38761.485,Bmsy,1.683987572,2024,21_01_2025,y,GFCM
Black Sea,DGS,29,1975,NA,NA,2016.852477,0.034,spict,https://www.fao.org/gfcm/data/star/en/,NA,Fmsy,DGS_29,0.056,0.607142857,NA,11628.446,2016.852477,64413.807,Squalus acanthias,Piked dogfish,38761.485,Bmsy,1.661799258,2024,21_01_2025,y,GFCM
Black Sea,DGS,29,1976,NA,NA,2451.635063,0.04,spict,https://www.fao.org/gfcm/data/star/en/,NA,Fmsy,DGS_29,0.056,0.714285714,NA,11628.446,2451.635063,63618.107,Squalus acanthias,Piked dogfish,38761.485,Bmsy,1.641271148,2024,21_01_2025,y,GFCM
Black Sea,DGS,29,1977,NA,NA,2671.236384,0.046,spict,https://www.fao.org/gfcm/data/star/en/,NA,Fmsy,DGS_29,0.056,0.821428571,NA,11628.446,2671.236384,62524.483,Squalus acanthias,Piked dogfish,38761.485,Bmsy,1.613056956,2024,21_01_2025,y,GFCM
Black Sea,DGS,29,1978,NA,NA,3245.3272,0.072,spict,https://www.fao.org/gfcm/data/star/en/,NA,Fmsy,DGS_29,0.056,1.285714286,NA,11628.446,3245.3272,61544.218,Squalus acanthias,Piked dogfish,38761.485,Bmsy,1.58776729,2024,21_01_2025,y,GFCM
Black Sea,DGS,29,1979,NA,NA,8078.236623,0.134,spict,https://www.fao.org/gfcm/data/star/en/,NA,Fmsy,DGS_29,0.056,2.392857143,NA,11628.446,8078.236623,58120.83,Squalus acanthias,Piked dogfish,38761.485,Bmsy,1.49944797,2024,21_01_2025,y,GFCM
Black Sea,DGS,29,1980,NA,NA,6982.459804,0.135,spict,https://www.fao.org/gfcm/data/star/en/,NA,Fmsy,DGS_29,0.056,2.410714286,NA,11628.446,6982.459804,52552.364,Squalus acanthias,Piked dogfish,38761.485,Bmsy,1.355788201,2024,21_01_2025,y,GFCM
Black Sea,DGS,29,1981,NA,NA,7311.67844,0.159,spict,https://www.fao.org/gfcm/data/star/en/,NA,Fmsy,DGS_29,0.056,2.839285714,NA,11628.446,7311.67844,47579.962,Squalus acanthias,Piked dogfish,38761.485,Bmsy,1.22750617,2024,21_01_2025,y,GFCM
Black Sea,DGS,29,1982,NA,NA,8004.998204,0.19,spict,https://www.fao.org/gfcm/data/star/en/,NA,Fmsy,DGS_29,0.056,3.392857143,NA,11628.446,8004.998204,42182.386,Squalus acanthias,Piked dogfish,38761.485,Bmsy,1.088255158,2024,21_01_2025,y,GFCM
Black Sea,DGS,29,1983,NA,NA,7922.201718,0.198,spict,https://www.fao.org/gfcm/data/star/en/,NA,Fmsy,DGS_29,0.056,3.535714286,NA,11628.446,7922.201718,36591.33,Squalus acanthias,Piked dogfish,38761.485,Bmsy,0.944012594,2024,21_01_2025,y,GFCM
Black Sea,DGS,29,1984,NA,NA,6229.447112,0.18,spict,https://www.fao.org/gfcm/data/star/en/,NA,Fmsy,DGS_29,0.056,3.214285714,NA,11628.446,6229.447112,32039.228,Squalus acanthias,Piked dogfish,38761.485,Bmsy,0.826573801,2024,21_01_2025,y,GFCM
Black Sea,DGS,29,1985,NA,NA,5129.498176,0.176,spict,https://www.fao.org/gfcm/data/star/en/,NA,Fmsy,DGS_29,0.056,3.142857143,NA,11628.446,5129.498176,28694.334,Squalus acanthias,Piked dogfish,38761.485,Bmsy,0.740279533,2024,21_01_2025,y,GFCM
Black Sea,DGS,29,1986,NA,NA,4973.619044,0.194,spict,https://www.fao.org/gfcm/data/star/en/,NA,Fmsy,DGS_29,0.056,3.464285714,NA,11628.446,4973.619044,25761.051,Squalus acanthias,Piked dogfish,38761.485,Bmsy,0.664604336,2024,21_01_2025,y,GFCM
Black Sea,DGS,29,1987,NA,NA,5074.578271,0.225,spict,https://www.fao.org/gfcm/data/star/en/,NA,Fmsy,DGS_29,0.056,4.017857143,NA,11628.446,5074.578271,22715.433,Squalus acanthias,Piked dogfish,38761.485,Bmsy,0.586031031,2024,21_01_2025,y,GFCM
Black Sea,DGS,29,1988,NA,NA,5142.809606,0.261,spict,https://www.fao.org/gfcm/data/star/en/,NA,Fmsy,DGS_29,0.056,4.660714286,NA,11628.446,5142.809606,19452.931,Squalus acanthias,Piked dogfish,38761.485,Bmsy,0.501862377,2024,21_01_2025,y,GFCM
Black Sea,DGS,29,1989,NA,NA,4854.786671,0.25,spict,https://www.fao.org/gfcm/data/star/en/,NA,Fmsy,DGS_29,0.056,4.464285714,NA,11628.446,4854.786671,16189.811,Squalus acanthias,Piked dogfish,38761.485,Bmsy,0.41767778,2024,21_01_2025,y,GFCM
Black Sea,DGS,29,1990,NA,NA,3014.975812,0.208,spict,https://www.fao.org/gfcm/data/star/en/,NA,Fmsy,DGS_29,0.056,3.714285714,NA,11628.446,3014.975812,14030.075,Squalus acanthias,Piked dogfish,38761.485,Bmsy,0.361959172,2024,21_01_2025,y,GFCM
Black Sea,DGS,29,1991,NA,NA,2804.833089,0.218,spict,https://www.fao.org/gfcm/data/star/en/,NA,Fmsy,DGS_29,0.056,3.892857143,NA,11628.446,2804.833089,12460.794,Squalus acanthias,Piked dogfish,38761.485,Bmsy,0.321473597,2024,21_01_2025,y,GFCM
Black Sea,DGS,29,1992,NA,NA,2553.855545,0.205,spict,https://www.fao.org/gfcm/data/star/en/,NA,Fmsy,DGS_29,0.056,3.660714286,NA,11628.446,2553.855545,10996.923,Squalus acanthias,Piked dogfish,38761.485,Bmsy,0.283707474,2024,21_01_2025,y,GFCM
Black Sea,DGS,29,1993,NA,NA,1855.380106,0.197,spict,https://www.fao.org/gfcm/data/star/en/,NA,Fmsy,DGS_29,0.056,3.517857143,NA,11628.446,1855.380106,9957.303,Squalus acanthias,Piked dogfish,38761.485,Bmsy,0.25688652,2024,21_01_2025,y,GFCM
Black Sea,DGS,29,1994,NA,NA,2189.054759,0.233,spict,https://www.fao.org/gfcm/data/star/en/,NA,Fmsy,DGS_29,0.056,4.160714286,NA,11628.446,2189.054759,8890.814,Squalus acanthias,Piked dogfish,38761.485,Bmsy,0.229372378,2024,21_01_2025,y,GFCM
Black Sea,DGS,29,1995,NA,NA,1866.729565,0.236,spict,https://www.fao.org/gfcm/data/star/en/,NA,Fmsy,DGS_29,0.056,4.214285714,NA,11628.446,1866.729565,7786.745,Squalus acanthias,Piked dogfish,38761.485,Bmsy,0.200888717,2024,21_01_2025,y,GFCM
Black Sea,DGS,29,1996,NA,NA,1798.78224,0.25,spict,https://www.fao.org/gfcm/data/star/en/,NA,Fmsy,DGS_29,0.056,4.464285714,NA,11628.446,1798.78224,6753.701,Squalus acanthias,Piked dogfish,38761.485,Bmsy,0.174237416,2024,21_01_2025,y,GFCM
Black Sea,DGS,29,1997,NA,NA,1513.079522,0.235,spict,https://www.fao.org/gfcm/data/star/en/,NA,Fmsy,DGS_29,0.056,4.196428571,NA,11628.446,1513.079522,5831.971,Squalus acanthias,Piked dogfish,38761.485,Bmsy,0.150457884,2024,21_01_2025,y,GFCM
Black Sea,DGS,29,1998,NA,NA,1183.905012,0.251,spict,https://www.fao.org/gfcm/data/star/en/,NA,Fmsy,DGS_29,0.056,4.482142857,NA,11628.446,1183.905012,5136.603,Squalus acanthias,Piked dogfish,38761.485,Bmsy,0.13251822,2024,21_01_2025,y,GFCM
Black Sea,DGS,29,1999,NA,NA,1518.009061,0.376,spict,https://www.fao.org/gfcm/data/star/en/,NA,Fmsy,DGS_29,0.056,6.714285714,NA,11628.446,1518.009061,4292.476,Squalus acanthias,Piked dogfish,38761.485,Bmsy,0.110740752,2024,21_01_2025,y,GFCM
Black Sea,DGS,29,2000,NA,NA,1706.730658,0.431,spict,https://www.fao.org/gfcm/data/star/en/,NA,Fmsy,DGS_29,0.056,7.696428571,NA,11628.446,1706.730658,3134.598,Squalus acanthias,Piked dogfish,38761.485,Bmsy,0.080868883,2024,21_01_2025,y,GFCM
Black Sea,DGS,29,2001,NA,NA,907.1830038,0.328,spict,https://www.fao.org/gfcm/data/star/en/,NA,Fmsy,DGS_29,0.056,5.857142857,NA,11628.446,907.1830038,2352.19,Squalus acanthias,Piked dogfish,38761.485,Bmsy,0.060683692,2024,21_01_2025,y,GFCM
Black Sea,DGS,29,2002,NA,NA,609.8458802,0.288,spict,https://www.fao.org/gfcm/data/star/en/,NA,Fmsy,DGS_29,0.056,5.142857143,NA,11628.446,609.8458802,1915.652,Squalus acanthias,Piked dogfish,38761.485,Bmsy,0.049421533,2024,21_01_2025,y,GFCM
Black Sea,DGS,29,2003,NA,NA,473.9672282,0.272,spict,https://www.fao.org/gfcm/data/star/en/,NA,Fmsy,DGS_29,0.056,4.857142857,NA,11628.446,473.9672282,1611.711,Squalus acanthias,Piked dogfish,38761.485,Bmsy,0.041580218,2024,21_01_2025,y,GFCM
Black Sea,DGS,29,2004,NA,NA,388.6800224,0.246,spict,https://www.fao.org/gfcm/data/star/en/,NA,Fmsy,DGS_29,0.056,4.392857143,NA,11628.446,388.6800224,1374.98,Squalus acanthias,Piked dogfish,38761.485,Bmsy,0.035472841,2024,21_01_2025,y,GFCM
Black Sea,DGS,29,2005,NA,NA,273.8280327,0.22,spict,https://www.fao.org/gfcm/data/star/en/,NA,Fmsy,DGS_29,0.056,3.928571429,NA,11628.446,273.8280327,1215.831,Squalus acanthias,Piked dogfish,38761.485,Bmsy,0.031366987,2024,21_01_2025,y,GFCM
Black Sea,DGS,29,2006,NA,NA,260.3000089,0.219,spict,https://www.fao.org/gfcm/data/star/en/,NA,Fmsy,DGS_29,0.056,3.910714286,NA,11628.446,260.3000089,1086.555,Squalus acanthias,Piked dogfish,38761.485,Bmsy,0.028031821,2024,21_01_2025,y,GFCM
Black Sea,DGS,29,2007,NA,NA,205.4203892,0.198,spict,https://www.fao.org/gfcm/data/star/en/,NA,Fmsy,DGS_29,0.056,3.535714286,NA,11628.446,205.4203892,982.184,Squalus acanthias,Piked dogfish,38761.485,Bmsy,0.025339174,2024,21_01_2025,y,GFCM
Black Sea,DGS,29,2008,NA,NA,179.416639,0.191,spict,https://www.fao.org/gfcm/data/star/en/,NA,Fmsy,DGS_29,0.056,3.410714286,NA,11628.446,179.416639,901.946,Squalus acanthias,Piked dogfish,38761.485,Bmsy,0.023269129,2024,21_01_2025,y,GFCM
Black Sea,DGS,29,2009,NA,NA,158.2094896,0.154,spict,https://www.fao.org/gfcm/data/star/en/,NA,Fmsy,DGS_29,0.056,2.75,NA,11628.446,158.2094896,831.35,Squalus acanthias,Piked dogfish,38761.485,Bmsy,0.021447837,2024,21_01_2025,y,GFCM
Black Sea,DGS,29,2010,NA,NA,93.35370528,0.112,spict,https://www.fao.org/gfcm/data/star/en/,NA,Fmsy,DGS_29,0.056,2,NA,11628.446,93.35370528,809.224,Squalus acanthias,Piked dogfish,38761.485,Bmsy,0.020877012,2024,21_01_2025,y,GFCM
Black Sea,DGS,29,2011,NA,NA,87.74604076,0.104,spict,https://www.fao.org/gfcm/data/star/en/,NA,Fmsy,DGS_29,0.056,1.857142857,NA,11628.446,87.74604076,806.025,Squalus acanthias,Piked dogfish,38761.485,Bmsy,0.020794482,2024,21_01_2025,y,GFCM
Black Sea,DGS,29,2012,NA,NA,73.95389619,0.098,spict,https://www.fao.org/gfcm/data/star/en/,NA,Fmsy,DGS_29,0.056,1.75,NA,11628.446,73.95389619,810.353,Squalus acanthias,Piked dogfish,38761.485,Bmsy,0.020906139,2024,21_01_2025,y,GFCM
Black Sea,DGS,29,2013,NA,NA,75.87307008,0.103,spict,https://www.fao.org/gfcm/data/star/en/,NA,Fmsy,DGS_29,0.056,1.839285714,NA,11628.446,75.87307008,816.115,Squalus acanthias,Piked dogfish,38761.485,Bmsy,0.021054792,2024,21_01_2025,y,GFCM
Black Sea,DGS,29,2014,NA,NA,82.88415847,0.12,spict,https://www.fao.org/gfcm/data/star/en/,NA,Fmsy,DGS_29,0.056,2.142857143,NA,11628.446,82.88415847,807.322,Squalus acanthias,Piked dogfish,38761.485,Bmsy,0.020827943,2024,21_01_2025,y,GFCM
Black Sea,DGS,29,2015,NA,NA,124.9573682,0.139,spict,https://www.fao.org/gfcm/data/star/en/,NA,Fmsy,DGS_29,0.056,2.482142857,NA,11628.446,124.9573682,789.103,Squalus acanthias,Piked dogfish,38761.485,Bmsy,0.020357915,2024,21_01_2025,y,GFCM
Black Sea,DGS,29,2016,NA,NA,119.5551538,0.124,spict,https://www.fao.org/gfcm/data/star/en/,NA,Fmsy,DGS_29,0.056,2.214285714,NA,11628.446,119.5551538,775.971,Squalus acanthias,Piked dogfish,38761.485,Bmsy,0.020019125,2024,21_01_2025,Y,GFCM
Black Sea,DGS,29,2017,NA,NA,87.9077572,0.096,spict,https://www.fao.org/gfcm/data/star/en/,NA,Fmsy,DGS_29,0.056,1.714285714,NA,11628.446,87.9077572,786.597,Squalus acanthias,Piked dogfish,38761.485,Bmsy,0.020293263,2024,21_01_2025,Y,GFCM
Black Sea,DGS,29,2018,NA,NA,62.01457388,0.079,spict,https://www.fao.org/gfcm/data/star/en/,NA,Fmsy,DGS_29,0.056,1.410714286,NA,11628.446,62.01457388,823.725,Squalus acanthias,Piked dogfish,38761.485,Bmsy,0.021251121,2024,21_01_2025,Y,GFCM
Black Sea,DGS,29,2019,NA,NA,65.36586766,0.071,spict,https://www.fao.org/gfcm/data/star/en/,NA,Fmsy,DGS_29,0.056,1.267857143,NA,11628.446,65.36586766,852.651,Squalus acanthias,Piked dogfish,38761.485,Bmsy,0.021997377,2024,21_01_2025,Y,GFCM
Black Sea,DGS,29,2020,NA,NA,66.32452708,0.051,spict,https://www.fao.org/gfcm/data/star/en/,NA,Fmsy,DGS_29,0.056,0.910714286,NA,11628.446,66.32452708,890.217,Squalus acanthias,Piked dogfish,38761.485,Bmsy,0.022966535,2024,21_01_2025,Y,GFCM
Black Sea,DGS,29,2021,NA,NA,29.91854957,0.032,spict,https://www.fao.org/gfcm/data/star/en/,NA,Fmsy,DGS_29,0.056,0.571428571,NA,11628.446,29.91854957,950.11,Squalus acanthias,Piked dogfish,38761.485,Bmsy,0.024511703,2024,21_01_2025,Y,GFCM
Black Sea,DGS,29,2022,NA,NA,25.21003781,0.025,spict,https://www.fao.org/gfcm/data/star/en/,NA,Fmsy,DGS_29,0.056,0.446428571,NA,11628.446,25.21003781,1036.079,Squalus acanthias,Piked dogfish,38761.485,Bmsy,0.0267296,2024,21_01_2025,Y,GFCM
Black Sea,DGS,29,2023,NA,NA,22.57228635,0.022,spict,https://www.fao.org/gfcm/data/star/en/,NA,Fmsy,DGS_29,0.056,0.392857143,NA,11628.446,22.57228635,1141.236,Squalus acanthias,Piked dogfish,38761.485,Bmsy,0.029442525,2024,21_01_2025,Y,GFCM
Black Sea,RPW,29,1985,NA,NA,1796.597,1.449,spict,https://www.fao.org/gfcm/data/star/en/,NA,Fmsy,RPW_29,NA,0.103,NA,NA,1796.597,134598.63,Rapana venosa,Papa whelk,NA,Bmsy,NA,2024,21_01_2025,Y,GFCM
Black Sea,RPW,29,1986,NA,NA,3534.347,1.591,spict,https://www.fao.org/gfcm/data/star/en/,NA,Fmsy,RPW_29,NA,0.186,NA,NA,3534.347,147848.8,Rapana venosa,Papa whelk,NA,Bmsy,NA,2024,21_01_2025,Y,GFCM
Black Sea,RPW,29,1987,NA,NA,5361.366,1.674,spict,https://www.fao.org/gfcm/data/star/en/,NA,Fmsy,RPW_29,NA,0.26,NA,NA,5361.366,155497.16,Rapana venosa,Papa whelk,NA,Bmsy,NA,2024,21_01_2025,Y,GFCM
Black Sea,RPW,29,1988,NA,NA,8852.571,1.735,spict,https://www.fao.org/gfcm/data/star/en/,NA,Fmsy,RPW_29,NA,0.403,NA,NA,8852.571,161190.24,Rapana venosa,Papa whelk,NA,Bmsy,NA,2024,21_01_2025,Y,GFCM
Black Sea,RPW,29,1989,NA,NA,9942.375,1.698,spict,https://www.fao.org/gfcm/data/star/en/,NA,Fmsy,RPW_29,NA,0.358,NA,NA,9942.375,157743.33,Rapana venosa,Papa whelk,NA,Bmsy,NA,2024,21_01_2025,Y,GFCM
Black Sea,RPW,29,1990,NA,NA,6098.345,1.639,spict,https://www.fao.org/gfcm/data/star/en/,NA,Fmsy,RPW_29,NA,0.203,NA,NA,6098.345,152265.01,Rapana venosa,Papa whelk,NA,Bmsy,NA,2024,21_01_2025,Y,GFCM
Black Sea,RPW,29,1991,NA,NA,3755.301,1.637,spict,https://www.fao.org/gfcm/data/star/en/,NA,Fmsy,RPW_29,NA,0.146,NA,NA,3755.301,152109.85,Rapana venosa,Papa whelk,NA,Bmsy,NA,2024,21_01_2025,Y,GFCM
Black Sea,RPW,29,1992,NA,NA,3483.326,1.669,spict,https://www.fao.org/gfcm/data/star/en/,NA,Fmsy,RPW_29,NA,0.142,NA,NA,3483.326,155104.49,Rapana venosa,Papa whelk,NA,Bmsy,NA,2024,21_01_2025,Y,GFCM
Black Sea,RPW,29,1993,NA,NA,3704.368,1.718,spict,https://www.fao.org/gfcm/data/star/en/,NA,Fmsy,RPW_29,NA,0.17,NA,NA,3704.368,159608.05,Rapana venosa,Papa whelk,NA,Bmsy,NA,2024,21_01_2025,Y,GFCM
Black Sea,RPW,29,1994,NA,NA,5702.611,1.759,spict,https://www.fao.org/gfcm/data/star/en/,NA,Fmsy,RPW_29,NA,0.233,NA,NA,5702.611,163468.8,Rapana venosa,Papa whelk,NA,Bmsy,NA,2024,21_01_2025,Y,GFCM
Black Sea,RPW,29,1995,NA,NA,5366.198,1.742,spict,https://www.fao.org/gfcm/data/star/en/,NA,Fmsy,RPW_29,NA,0.219,NA,NA,5366.198,161896.32,Rapana venosa,Papa whelk,NA,Bmsy,NA,2024,21_01_2025,Y,GFCM
Black Sea,RPW,29,1996,NA,NA,6767.426,1.76,spict,https://www.fao.org/gfcm/data/star/en/,NA,Fmsy,RPW_29,NA,0.285,NA,NA,6767.426,163532.05,Rapana venosa,Papa whelk,NA,Bmsy,NA,2024,21_01_2025,Y,GFCM
Black Sea,RPW,29,1997,NA,NA,7656.345,1.744,spict,https://www.fao.org/gfcm/data/star/en/,NA,Fmsy,RPW_29,NA,0.318,NA,NA,7656.345,162062.28,Rapana venosa,Papa whelk,NA,Bmsy,NA,2024,21_01_2025,Y,GFCM
Black Sea,RPW,29,1998,NA,NA,8635.722,1.718,spict,https://www.fao.org/gfcm/data/star/en/,NA,Fmsy,RPW_29,NA,0.348,NA,NA,8635.722,159649.25,Rapana venosa,Papa whelk,NA,Bmsy,NA,2024,21_01_2025,Y,GFCM
Black Sea,RPW,29,1999,NA,NA,8008.286,1.672,spict,https://www.fao.org/gfcm/data/star/en/,NA,Fmsy,RPW_29,NA,0.315,NA,NA,8008.286,155374.24,Rapana venosa,Papa whelk,NA,Bmsy,NA,2024,21_01_2025,Y,GFCM
Black Sea,RPW,29,2000,NA,NA,7038.574,1.635,spict,https://www.fao.org/gfcm/data/star/en/,NA,Fmsy,RPW_29,NA,0.281,NA,NA,7038.574,151929.31,Rapana venosa,Papa whelk,NA,Bmsy,NA,2024,21_01_2025,Y,GFCM
Black Sea,RPW,29,2001,NA,NA,6859.228,1.763,spict,https://www.fao.org/gfcm/data/star/en/,NA,Fmsy,RPW_29,NA,0.296,NA,NA,6859.228,163806.37,Rapana venosa,Papa whelk,NA,Bmsy,NA,2024,21_01_2025,Y,GFCM
Black Sea,RPW,29,2002,NA,NA,8460.848,1.784,spict,https://www.fao.org/gfcm/data/star/en/,NA,Fmsy,RPW_29,NA,0.297,NA,NA,8460.848,165794.91,Rapana venosa,Papa whelk,NA,Bmsy,NA,2024,21_01_2025,Y,GFCM
Black Sea,RPW,29,2003,NA,NA,6971.016,1.805,spict,https://www.fao.org/gfcm/data/star/en/,NA,Fmsy,RPW_29,NA,0.322,NA,NA,6971.016,167731.47,Rapana venosa,Papa whelk,NA,Bmsy,NA,2024,21_01_2025,Y,GFCM
Black Sea,RPW,29,2004,NA,NA,16344.013,1.81,spict,https://www.fao.org/gfcm/data/star/en/,NA,Fmsy,RPW_29,NA,0.684,NA,NA,16344.013,168177.92,Rapana venosa,Papa whelk,NA,Bmsy,NA,2024,21_01_2025,Y,GFCM
Black Sea,RPW,29,2005,NA,NA,13137.703,1.728,spict,https://www.fao.org/gfcm/data/star/en/,NA,Fmsy,RPW_29,NA,0.489,NA,NA,13137.703,160571.19,Rapana venosa,Papa whelk,NA,Bmsy,NA,2024,21_01_2025,Y,GFCM
Black Sea,RPW,29,2006,NA,NA,14146.944,1.844,spict,https://www.fao.org/gfcm/data/star/en/,NA,Fmsy,RPW_29,NA,0.583,NA,NA,14146.944,171325.43,Rapana venosa,Papa whelk,NA,Bmsy,NA,2024,21_01_2025,Y,GFCM
Black Sea,RPW,29,2007,NA,NA,17497.448,1.956,spict,https://www.fao.org/gfcm/data/star/en/,NA,Fmsy,RPW_29,NA,0.626,NA,NA,17497.448,181769.46,Rapana venosa,Papa whelk,NA,Bmsy,NA,2024,21_01_2025,Y,GFCM
Black Sea,RPW,29,2008,NA,NA,14134.583,1.938,spict,https://www.fao.org/gfcm/data/star/en/,NA,Fmsy,RPW_29,NA,0.384,NA,NA,14134.583,180068.02,Rapana venosa,Papa whelk,NA,Bmsy,NA,2024,21_01_2025,Y,GFCM
Black Sea,RPW,29,2009,NA,NA,8049.414,1.878,spict,https://www.fao.org/gfcm/data/star/en/,NA,Fmsy,RPW_29,NA,0.315,NA,NA,8049.414,174453.55,Rapana venosa,Papa whelk,NA,Bmsy,NA,2024,21_01_2025,Y,GFCM
Black Sea,RPW,29,2010,NA,NA,12613.833,1.71,spict,https://www.fao.org/gfcm/data/star/en/,NA,Fmsy,RPW_29,NA,0.51,NA,NA,12613.833,158899.68,Rapana venosa,Papa whelk,NA,Bmsy,NA,2024,21_01_2025,Y,GFCM
Black Sea,RPW,29,2011,NA,NA,10038.733,1.489,spict,https://www.fao.org/gfcm/data/star/en/,NA,Fmsy,RPW_29,NA,0.475,NA,NA,10038.733,138360,Rapana venosa,Papa whelk,NA,Bmsy,NA,2024,21_01_2025,Y,GFCM
Black Sea,RPW,29,2012,NA,NA,13743.582,1.357,spict,https://www.fao.org/gfcm/data/star/en/,NA,Fmsy,RPW_29,NA,0.775,NA,NA,13743.582,126076.23,Rapana venosa,Papa whelk,NA,Bmsy,NA,2024,21_01_2025,Y,GFCM
Black Sea,RPW,29,2013,NA,NA,15097.779,1.243,spict,https://www.fao.org/gfcm/data/star/en/,NA,Fmsy,RPW_29,NA,0.804,NA,NA,15097.779,115499.01,Rapana venosa,Papa whelk,NA,Bmsy,NA,2024,21_01_2025,Y,GFCM
Black Sea,RPW,29,2014,NA,NA,13736.834,1.192,spict,https://www.fao.org/gfcm/data/star/en/,NA,Fmsy,RPW_29,NA,0.836,NA,NA,13736.834,110723.23,Rapana venosa,Papa whelk,NA,Bmsy,NA,2024,21_01_2025,Y,GFCM
Black Sea,RPW,29,2015,NA,NA,18228.881,1.176,spict,https://www.fao.org/gfcm/data/star/en/,NA,Fmsy,RPW_29,NA,1.181,NA,NA,18228.881,109280.11,Rapana venosa,Papa whelk,NA,Bmsy,NA,2024,21_01_2025,Y,GFCM
Black Sea,RPW,29,2016,NA,NA,20938.708,1.003,spict,https://www.fao.org/gfcm/data/star/en/,NA,Fmsy,RPW_29,NA,1.457,NA,NA,20938.708,93194.49,Rapana venosa,Papa whelk,NA,Bmsy,NA,2024,21_01_2025,Y,GFCM
Black Sea,RPW,29,2017,NA,NA,22897.586,0.924,spict,https://www.fao.org/gfcm/data/star/en/,NA,Fmsy,RPW_29,NA,1.789,NA,NA,22897.586,85866.49,Rapana venosa,Papa whelk,NA,Bmsy,NA,2024,21_01_2025,Y,GFCM
Black Sea,RPW,29,2018,NA,NA,25817.867,0.844,spict,https://www.fao.org/gfcm/data/star/en/,NA,Fmsy,RPW_29,NA,2.311,NA,NA,25817.867,78455.56,Rapana venosa,Papa whelk,NA,Bmsy,NA,2024,21_01_2025,Y,GFCM
Black Sea,RPW,29,2019,NA,NA,32350.23,0.745,spict,https://www.fao.org/gfcm/data/star/en/,NA,Fmsy,RPW_29,NA,2.801,NA,NA,32350.23,69197.28,Rapana venosa,Papa whelk,NA,Bmsy,NA,2024,21_01_2025,Y,GFCM
Black Sea,RPW,29,2020,NA,NA,21027.643,0.62,spict,https://www.fao.org/gfcm/data/star/en/,NA,Fmsy,RPW_29,NA,2.022,NA,NA,21027.643,57580.14,Rapana venosa,Papa whelk,NA,Bmsy,NA,2024,21_01_2025,Y,GFCM
Black Sea,RPW,29,2021,NA,NA,16505.178,0.532,spict,https://www.fao.org/gfcm/data/star/en/,NA,Fmsy,RPW_29,NA,1.897,NA,NA,16505.178,49430.41,Rapana venosa,Papa whelk,NA,Bmsy,NA,2024,21_01_2025,Y,GFCM
Black Sea,RPW,29,2022,NA,NA,12065.384,0.475,spict,https://www.fao.org/gfcm/data/star/en/,NA,Fmsy,RPW_29,NA,1.751,NA,NA,12065.384,44123.6,Rapana venosa,Papa whelk,NA,Bmsy,NA,2024,21_01_2025,Y,GFCM
Black Sea,RPW,29,2023,NA,NA,14153.929,0.436,spict,https://www.fao.org/gfcm/data/star/en/,NA,Fmsy,RPW_29,NA,2.3,NA,NA,14153.929,40534.19,Rapana venosa,Papa whelk,NA,Bmsy,NA,2024,21_01_2025,Y,GFCM
Central Med.,MUT,15,2009,4023,67.6,8.94,0.25,XSA,https://www.fao.org/gfcm/data/star/en/,NA,Fmsy,MUT_15,0.295,0.847457627,NA,NA,8.94,NA,Mullus barbatus,Red mullet,NA,NA,NA,2022,20_01_2025,N,GFCM
Central Med.,MUT,15,2010,5577,79.5,12.29,0.27,XSA,https://www.fao.org/gfcm/data/star/en/,NA,Fmsy,MUT_15,0.295,0.915254237,NA,NA,12.29,NA,Mullus barbatus,Red mullet,NA,NA,NA,2022,20_01_2025,N,GFCM
Central Med.,MUT,15,2011,6609,114.9,14.5,0.23,XSA,https://www.fao.org/gfcm/data/star/en/,NA,Fmsy,MUT_15,0.295,0.779661017,NA,NA,14.5,NA,Mullus barbatus,Red mullet,NA,NA,NA,2022,20_01_2025,N,GFCM
Central Med.,MUT,15,2012,2951,145.1,23.92,0.29,XSA,https://www.fao.org/gfcm/data/star/en/,NA,Fmsy,MUT_15,0.295,0.983050847,NA,NA,23.92,NA,Mullus barbatus,Red mullet,NA,NA,NA,2022,20_01_2025,N,GFCM
Central Med.,MUT,15,2013,2949,123.8,42.38,0.52,XSA,https://www.fao.org/gfcm/data/star/en/,NA,Fmsy,MUT_15,0.295,1.762711864,NA,NA,42.38,NA,Mullus barbatus,Red mullet,NA,NA,NA,2022,20_01_2025,N,GFCM
Central Med.,MUT,15,2014,2366,81,12.3,0.18,XSA,https://www.fao.org/gfcm/data/star/en/,NA,Fmsy,MUT_15,0.295,0.610169492,NA,NA,12.3,NA,Mullus barbatus,Red mullet,NA,NA,NA,2022,20_01_2025,N,GFCM
Central Med.,MUT,15,2015,1880,77.3,21.25,0.34,XSA,https://www.fao.org/gfcm/data/star/en/,NA,Fmsy,MUT_15,0.295,1.152542373,NA,NA,21.25,NA,Mullus barbatus,Red mullet,NA,NA,NA,2022,20_01_2025,N,GFCM
Central Med.,MUT,15,2016,1166,62.7,11.64,0.22,XSA,https://www.fao.org/gfcm/data/star/en/,NA,Fmsy,MUT_15,0.295,0.745762712,NA,NA,11.64,NA,Mullus barbatus,Red mullet,NA,NA,NA,2022,20_01_2025,N,GFCM
Central Med.,MUT,15,2017,734,43.9,9.59,0.23,XSA,https://www.fao.org/gfcm/data/star/en/,NA,Fmsy,MUT_15,0.295,0.779661017,NA,NA,9.59,NA,Mullus barbatus,Red mullet,NA,NA,NA,2022,20_01_2025,N,GFCM
Central Med.,MUT,15,2018,447,39.3,11.68,0.35,XSA,https://www.fao.org/gfcm/data/star/en/,NA,Fmsy,MUT_15,0.295,1.186440678,NA,NA,11.68,NA,Mullus barbatus,Red mullet,NA,NA,NA,2022,20_01_2025,N,GFCM
Central Med.,MUT,15,2019,339,19.6,11.2,0.94,XSA,https://www.fao.org/gfcm/data/star/en/,NA,Fmsy,MUT_15,0.295,3.186440678,NA,NA,11.2,NA,Mullus barbatus,Red mullet,NA,NA,NA,2022,20_01_2025,N,GFCM
Central Med.,MUT,15,2020,909,7.8,4.74,0.89,XSA,https://www.fao.org/gfcm/data/star/en/,NA,Fmsy,MUT_15,0.295,3.016949153,NA,NA,4.74,NA,Mullus barbatus,Red mullet,NA,NA,NA,2022,20_01_2025,N,GFCM
Central Med.,MUT,15,2021,1085,13,5.08,0.47,XSA,https://www.fao.org/gfcm/data/star/en/,NA,Fmsy,MUT_15,0.295,1.593220339,NA,NA,5.08,NA,Mullus barbatus,Red mullet,NA,NA,NA,2022,20_01_2025,N,GFCM
Central Med.,ANE,16,2005,973071,3885.57754,3013.01173,0.9381825,a4a,https://gfcm.sharepoint.com/EG/_layouts/15/download.aspx?share=EfYn4-pSxHBJgrWYqtRet6wBojs3cnZn-2N6DwKT9_NBqg,NA,Fmsy,ANE_16,0.45441,2.064616756,NA,NA,NA,15341.7419,Engraulis encrasicolus,European anchovy,NA,NA,NA,2022,23_06_2023,N,GFCM
Central Med.,ANE,16,2006,1128163,3554.276562,3951.67035,1.097089,a4a,https://gfcm.sharepoint.com/EG/_layouts/15/download.aspx?share=EfYn4-pSxHBJgrWYqtRet6wBojs3cnZn-2N6DwKT9_NBqg,NA,Fmsy,ANE_16,0.45441,2.414315266,NA,NA,NA,16333.87102,Engraulis encrasicolus,European anchovy,NA,NA,NA,2022,23_06_2023,N,GFCM
Central Med.,ANE,16,2007,1252819,3965.460745,2917.97897,1.0085505,a4a,https://gfcm.sharepoint.com/EG/_layouts/15/download.aspx?share=EfYn4-pSxHBJgrWYqtRet6wBojs3cnZn-2N6DwKT9_NBqg,NA,Fmsy,ANE_16,0.45441,2.219472503,NA,NA,NA,17695.13936,Engraulis encrasicolus,European anchovy,NA,NA,NA,2022,23_06_2023,N,GFCM
Central Med.,ANE,16,2008,1183598,4689.307952,3672.33099,0.8818805,a4a,https://gfcm.sharepoint.com/EG/_layouts/15/download.aspx?share=EfYn4-pSxHBJgrWYqtRet6wBojs3cnZn-2N6DwKT9_NBqg,NA,Fmsy,ANE_16,0.45441,1.940715433,NA,NA,NA,18278.46457,Engraulis encrasicolus,European anchovy,NA,NA,NA,2022,23_06_2023,N,GFCM
Central Med.,ANE,16,2009,1078068,4452.500825,5486.18855,1.040976,a4a,https://gfcm.sharepoint.com/EG/_layouts/15/download.aspx?share=EfYn4-pSxHBJgrWYqtRet6wBojs3cnZn-2N6DwKT9_NBqg,NA,Fmsy,ANE_16,0.45441,2.290829867,NA,NA,NA,17768.77289,Engraulis encrasicolus,European anchovy,NA,NA,NA,2022,23_06_2023,N,GFCM
Central Med.,ANE,16,2010,686024,3311.821032,4201.74694,1.5331045,a4a,https://gfcm.sharepoint.com/EG/_layouts/15/download.aspx?share=EfYn4-pSxHBJgrWYqtRet6wBojs3cnZn-2N6DwKT9_NBqg,NA,Fmsy,ANE_16,0.45441,3.373835303,NA,NA,NA,13874.69303,Engraulis encrasicolus,European anchovy,NA,NA,NA,2022,23_06_2023,N,GFCM
Central Med.,ANE,16,2011,498679,1895.823472,4018.21863,1.81545,a4a,https://gfcm.sharepoint.com/EG/_layouts/15/download.aspx?share=EfYn4-pSxHBJgrWYqtRet6wBojs3cnZn-2N6DwKT9_NBqg,NA,Fmsy,ANE_16,0.45441,3.995180564,NA,NA,NA,9312.739167,Engraulis encrasicolus,European anchovy,NA,NA,NA,2022,23_06_2023,N,GFCM
Central Med.,ANE,16,2012,565589,1464.756947,2624.93744,1.474922,a4a,https://gfcm.sharepoint.com/EG/_layouts/15/download.aspx?share=EfYn4-pSxHBJgrWYqtRet6wBojs3cnZn-2N6DwKT9_NBqg,NA,Fmsy,ANE_16,0.45441,3.245795647,NA,NA,NA,7882.824714,Engraulis encrasicolus,European anchovy,NA,NA,NA,2022,23_06_2023,N,GFCM
Central Med.,ANE,16,2013,467131,1791.504795,1163.62481,1.1420975,a4a,https://gfcm.sharepoint.com/EG/_layouts/15/download.aspx?share=EfYn4-pSxHBJgrWYqtRet6wBojs3cnZn-2N6DwKT9_NBqg,NA,Fmsy,ANE_16,0.45441,2.513363482,NA,NA,NA,7380.442767,Engraulis encrasicolus,European anchovy,NA,NA,NA,2022,23_06_2023,N,GFCM
Central Med.,ANE,16,2014,582088,1660.671101,2100.26063,1.1243205,a4a,https://gfcm.sharepoint.com/EG/_layouts/15/download.aspx?share=EfYn4-pSxHBJgrWYqtRet6wBojs3cnZn-2N6DwKT9_NBqg,NA,Fmsy,ANE_16,0.45441,2.474242424,NA,NA,NA,8065.367615,Engraulis encrasicolus,European anchovy,NA,NA,NA,2022,23_06_2023,N,GFCM
Central Med.,ANE,16,2015,770946,1856.51625,1831.57492,1.214302,a4a,https://gfcm.sharepoint.com/EG/_layouts/15/download.aspx?share=EfYn4-pSxHBJgrWYqtRet6wBojs3cnZn-2N6DwKT9_NBqg,NA,Fmsy,ANE_16,0.45441,2.672260734,NA,NA,NA,9937.370148,Engraulis encrasicolus,European anchovy,NA,NA,NA,2022,23_06_2023,N,GFCM
Central Med.,ANE,16,2016,776111,2455.305277,2257.53455,1.133944,a4a,https://gfcm.sharepoint.com/EG/_layouts/15/download.aspx?share=EfYn4-pSxHBJgrWYqtRet6wBojs3cnZn-2N6DwKT9_NBqg,NA,Fmsy,ANE_16,0.45441,2.495420435,NA,NA,NA,11111.86231,Engraulis encrasicolus,European anchovy,NA,NA,NA,2022,23_06_2023,N,GFCM
Central Med.,ANE,16,2017,878563,2729.26459,2737.91629,1.033379,a4a,https://gfcm.sharepoint.com/EG/_layouts/15/download.aspx?share=EfYn4-pSxHBJgrWYqtRet6wBojs3cnZn-2N6DwKT9_NBqg,NA,Fmsy,ANE_16,0.45441,2.274111485,NA,NA,NA,12375.7673,Engraulis encrasicolus,European anchovy,NA,NA,NA,2022,23_06_2023,N,GFCM
Central Med.,ANE,16,2018,943905,2933.239609,3039.82713,1.163703,a4a,https://gfcm.sharepoint.com/EG/_layouts/15/download.aspx?share=EfYn4-pSxHBJgrWYqtRet6wBojs3cnZn-2N6DwKT9_NBqg,NA,Fmsy,ANE_16,0.45441,2.560909751,NA,NA,NA,13606.98282,Engraulis encrasicolus,European anchovy,NA,NA,NA,2022,23_06_2023,N,GFCM
Central Med.,ANE,16,2019,769171,2926.645091,3563.040775,1.339996,a4a,https://gfcm.sharepoint.com/EG/_layouts/15/download.aspx?share=EfYn4-pSxHBJgrWYqtRet6wBojs3cnZn-2N6DwKT9_NBqg,NA,Fmsy,ANE_16,0.45441,2.948869963,NA,NA,NA,12717.44258,Engraulis encrasicolus,European anchovy,NA,NA,NA,2022,23_06_2023,N,GFCM
Central Med.,ANE,16,2020,778550,2829.761538,2498.41279,0.9785395,a4a,https://gfcm.sharepoint.com/EG/_layouts/15/download.aspx?share=EfYn4-pSxHBJgrWYqtRet6wBojs3cnZn-2N6DwKT9_NBqg,NA,Fmsy,ANE_16,0.45441,2.153428622,NA,NA,NA,11763.1999,Engraulis encrasicolus,European anchovy,NA,NA,NA,2022,23_06_2023,N,GFCM
Central Med.,ANE,16,2021,691493,3633.768839,1499.7618,0.4256845,a4a,https://gfcm.sharepoint.com/EG/_layouts/15/download.aspx?share=EfYn4-pSxHBJgrWYqtRet6wBojs3cnZn-2N6DwKT9_NBqg,NA,Fmsy,ANE_16,0.45441,0.936785062,NA,NA,NA,11287.91118,Engraulis encrasicolus,European anchovy,NA,NA,NA,2022,23_06_2023,N,GFCM
Central Med.,ANE,17_18,2000,115304135.1,31325.6319,37800,0.932686717,FLSAM,https://www.fao.org/gfcm/data/star/en/,NA,Fmsy,ANE_17_18,0.81,1.151465083,NA,16200,37800,636890.6798,Engraulis encrasicolus,European anchovy,NA,NA,NA,2024,3_12_2024,Y,GFCM
Central Med.,ANE,17_18,2001,113710307.7,36395.60948,33893,0.899233791,FLSAM,https://www.fao.org/gfcm/data/star/en/,NA,Fmsy,ANE_17_18,0.81,1.110165174,NA,16200,33893,919720.5328,Engraulis encrasicolus,European anchovy,NA,NA,NA,2024,3_12_2024,Y,GFCM
Central Med.,ANE,17_18,2002,116715403.5,39470.0268,34675,0.898413579,FLSAM,https://www.fao.org/gfcm/data/star/en/,NA,Fmsy,ANE_17_18,0.81,1.109152567,NA,16200,34675,1012664.206,Engraulis encrasicolus,European anchovy,NA,NA,NA,2024,3_12_2024,Y,GFCM
Central Med.,ANE,17_18,2003,122329180.7,35942.04467,44886,0.949167011,FLSAM,https://www.fao.org/gfcm/data/star/en/,NA,Fmsy,ANE_17_18,0.81,1.171811125,NA,16200,44886,910145.7553,Engraulis encrasicolus,European anchovy,NA,NA,NA,2024,3_12_2024,Y,GFCM
Central Med.,ANE,17_18,2004,129557938.1,35601.23803,53423,1.008511013,FLSAM,https://www.fao.org/gfcm/data/star/en/,NA,Fmsy,ANE_17_18,0.81,1.245075325,NA,16200,53423,941070.8158,Engraulis encrasicolus,European anchovy,NA,NA,NA,2024,3_12_2024,Y,GFCM
Central Med.,ANE,17_18,2005,139291451.6,41907.37099,57127,1.01050267,FLSAM,https://www.fao.org/gfcm/data/star/en/,NA,Fmsy,ANE_17_18,0.81,1.24753416,NA,16200,57127,1082102.157,Engraulis encrasicolus,European anchovy,NA,NA,NA,2024,3_12_2024,Y,GFCM
Central Med.,ANE,17_18,2006,141783503.4,50076.10594,71455,0.996331102,FLSAM,https://www.fao.org/gfcm/data/star/en/,NA,Fmsy,ANE_17_18,0.81,1.230038398,NA,16200,71455,1148396.062,Engraulis encrasicolus,European anchovy,NA,NA,NA,2024,3_12_2024,Y,GFCM
Central Med.,ANE,17_18,2007,142283279.7,43199.39712,64689,1.02474402,FLSAM,https://www.fao.org/gfcm/data/star/en/,NA,Fmsy,ANE_17_18,0.81,1.265116074,NA,16200,64689,1034930.261,Engraulis encrasicolus,European anchovy,NA,NA,NA,2024,3_12_2024,Y,GFCM
Central Med.,ANE,17_18,2008,134433872.1,41860.34059,48864,1.017112174,FLSAM,https://www.fao.org/gfcm/data/star/en/,NA,Fmsy,ANE_17_18,0.81,1.255694042,NA,16200,48864,1087063.11,Engraulis encrasicolus,European anchovy,NA,NA,NA,2024,3_12_2024,Y,GFCM
Central Med.,ANE,17_18,2009,125398822.5,38326.8236,51961,1.030005483,FLSAM,https://www.fao.org/gfcm/data/star/en/,NA,Fmsy,ANE_17_18,0.81,1.271611707,NA,16200,51961,1039636.557,Engraulis encrasicolus,European anchovy,NA,NA,NA,2024,3_12_2024,Y,GFCM
Central Med.,ANE,17_18,2010,112424659.7,38261.39122,53024,1.043849143,FLSAM,https://www.fao.org/gfcm/data/star/en/,NA,Fmsy,ANE_17_18,0.81,1.288702646,NA,16200,53024,1058469.37,Engraulis encrasicolus,European anchovy,NA,NA,NA,2024,3_12_2024,Y,GFCM
Central Med.,ANE,17_18,2011,106013146.7,32982.5209,44993,1.073385151,FLSAM,https://www.fao.org/gfcm/data/star/en/,NA,Fmsy,ANE_17_18,0.81,1.325166853,NA,16200,44993,1018118.074,Engraulis encrasicolus,European anchovy,NA,NA,NA,2024,3_12_2024,Y,GFCM
Central Med.,ANE,17_18,2012,103268160.6,28535.00691,36929,1.084256749,FLSAM,https://www.fao.org/gfcm/data/star/en/,NA,Fmsy,ANE_17_18,0.81,1.338588579,NA,16200,36929,908564.7999,Engraulis encrasicolus,European anchovy,NA,NA,NA,2024,3_12_2024,Y,GFCM
Central Med.,ANE,17_18,2013,97439505.68,27759.47359,33785,1.080039124,FLSAM,https://www.fao.org/gfcm/data/star/en/,NA,Fmsy,ANE_17_18,0.81,1.333381635,NA,16200,33785,800246.9235,Engraulis encrasicolus,European anchovy,NA,NA,NA,2024,3_12_2024,Y,GFCM
Central Med.,ANE,17_18,2014,91479160.21,25519.12331,37127,1.076585496,FLSAM,https://www.fao.org/gfcm/data/star/en/,NA,Fmsy,ANE_17_18,0.81,1.329117896,NA,16200,37127,782111.2196,Engraulis encrasicolus,European anchovy,NA,NA,NA,2024,3_12_2024,Y,GFCM
Central Med.,ANE,17_18,2015,88561512.84,24594.55121,39778,1.065337947,FLSAM,https://www.fao.org/gfcm/data/star/en/,NA,Fmsy,ANE_17_18,0.81,1.315232033,NA,16200,39778,733382.9865,Engraulis encrasicolus,European anchovy,NA,NA,NA,2024,3_12_2024,Y,GFCM
Central Med.,ANE,17_18,2016,93576482.28,21474.87796,34256,1.043803995,FLSAM,https://www.fao.org/gfcm/data/star/en/,NA,Fmsy,ANE_17_18,0.81,1.288646907,NA,16200,34256,660121.5061,Engraulis encrasicolus,European anchovy,NA,NA,NA,2024,3_12_2024,Y,GFCM
Central Med.,ANE,17_18,2017,91360480.72,25810.78531,35273,0.964861689,FLSAM,https://www.fao.org/gfcm/data/star/en/,NA,Fmsy,ANE_17_18,0.81,1.19118727,NA,16200,35273,723206.3864,Engraulis encrasicolus,European anchovy,NA,NA,NA,2024,3_12_2024,Y,GFCM
Central Med.,ANE,17_18,2018,83265147.91,29207.63842,36208,0.894891653,FLSAM,https://www.fao.org/gfcm/data/star/en/,NA,Fmsy,ANE_17_18,0.81,1.10480451,NA,16200,36208,678459.9104,Engraulis encrasicolus,European anchovy,NA,NA,NA,2024,3_12_2024,Y,GFCM
Central Med.,ANE,17_18,2019,80050224.72,28803.41267,27871,0.866601368,FLSAM,https://www.fao.org/gfcm/data/star/en/,NA,Fmsy,ANE_17_18,0.81,1.069878232,NA,16200,27871,602833.0451,Engraulis encrasicolus,European anchovy,NA,NA,NA,2024,3_12_2024,Y,GFCM
Central Med.,ANE,17_18,2020,80958498.72,28578.50202,23797,0.850879817,FLSAM,https://www.fao.org/gfcm/data/star/en/,NA,Fmsy,ANE_17_18,0.81,1.05046891,NA,16200,23797,698345.5478,Engraulis encrasicolus,European anchovy,NA,NA,NA,2024,3_12_2024,Y,GFCM
Central Med.,ANE,17_18,2021,75632255.3,25043.94242,28306,0.854506567,FLSAM,https://www.fao.org/gfcm/data/star/en/,NA,Fmsy,ANE_17_18,0.81,1.054946379,NA,16200,28306,620963.6026,Engraulis encrasicolus,European anchovy,NA,NA,NA,2024,3_12_2024,Y,GFCM
Central Med.,ANE,17_18,2022,74046044.72,23964.02604,28665,0.873232699,FLSAM,https://www.fao.org/gfcm/data/star/en/,NA,Fmsy,ANE_17_18,0.81,1.07806506,NA,16200,28665,655273.7353,Engraulis encrasicolus,European anchovy,NA,NA,NA,2024,3_12_2024,Y,GFCM
Central Med.,ANE,17_18,2023,70522370.36,28753.11285,26769,0.834386769,FLSAM,https://www.fao.org/gfcm/data/star/en/,NA,Fmsy,ANE_17_18,0.81,1.030107122,NA,16200,26769,637128.9567,Engraulis encrasicolus,European anchovy,NA,NA,NA,2024,3_12_2024,Y,GFCM
Central Med.,ARA,18_19_20,2008,41907,380.61,206.48,0.26874,a4a,https://www.fao.org/gfcm/data/star/en/,NA,Fmsy,ARA_18_19_20,0.206,1.304563107,NA,NA,206.48,380.61,Aristeus antennatus,Blue and red shrimp,NA,NA,NA,2023,3_12_2025,N,GFCM
Central Med.,ARA,18_19_20,2009,47718,431.18,239.15,0.36883,a4a,https://www.fao.org/gfcm/data/star/en/,NA,Fmsy,ARA_18_19_20,0.206,1.790436893,NA,NA,239.15,431.18,Aristeus antennatus,Blue and red shrimp,NA,NA,NA,2023,3_12_2026,N,GFCM
Central Med.,ARA,18_19_20,2010,54043,414.41,228.12,0.44637,a4a,https://www.fao.org/gfcm/data/star/en/,NA,Fmsy,ARA_18_19_20,0.206,2.16684466,NA,NA,228.12,414.41,Aristeus antennatus,Blue and red shrimp,NA,NA,NA,2023,3_12_2027,N,GFCM
Central Med.,ARA,18_19_20,2011,49172,393.47,184.82,0.48929,a4a,https://www.fao.org/gfcm/data/star/en/,NA,Fmsy,ARA_18_19_20,0.206,2.375194175,NA,NA,184.82,393.47,Aristeus antennatus,Blue and red shrimp,NA,NA,NA,2023,3_12_2028,N,GFCM
Central Med.,ARA,18_19_20,2012,39648,333.73,267.71,0.55026,a4a,https://www.fao.org/gfcm/data/star/en/,NA,Fmsy,ARA_18_19_20,0.206,2.671165049,NA,NA,267.71,333.73,Aristeus antennatus,Blue and red shrimp,NA,NA,NA,2023,3_12_2029,N,GFCM
Central Med.,ARA,18_19_20,2013,31255,264.87,247.01,0.64352,a4a,https://www.fao.org/gfcm/data/star/en/,NA,Fmsy,ARA_18_19_20,0.206,3.123883495,NA,NA,247.01,264.87,Aristeus antennatus,Blue and red shrimp,NA,NA,NA,2023,3_12_2030,N,GFCM
Central Med.,ARA,18_19_20,2014,29637,204.43,302.16,0.6711,a4a,https://www.fao.org/gfcm/data/star/en/,NA,Fmsy,ARA_18_19_20,0.206,3.25776699,NA,NA,302.16,204.43,Aristeus antennatus,Blue and red shrimp,NA,NA,NA,2023,3_12_2031,N,GFCM
Central Med.,ARA,18_19_20,2015,32032,191.94,89.44,0.55462,a4a,https://www.fao.org/gfcm/data/star/en/,NA,Fmsy,ARA_18_19_20,0.206,2.692330097,NA,NA,89.44,191.94,Aristeus antennatus,Blue and red shrimp,NA,NA,NA,2023,3_12_2032,N,GFCM
Central Med.,ARA,18_19_20,2016,48887,246.44,119.78,0.41109,a4a,https://www.fao.org/gfcm/data/star/en/,NA,Fmsy,ARA_18_19_20,0.206,1.995582524,NA,NA,119.78,246.44,Aristeus antennatus,Blue and red shrimp,NA,NA,NA,2023,3_12_2033,N,GFCM
Central Med.,ARA,18_19_20,2017,62858,351.72,63.94,0.36345,a4a,https://www.fao.org/gfcm/data/star/en/,NA,Fmsy,ARA_18_19_20,0.206,1.764320388,NA,NA,63.94,351.72,Aristeus antennatus,Blue and red shrimp,NA,NA,NA,2023,3_12_2034,N,GFCM
Central Med.,ARA,18_19_20,2018,64925,429.51,403.53,0.44314,a4a,https://www.fao.org/gfcm/data/star/en/,NA,Fmsy,ARA_18_19_20,0.206,2.151165049,NA,NA,403.53,429.51,Aristeus antennatus,Blue and red shrimp,NA,NA,NA,2023,3_12_2035,N,GFCM
Central Med.,ARA,18_19_20,2019,52632,408.63,457.88,0.63798,a4a,https://www.fao.org/gfcm/data/star/en/,NA,Fmsy,ARA_18_19_20,0.206,3.096990291,NA,NA,457.88,408.63,Aristeus antennatus,Blue and red shrimp,NA,NA,NA,2023,3_12_2036,N,GFCM
Central Med.,ARA,18_19_20,2020,38973,292.26,240.77,0.83102,a4a,https://www.fao.org/gfcm/data/star/en/,NA,Fmsy,ARA_18_19_20,0.206,4.03407767,NA,NA,240.77,292.26,Aristeus antennatus,Blue and red shrimp,NA,NA,NA,2023,3_12_2037,N,GFCM
Central Med.,ARA,18_19_20,2021,38383,197.4,300.52,0.91436,a4a,https://www.fao.org/gfcm/data/star/en/,NA,Fmsy,ARA_18_19_20,0.206,4.438640777,NA,NA,300.52,197.4,Aristeus antennatus,Blue and red shrimp,NA,NA,NA,2023,3_12_2038,N,GFCM
Central Med.,ARA,18_19_20,2022,44039,167.39,219.18,1.08783,a4a,https://www.fao.org/gfcm/data/star/en/,NA,Fmsy,ARA_18_19_20,0.206,5.280728155,NA,NA,219.18,167.39,Aristeus antennatus,Blue and red shrimp,NA,NA,NA,2023,3_12_2039,N,GFCM
Central Med.,CTC,17,1974,NA,NA,6433.18,0.123,JABBA,https://www.fao.org/gfcm/data/star/en/,NA,Fmsy,CTC_17,0.302,0.407284768,NA,7744,6433.18,45621.058,Sepia officinalis,Common cuttlefish,25813,Bmsy,1.767367528,2023,29_07_2024,Y,GFCM
Central Med.,CTC,17,1975,NA,NA,7562.258,0.161,JABBA,https://www.fao.org/gfcm/data/star/en/,NA,Fmsy,CTC_17,0.302,0.533112583,NA,7744,7562.258,40996.249,Sepia officinalis,Common cuttlefish,25813,Bmsy,1.588201643,2023,29_07_2024,Y,GFCM
Central Med.,CTC,17,1976,NA,NA,6550.115,0.151,JABBA,https://www.fao.org/gfcm/data/star/en/,NA,Fmsy,CTC_17,0.302,0.5,NA,7744,6550.115,37957.015,Sepia officinalis,Common cuttlefish,25813,Bmsy,1.470461202,2023,29_07_2024,Y,GFCM
Central Med.,CTC,17,1977,NA,NA,6089.062,0.144,JABBA,https://www.fao.org/gfcm/data/star/en/,NA,Fmsy,CTC_17,0.302,0.476821192,NA,7744,6089.062,37158.24,Sepia officinalis,Common cuttlefish,25813,Bmsy,1.439516523,2023,29_07_2024,Y,GFCM
Central Med.,CTC,17,1978,NA,NA,4319.511,0.101,JABBA,https://www.fao.org/gfcm/data/star/en/,NA,Fmsy,CTC_17,0.302,0.334437086,NA,7744,4319.511,37268.949,Sepia officinalis,Common cuttlefish,25813,Bmsy,1.443805408,2023,29_07_2024,Y,GFCM
Central Med.,CTC,17,1979,NA,NA,5241.372,0.117,JABBA,https://www.fao.org/gfcm/data/star/en/,NA,Fmsy,CTC_17,0.302,0.387417219,NA,7744,5241.372,39160.774,Sepia officinalis,Common cuttlefish,25813,Bmsy,1.51709503,2023,29_07_2024,Y,GFCM
Central Med.,CTC,17,1980,NA,NA,10608.53,0.235,JABBA,https://www.fao.org/gfcm/data/star/en/,NA,Fmsy,CTC_17,0.302,0.778145695,NA,7744,10608.53,39827.363,Sepia officinalis,Common cuttlefish,25813,Bmsy,1.542918801,2023,29_07_2024,Y,GFCM
Central Med.,CTC,17,1981,NA,NA,7531.485,0.191,JABBA,https://www.fao.org/gfcm/data/star/en/,NA,Fmsy,CTC_17,0.302,0.632450331,NA,7744,7531.485,34745.642,Sepia officinalis,Common cuttlefish,25813,Bmsy,1.346052067,2023,29_07_2024,Y,GFCM
Central Med.,CTC,17,1982,NA,NA,10549.189,0.272,JABBA,https://www.fao.org/gfcm/data/star/en/,NA,Fmsy,CTC_17,0.302,0.900662252,NA,7744,10549.189,34346.594,Sepia officinalis,Common cuttlefish,25813,Bmsy,1.33059288,2023,29_07_2024,Y,GFCM
Central Med.,CTC,17,1983,NA,NA,11910.852,0.342,JABBA,https://www.fao.org/gfcm/data/star/en/,NA,Fmsy,CTC_17,0.302,1.132450331,NA,7744,11910.852,30876.309,Sepia officinalis,Common cuttlefish,25813,Bmsy,1.19615345,2023,29_07_2024,Y,GFCM
Central Med.,CTC,17,1984,NA,NA,8296.752,0.279,JABBA,https://www.fao.org/gfcm/data/star/en/,NA,Fmsy,CTC_17,0.302,0.92384106,NA,7744,8296.752,26280.838,Sepia officinalis,Common cuttlefish,25813,Bmsy,1.018124124,2023,29_07_2024,Y,GFCM
Central Med.,CTC,17,1985,NA,NA,10305.703,0.357,JABBA,https://www.fao.org/gfcm/data/star/en/,NA,Fmsy,CTC_17,0.302,1.182119205,NA,7744,10305.703,25560.157,Sepia officinalis,Common cuttlefish,25813,Bmsy,0.990204819,2023,29_07_2024,Y,GFCM
Central Med.,CTC,17,1986,NA,NA,9237.064,0.36,JABBA,https://www.fao.org/gfcm/data/star/en/,NA,Fmsy,CTC_17,0.302,1.19205298,NA,7744,9237.064,22583.234,Sepia officinalis,Common cuttlefish,25813,Bmsy,0.874878317,2023,29_07_2024,Y,GFCM
Central Med.,CTC,17,1987,NA,NA,7423.999,0.319,JABBA,https://www.fao.org/gfcm/data/star/en/,NA,Fmsy,CTC_17,0.302,1.056291391,NA,7744,7423.999,20484.535,Sepia officinalis,Common cuttlefish,25813,Bmsy,0.793574362,2023,29_07_2024,Y,GFCM
Central Med.,CTC,17,1988,NA,NA,7731.246,0.337,JABBA,https://www.fao.org/gfcm/data/star/en/,NA,Fmsy,CTC_17,0.302,1.11589404,NA,7744,7731.246,20063.898,Sepia officinalis,Common cuttlefish,25813,Bmsy,0.777278813,2023,29_07_2024,Y,GFCM
Central Med.,CTC,17,1989,NA,NA,5658.353,0.259,JABBA,https://www.fao.org/gfcm/data/star/en/,NA,Fmsy,CTC_17,0.302,0.857615894,NA,7744,5658.353,19115.794,Sepia officinalis,Common cuttlefish,25813,Bmsy,0.740549103,2023,29_07_2024,Y,GFCM
Central Med.,CTC,17,1990,NA,NA,5949.408,0.258,JABBA,https://www.fao.org/gfcm/data/star/en/,NA,Fmsy,CTC_17,0.302,0.854304636,NA,7744,5949.408,20111.687,Sepia officinalis,Common cuttlefish,25813,Bmsy,0.779130167,2023,29_07_2024,Y,GFCM
Central Med.,CTC,17,1991,NA,NA,8155.062,0.342,JABBA,https://www.fao.org/gfcm/data/star/en/,NA,Fmsy,CTC_17,0.302,1.132450331,NA,7744,8155.062,20747.167,Sepia officinalis,Common cuttlefish,25813,Bmsy,0.80374877,2023,29_07_2024,Y,GFCM
Central Med.,CTC,17,1992,NA,NA,5514.622,0.25,JABBA,https://www.fao.org/gfcm/data/star/en/,NA,Fmsy,CTC_17,0.302,0.82781457,NA,7744,5514.622,19195.449,Sepia officinalis,Common cuttlefish,25813,Bmsy,0.743634951,2023,29_07_2024,Y,GFCM
Central Med.,CTC,17,1993,NA,NA,5660.789,0.245,JABBA,https://www.fao.org/gfcm/data/star/en/,NA,Fmsy,CTC_17,0.302,0.811258278,NA,7744,5660.789,20090.762,Sepia officinalis,Common cuttlefish,25813,Bmsy,0.778319529,2023,29_07_2024,Y,GFCM
Central Med.,CTC,17,1994,NA,NA,12166.689,0.503,JABBA,https://www.fao.org/gfcm/data/star/en/,NA,Fmsy,CTC_17,0.302,1.665562914,NA,7744,12166.689,20845.75,Sepia officinalis,Common cuttlefish,25813,Bmsy,0.807567892,2023,29_07_2024,Y,GFCM
Central Med.,CTC,17,1995,NA,NA,7282.035,0.422,JABBA,https://www.fao.org/gfcm/data/star/en/,NA,Fmsy,CTC_17,0.302,1.397350993,NA,7744,7282.035,14984.075,Sepia officinalis,Common cuttlefish,25813,Bmsy,0.580485608,2023,29_07_2024,Y,GFCM
Central Med.,CTC,17,1996,NA,NA,4711.19,0.308,JABBA,https://www.fao.org/gfcm/data/star/en/,NA,Fmsy,CTC_17,0.302,1.01986755,NA,7744,4711.19,13321.037,Sepia officinalis,Common cuttlefish,25813,Bmsy,0.516059234,2023,29_07_2024,Y,GFCM
Central Med.,CTC,17,1997,NA,NA,5427.757,0.34,JABBA,https://www.fao.org/gfcm/data/star/en/,NA,Fmsy,CTC_17,0.302,1.125827815,NA,7744,5427.757,13897.087,Sepia officinalis,Common cuttlefish,25813,Bmsy,0.538375508,2023,29_07_2024,Y,GFCM
Central Med.,CTC,17,1998,NA,NA,4533.633,0.285,JABBA,https://www.fao.org/gfcm/data/star/en/,NA,Fmsy,CTC_17,0.302,0.943708609,NA,7744,4533.633,13841.926,Sepia officinalis,Common cuttlefish,25813,Bmsy,0.536238562,2023,29_07_2024,Y,GFCM
Central Med.,CTC,17,1999,NA,NA,4140.353,0.244,JABBA,https://www.fao.org/gfcm/data/star/en/,NA,Fmsy,CTC_17,0.302,0.80794702,NA,7744,4140.353,14713.584,Sepia officinalis,Common cuttlefish,25813,Bmsy,0.570006741,2023,29_07_2024,Y,GFCM
Central Med.,CTC,17,2000,NA,NA,7537.01,0.405,JABBA,https://www.fao.org/gfcm/data/star/en/,NA,Fmsy,CTC_17,0.302,1.341059603,NA,7744,7537.01,16071.751,Sepia officinalis,Common cuttlefish,25813,Bmsy,0.622622361,2023,29_07_2024,Y,GFCM
Central Med.,CTC,17,2001,NA,NA,8878.387,0.532,JABBA,https://www.fao.org/gfcm/data/star/en/,NA,Fmsy,CTC_17,0.302,1.761589404,NA,7744,8878.387,14406.235,Sepia officinalis,Common cuttlefish,25813,Bmsy,0.558099988,2023,29_07_2024,Y,GFCM
Central Med.,CTC,17,2002,NA,NA,3796.567,0.299,JABBA,https://www.fao.org/gfcm/data/star/en/,NA,Fmsy,CTC_17,0.302,0.990066225,NA,7744,3796.567,11022.208,Sepia officinalis,Common cuttlefish,25813,Bmsy,0.427002208,2023,29_07_2024,Y,GFCM
Central Med.,CTC,17,2003,NA,NA,4889.661,0.358,JABBA,https://www.fao.org/gfcm/data/star/en/,NA,Fmsy,CTC_17,0.302,1.185430464,NA,7744,4889.661,11886.424,Sepia officinalis,Common cuttlefish,25813,Bmsy,0.460482083,2023,29_07_2024,Y,GFCM
Central Med.,CTC,17,2004,NA,NA,5140.506,0.374,JABBA,https://www.fao.org/gfcm/data/star/en/,NA,Fmsy,CTC_17,0.302,1.238410596,NA,7744,5140.506,11947.865,Sepia officinalis,Common cuttlefish,25813,Bmsy,0.462862317,2023,29_07_2024,Y,GFCM
Central Med.,CTC,17,2005,NA,NA,4648.463,0.355,JABBA,https://www.fao.org/gfcm/data/star/en/,NA,Fmsy,CTC_17,0.302,1.175496689,NA,7744,4648.463,11707.169,Sepia officinalis,Common cuttlefish,25813,Bmsy,0.453537714,2023,29_07_2024,Y,GFCM
Central Med.,CTC,17,2006,NA,NA,5175.143,0.355,JABBA,https://www.fao.org/gfcm/data/star/en/,NA,Fmsy,CTC_17,0.302,1.175496689,NA,7744,5175.143,12947.678,Sepia officinalis,Common cuttlefish,25813,Bmsy,0.501595243,2023,29_07_2024,Y,GFCM
Central Med.,CTC,17,2007,NA,NA,9131.082,0.582,JABBA,https://www.fao.org/gfcm/data/star/en/,NA,Fmsy,CTC_17,0.302,1.927152318,NA,7744,9131.082,13914.393,Sepia officinalis,Common cuttlefish,25813,Bmsy,0.539045946,2023,29_07_2024,Y,GFCM
Central Med.,CTC,17,2008,NA,NA,7084.916,0.597,JABBA,https://www.fao.org/gfcm/data/star/en/,NA,Fmsy,CTC_17,0.302,1.976821192,NA,7744,7084.916,10602.25,Sepia officinalis,Common cuttlefish,25813,Bmsy,0.410732964,2023,29_07_2024,Y,GFCM
Central Med.,CTC,17,2009,NA,NA,6455.126,0.672,JABBA,https://www.fao.org/gfcm/data/star/en/,NA,Fmsy,CTC_17,0.302,2.225165563,NA,7744,6455.126,8584.692,Sepia officinalis,Common cuttlefish,25813,Bmsy,0.332572425,2023,29_07_2024,Y,GFCM
Central Med.,CTC,17,2010,NA,NA,3816.953,0.551,JABBA,https://www.fao.org/gfcm/data/star/en/,NA,Fmsy,CTC_17,0.302,1.824503311,NA,7744,3816.953,6294.814,Sepia officinalis,Common cuttlefish,25813,Bmsy,0.243862162,2023,29_07_2024,Y,GFCM
Central Med.,CTC,17,2011,NA,NA,2729.49,0.402,JABBA,https://www.fao.org/gfcm/data/star/en/,NA,Fmsy,CTC_17,0.302,1.331125828,NA,7744,2729.49,6067.502,Sepia officinalis,Common cuttlefish,25813,Bmsy,0.235056057,2023,29_07_2024,Y,GFCM
Central Med.,CTC,17,2012,NA,NA,3122.887,0.402,JABBA,https://www.fao.org/gfcm/data/star/en/,NA,Fmsy,CTC_17,0.302,1.331125828,NA,7744,3122.887,6851.41,Sepia officinalis,Common cuttlefish,25813,Bmsy,0.265424786,2023,29_07_2024,Y,GFCM
Central Med.,CTC,17,2013,NA,NA,3628.852,0.445,JABBA,https://www.fao.org/gfcm/data/star/en/,NA,Fmsy,CTC_17,0.302,1.473509934,NA,7744,3628.852,7249.061,Sepia officinalis,Common cuttlefish,25813,Bmsy,0.280829853,2023,29_07_2024,Y,GFCM
Central Med.,CTC,17,2014,NA,NA,3917.609,0.461,JABBA,https://www.fao.org/gfcm/data/star/en/,NA,Fmsy,CTC_17,0.302,1.526490066,NA,7744,3917.609,7375.092,Sepia officinalis,Common cuttlefish,25813,Bmsy,0.285712315,2023,29_07_2024,Y,GFCM
Central Med.,CTC,17,2015,NA,NA,3989.402,0.503,JABBA,https://www.fao.org/gfcm/data/star/en/,NA,Fmsy,CTC_17,0.302,1.665562914,NA,7744,3989.402,6936.49,Sepia officinalis,Common cuttlefish,25813,Bmsy,0.2687208,2023,29_07_2024,Y,GFCM
Central Med.,CTC,17,2016,NA,NA,3575.916,0.487,JABBA,https://www.fao.org/gfcm/data/star/en/,NA,Fmsy,CTC_17,0.302,1.612582781,NA,7744,3575.916,6352.319,Sepia officinalis,Common cuttlefish,25813,Bmsy,0.246089916,2023,29_07_2024,Y,GFCM
Central Med.,CTC,17,2017,NA,NA,2926.809,0.44,JABBA,https://www.fao.org/gfcm/data/star/en/,NA,Fmsy,CTC_17,0.302,1.456953642,NA,7744,2926.809,5820.075,Sepia officinalis,Common cuttlefish,25813,Bmsy,0.225470693,2023,29_07_2024,Y,GFCM
Central Med.,CTC,17,2018,NA,NA,2770.87,0.411,JABBA,https://www.fao.org/gfcm/data/star/en/,NA,Fmsy,CTC_17,0.302,1.360927152,NA,7744,2770.87,5850.292,Sepia officinalis,Common cuttlefish,25813,Bmsy,0.226641305,2023,29_07_2024,Y,GFCM
Central Med.,CTC,17,2019,NA,NA,2815.284,0.413,JABBA,https://www.fao.org/gfcm/data/star/en/,NA,Fmsy,CTC_17,0.302,1.367549669,NA,7744,2815.284,5865.967,Sepia officinalis,Common cuttlefish,25813,Bmsy,0.227248557,2023,29_07_2024,Y,GFCM
Central Med.,CTC,17,2020,NA,NA,1807.535,0.273,JABBA,https://www.fao.org/gfcm/data/star/en/,NA,Fmsy,CTC_17,0.302,0.90397351,NA,7744,1807.535,5724.037,Sepia officinalis,Common cuttlefish,25813,Bmsy,0.221750165,2023,29_07_2024,Y,GFCM
Central Med.,CTC,17,2021,NA,NA,2539.411,0.341,JABBA,https://www.fao.org/gfcm/data/star/en/,NA,Fmsy,CTC_17,0.302,1.129139073,NA,7744,2539.411,6523.772,Sepia officinalis,Common cuttlefish,25813,Bmsy,0.252732034,2023,29_07_2024,Y,GFCM
Central Med.,CTC,17,2022,NA,NA,1849.58,0.219,JABBA,https://www.fao.org/gfcm/data/star/en/,NA,Fmsy,CTC_17,0.302,0.725165563,NA,7744,1849.58,7375.914,Sepia officinalis,Common cuttlefish,25813,Bmsy,0.28574416,2023,29_07_2024,Y,GFCM
Central Med.,SOL,17,1959,138962.2128,7473.594643,1626.160216,0.14799445,SS3,https://www.fao.org/gfcm/data/star/en/,NA,Fb40,SOL_17,0.209,0.708107416,NA,1943,1626.160216,7473.594643,Solea solea,Common sole,3887,B40,1.92271537,2023,3_12_2024,Y,GFCM
Central Med.,SOL,17,1960,138636.3928,7314.526854,1786.381087,0.167418627,SS3,https://www.fao.org/gfcm/data/star/en/,NA,Fb40,SOL_17,0.209,0.801046062,NA,1943,1786.381087,7314.526854,Solea solea,Common sole,3887,B40,1.881792347,2023,3_12_2024,Y,GFCM
Central Med.,SOL,17,1961,138082.4353,7044.277201,2243.132147,0.22032795,SS3,https://www.fao.org/gfcm/data/star/en/,NA,Fb40,SOL_17,0.209,1.054200718,NA,1943,2243.132147,7044.277201,Solea solea,Common sole,3887,B40,1.812265809,2023,3_12_2024,Y,GFCM
Central Med.,SOL,17,1962,136933.1235,6525.364172,2559.651417,0.269179331,SS3,https://www.fao.org/gfcm/data/star/en/,NA,Fb40,SOL_17,0.209,1.287939383,NA,1943,2559.651417,6525.364172,Solea solea,Common sole,3887,B40,1.678766188,2023,3_12_2024,Y,GFCM
Central Med.,SOL,17,1963,135272.6192,5871.471963,2078.707975,0.227600828,SS3,https://www.fao.org/gfcm/data/star/en/,NA,Fb40,SOL_17,0.209,1.088999177,NA,1943,2078.707975,5871.471963,Solea solea,Common sole,3887,B40,1.510540767,2023,3_12_2024,Y,GFCM
Central Med.,SOL,17,1964,134371.2905,5563.59501,1275.990567,0.135520146,SS3,https://www.fao.org/gfcm/data/star/en/,NA,Fb40,SOL_17,0.209,0.648421751,NA,1943,1275.990567,5563.59501,Solea solea,Common sole,3887,B40,1.431333936,2023,3_12_2024,Y,GFCM
Central Med.,SOL,17,1965,135033.6069,5805.597055,1284.67229,0.129260396,SS3,https://www.fao.org/gfcm/data/star/en/,NA,Fb40,SOL_17,0.209,0.618470794,NA,1943,1284.67229,5805.597055,Solea solea,Common sole,3887,B40,1.493593274,2023,3_12_2024,Y,GFCM
Central Med.,SOL,17,1966,135790.8012,6111.294117,1440.325696,0.141159654,SS3,https://www.fao.org/gfcm/data/star/en/,NA,Fb40,SOL_17,0.209,0.675405043,NA,1943,1440.325696,6111.294117,Solea solea,Common sole,3887,B40,1.572239289,2023,3_12_2024,Y,GFCM
Central Med.,SOL,17,1967,136205.1989,6307.774908,1597.180045,0.155979516,SS3,https://www.fao.org/gfcm/data/star/en/,NA,Fb40,SOL_17,0.209,0.746313474,NA,1943,1597.180045,6307.774908,Solea solea,Common sole,3887,B40,1.622787473,2023,3_12_2024,Y,GFCM
Central Med.,SOL,17,1968,136306.3834,6367.048428,1725.56565,0.170126326,SS3,https://www.fao.org/gfcm/data/star/en/,NA,Fb40,SOL_17,0.209,0.81400156,NA,1943,1725.56565,6367.048428,Solea solea,Common sole,3887,B40,1.638036642,2023,3_12_2024,Y,GFCM
Central Med.,SOL,17,1969,136154.8251,6318.268024,1306.380591,0.127786766,SS3,https://www.fao.org/gfcm/data/star/en/,NA,Fb40,SOL_17,0.209,0.611419933,NA,1943,1306.380591,6318.268024,Solea solea,Common sole,3887,B40,1.625487014,2023,3_12_2024,Y,GFCM
Central Med.,SOL,17,1970,136544.6367,6498.180572,1242.856184,0.118467056,SS3,https://www.fao.org/gfcm/data/star/en/,NA,Fb40,SOL_17,0.209,0.566828019,NA,1943,1242.856184,6498.180572,Solea solea,Common sole,3887,B40,1.671772722,2023,3_12_2024,Y,GFCM
Central Med.,SOL,17,1971,137033.7604,6728.893449,1047.762301,0.097088831,SS3,https://www.fao.org/gfcm/data/star/en/,NA,Fb40,SOL_17,0.209,0.464539861,NA,1943,1047.762301,6728.893449,Solea solea,Common sole,3887,B40,1.73112772,2023,3_12_2024,Y,GFCM
Central Med.,SOL,17,1972,137679.3757,7051.793019,954.075045,0.085783545,SS3,https://www.fao.org/gfcm/data/star/en/,NA,Fb40,SOL_17,0.209,0.410447584,NA,1943,954.075045,7051.793019,Solea solea,Common sole,3887,B40,1.814199387,2023,3_12_2024,Y,GFCM
Central Med.,SOL,17,1973,138387.0081,7406.640587,1127.881869,0.099748971,SS3,https://www.fao.org/gfcm/data/star/en/,NA,Fb40,SOL_17,0.209,0.477267804,NA,1943,1127.881869,7406.640587,Solea solea,Common sole,3887,B40,1.905490246,2023,3_12_2024,Y,GFCM
Central Med.,SOL,17,1974,138734.2599,7609.088514,1301.482068,0.115372549,SS3,https://www.fao.org/gfcm/data/star/en/,NA,Fb40,SOL_17,0.209,0.552021766,NA,1943,1301.482068,7609.088514,Solea solea,Common sole,3887,B40,1.957573582,2023,3_12_2024,Y,GFCM
Central Med.,SOL,17,1975,138810.43,7652.220498,1619.903211,0.146505956,SS3,https://www.fao.org/gfcm/data/star/en/,NA,Fb40,SOL_17,0.209,0.700985435,NA,1943,1619.903211,7652.220498,Solea solea,Common sole,3887,B40,1.968670054,2023,3_12_2024,Y,GFCM
Central Med.,SOL,17,1976,138499.3337,7464.022158,1985.20908,0.186982666,SS3,https://www.fao.org/gfcm/data/star/en/,NA,Fb40,SOL_17,0.209,0.894653904,NA,1943,1985.20908,7464.022158,Solea solea,Common sole,3887,B40,1.920252678,2023,3_12_2024,Y,GFCM
Central Med.,SOL,17,1977,137700.6668,7044.977134,2250.055834,0.223805174,SS3,https://www.fao.org/gfcm/data/star/en/,NA,Fb40,SOL_17,0.209,1.070838153,NA,1943,2250.055834,7044.977134,Solea solea,Common sole,3887,B40,1.81244588,2023,3_12_2024,Y,GFCM
Central Med.,SOL,17,1978,136525.7694,6496.384392,1918.997391,0.197458745,SS3,https://www.fao.org/gfcm/data/star/en/,NA,Fb40,SOL_17,0.209,0.944778684,NA,1943,1918.997391,6496.384392,Solea solea,Common sole,3887,B40,1.671310623,2023,3_12_2024,Y,GFCM
Central Med.,SOL,17,1979,135819.2696,6199.765611,2609.653799,0.280732488,SS3,https://www.fao.org/gfcm/data/star/en/,NA,Fb40,SOL_17,0.209,1.343217646,NA,1943,2609.653799,6199.765611,Solea solea,Common sole,3887,B40,1.595000157,2023,3_12_2024,Y,GFCM
Central Med.,SOL,17,1980,134177.184,5598.063226,2199.664671,0.247700061,SS3,https://www.fao.org/gfcm/data/star/en/,NA,Fb40,SOL_17,0.209,1.185167756,NA,1943,2199.664671,5598.063226,Solea solea,Common sole,3887,B40,1.440201499,2023,3_12_2024,Y,GFCM
Central Med.,SOL,17,1981,133200.2536,5272.719022,1105.21761,0.119618326,SS3,https://www.fao.org/gfcm/data/star/en/,NA,Fb40,SOL_17,0.209,0.572336488,NA,1943,1105.21761,5272.719022,Solea solea,Common sole,3887,B40,1.356500906,2023,3_12_2024,Y,GFCM
Central Med.,SOL,17,1982,134305.6431,5643.044102,1193.840909,0.120467161,SS3,https://www.fao.org/gfcm/data/star/en/,NA,Fb40,SOL_17,0.209,0.5763979,NA,1943,1193.840909,5643.044102,Solea solea,Common sole,3887,B40,1.451773631,2023,3_12_2024,Y,GFCM
Central Med.,SOL,17,1983,135383.5005,6044.153019,1625.842678,0.160689945,SS3,https://www.fao.org/gfcm/data/star/en/,NA,Fb40,SOL_17,0.209,0.768851411,NA,1943,1625.842678,6044.153019,Solea solea,Common sole,3887,B40,1.554966046,2023,3_12_2024,Y,GFCM
Central Med.,SOL,17,1984,135648.1507,6157.516017,1393.628607,0.136896172,SS3,https://www.fao.org/gfcm/data/star/en/,NA,Fb40,SOL_17,0.209,0.655005608,NA,1943,1393.628607,6157.516017,Solea solea,Common sole,3887,B40,1.584130696,2023,3_12_2024,Y,GFCM
Central Med.,SOL,17,1985,136084.524,6344.290601,1522.563555,0.148200581,SS3,https://www.fao.org/gfcm/data/star/en/,NA,Fb40,SOL_17,0.209,0.709093689,NA,1943,1522.563555,6344.290601,Solea solea,Common sole,3887,B40,1.632181786,2023,3_12_2024,Y,GFCM
Central Med.,SOL,17,1986,136289.8248,6437.228813,1566.760479,0.152538513,SS3,https://www.fao.org/gfcm/data/star/en/,NA,Fb40,SOL_17,0.209,0.729849344,NA,1943,1566.760479,6437.228813,Solea solea,Common sole,3887,B40,1.656091797,2023,3_12_2024,Y,GFCM
Central Med.,SOL,17,1987,136364.2699,6474.363549,2611.010615,0.267142485,SS3,https://www.fao.org/gfcm/data/star/en/,NA,Fb40,SOL_17,0.209,1.278193708,NA,1943,2611.010615,6474.363549,Solea solea,Common sole,3887,B40,1.665645369,2023,3_12_2024,Y,GFCM
Central Med.,SOL,17,1988,134893.9236,5890.02969,1963.450599,0.211013038,SS3,https://www.fao.org/gfcm/data/star/en/,NA,Fb40,SOL_17,0.209,1.009631761,NA,1943,1963.450599,5890.02969,Solea solea,Common sole,3887,B40,1.515315073,2023,3_12_2024,Y,GFCM
Central Med.,SOL,17,1989,134262.9825,5664.079343,1860.05675,0.200246027,SS3,https://www.fao.org/gfcm/data/star/en/,NA,Fb40,SOL_17,0.209,0.958114962,NA,1943,1860.05675,5664.079343,Solea solea,Common sole,3887,B40,1.457185321,2023,3_12_2024,Y,GFCM
Central Med.,SOL,17,1990,134021.2043,5576.915077,1215.496734,0.126487898,SS3,https://www.fao.org/gfcm/data/star/en/,NA,Fb40,SOL_17,0.209,0.605205254,NA,1943,1215.496734,5576.915077,Solea solea,Common sole,3887,B40,1.434760761,2023,3_12_2024,Y,GFCM
Central Med.,SOL,17,1991,134910.1618,5895.176915,1158.414535,0.114414712,SS3,https://www.fao.org/gfcm/data/star/en/,NA,Fb40,SOL_17,0.209,0.547438813,NA,1943,1158.414535,5895.176915,Solea solea,Common sole,3887,B40,1.516639289,2023,3_12_2024,Y,GFCM
Central Med.,SOL,17,1992,135845.8233,6276.87651,1869.942025,0.183839676,SS3,https://www.fao.org/gfcm/data/star/en/,NA,Fb40,SOL_17,0.209,0.879615675,NA,1943,1869.942025,6276.87651,Solea solea,Common sole,3887,B40,1.61483831,2023,3_12_2024,Y,GFCM
Central Med.,SOL,17,1993,135688.1614,6212.405478,1981.106424,0.201160826,SS3,https://www.fao.org/gfcm/data/star/en/,NA,Fb40,SOL_17,0.209,0.96249199,NA,1943,1981.106424,6212.405478,Solea solea,Common sole,3887,B40,1.598251988,2023,3_12_2024,Y,GFCM
Central Med.,SOL,17,1994,135198.218,6017.521524,2255.74687,0.238300115,SS3,https://www.fao.org/gfcm/data/star/en/,NA,Fb40,SOL_17,0.209,1.140191938,NA,1943,2255.74687,6017.521524,Solea solea,Common sole,3887,B40,1.548114619,2023,3_12_2024,Y,GFCM
Central Med.,SOL,17,1995,134235.8185,5668.293526,1939.794774,0.210071872,SS3,https://www.fao.org/gfcm/data/star/en/,NA,Fb40,SOL_17,0.209,1.005128574,NA,1943,1939.794774,5668.293526,Solea solea,Common sole,3887,B40,1.458269495,2023,3_12_2024,Y,GFCM
Central Med.,SOL,17,1996,133796.7461,5523.921377,1200.726184,0.125883007,SS3,https://www.fao.org/gfcm/data/star/en/,NA,Fb40,SOL_17,0.209,0.602311038,NA,1943,1200.726184,5523.921377,Solea solea,Common sole,3887,B40,1.421127187,2023,3_12_2024,Y,GFCM
Central Med.,SOL,17,1997,134725.3391,5845.67027,1230.267284,0.122417183,SS3,https://www.fao.org/gfcm/data/star/en/,NA,Fb40,SOL_17,0.209,0.585728148,NA,1943,1230.267284,5845.67027,Solea solea,Common sole,3887,B40,1.503902822,2023,3_12_2024,Y,GFCM
Central Med.,SOL,17,1998,89983.24925,6192.959247,1164.29981,0.114073003,SS3,https://www.fao.org/gfcm/data/star/en/,NA,Fb40,SOL_17,0.209,0.545803842,NA,1943,1164.29981,6192.959247,Solea solea,Common sole,3887,B40,1.593249099,2023,3_12_2024,Y,GFCM
Central Med.,SOL,17,1999,87052.78683,6533.763843,1257.808383,0.137464415,SS3,https://www.fao.org/gfcm/data/star/en/,NA,Fb40,SOL_17,0.209,0.657724474,NA,1943,1257.808383,6533.763843,Solea solea,Common sole,3887,B40,1.680927153,2023,3_12_2024,Y,GFCM
Central Med.,SOL,17,2000,82662.30096,6440.223565,1016.726184,0.125235593,SS3,https://www.fao.org/gfcm/data/star/en/,NA,Fb40,SOL_17,0.209,0.599213364,NA,1943,1016.726184,6440.223565,Solea solea,Common sole,3887,B40,1.65686225,2023,3_12_2024,Y,GFCM
Central Med.,SOL,17,2001,79118.99664,6185.647669,1080.366631,0.145234091,SS3,https://www.fao.org/gfcm/data/star/en/,NA,Fb40,SOL_17,0.209,0.694899957,NA,1943,1080.366631,6185.647669,Solea solea,Common sole,3887,B40,1.591368065,2023,3_12_2024,Y,GFCM
Central Med.,SOL,17,2002,76825.33924,5743.009676,1047.695428,0.152720881,SS3,https://www.fao.org/gfcm/data/star/en/,NA,Fb40,SOL_17,0.209,0.730721919,NA,1943,1047.695428,5743.009676,Solea solea,Common sole,3887,B40,1.477491555,2023,3_12_2024,Y,GFCM
Central Med.,SOL,17,2003,76312.85245,5252.731382,2069.484894,0.347974581,SS3,https://www.fao.org/gfcm/data/star/en/,NA,Fb40,SOL_17,0.209,1.664950148,NA,1943,2069.484894,5252.731382,Solea solea,Common sole,3887,B40,1.35135873,2023,3_12_2024,Y,GFCM
Central Med.,SOL,17,2004,63505.67984,4174.062818,1533.298727,0.308039486,SS3,https://www.fao.org/gfcm/data/star/en/,NA,Fb40,SOL_17,0.209,1.473873139,NA,1943,1533.298727,4174.062818,Solea solea,Common sole,3887,B40,1.073852024,2023,3_12_2024,Y,GFCM
Central Med.,SOL,17,2005,126213.1635,3489.013725,1919.795704,0.462869531,SS3,https://www.fao.org/gfcm/data/star/en/,NA,Fb40,SOL_17,0.209,2.214686751,NA,1943,1919.795704,3489.013725,Solea solea,Common sole,3887,B40,0.89761094,2023,3_12_2024,Y,GFCM
Central Med.,SOL,17,2006,44064.39747,2623.310381,2056.390366,0.451586714,SS3,https://www.fao.org/gfcm/data/star/en/,NA,Fb40,SOL_17,0.209,2.160701981,NA,1943,2056.390366,2623.310381,Solea solea,Common sole,3887,B40,0.674893332,2023,3_12_2024,Y,GFCM
Central Med.,SOL,17,2007,89325.69787,2361.897915,1623.258575,0.434672678,SS3,https://www.fao.org/gfcm/data/star/en/,NA,Fb40,SOL_17,0.209,2.079773579,NA,1943,1623.258575,2361.897915,Solea solea,Common sole,3887,B40,0.607640318,2023,3_12_2024,Y,GFCM
Central Med.,SOL,17,2008,40121.98195,1830.593595,1354.231477,0.367906941,SS3,https://www.fao.org/gfcm/data/star/en/,NA,Fb40,SOL_17,0.209,1.760320292,NA,1943,1354.231477,1830.593595,Solea solea,Common sole,3887,B40,0.470952816,2023,3_12_2024,Y,GFCM
Central Med.,SOL,17,2009,91376.33566,1889.230597,1973.725097,0.775920954,SS3,https://www.fao.org/gfcm/data/star/en/,NA,Fb40,SOL_17,0.209,3.71254045,NA,1943,1973.725097,1889.230597,Solea solea,Common sole,3887,B40,0.486038229,2023,3_12_2024,Y,GFCM
Central Med.,SOL,17,2010,45269.14654,1162.326712,1688.594378,0.556754988,SS3,https://www.fao.org/gfcm/data/star/en/,NA,Fb40,SOL_17,0.209,2.663899464,NA,1943,1688.594378,1162.326712,Solea solea,Common sole,3887,B40,0.299029254,2023,3_12_2024,Y,GFCM
Central Med.,SOL,17,2011,121919.4788,1139.806032,1652.22094,0.531224473,SS3,https://www.fao.org/gfcm/data/star/en/,NA,Fb40,SOL_17,0.209,2.54174389,NA,1943,1652.22094,1139.806032,Solea solea,Common sole,3887,B40,0.293235408,2023,3_12_2024,Y,GFCM
Central Med.,SOL,17,2012,105429.2427,1066.703726,1900.12335,0.421325323,SS3,https://www.fao.org/gfcm/data/star/en/,NA,Fb40,SOL_17,0.209,2.015910636,NA,1943,1900.12335,1066.703726,Solea solea,Common sole,3887,B40,0.274428538,2023,3_12_2024,Y,GFCM
Central Med.,SOL,17,2013,194534.8569,1476.84346,1282.34044,0.256561634,SS3,https://www.fao.org/gfcm/data/star/en/,NA,Fb40,SOL_17,0.209,1.227567627,NA,1943,1282.34044,1476.84346,Solea solea,Common sole,3887,B40,0.379944291,2023,3_12_2024,Y,GFCM
Central Med.,SOL,17,2014,83650.31322,1984.286209,2136.84804,0.265288383,SS3,https://www.fao.org/gfcm/data/star/en/,NA,Fb40,SOL_17,0.209,1.269322407,NA,1943,2136.84804,1984.286209,Solea solea,Common sole,3887,B40,0.510492979,2023,3_12_2024,Y,GFCM
Central Med.,SOL,17,2015,183314.9671,2911.341811,2170.4378,0.326630281,SS3,https://www.fao.org/gfcm/data/star/en/,NA,Fb40,SOL_17,0.209,1.562824311,NA,1943,2170.4378,2911.341811,Solea solea,Common sole,3887,B40,0.748994549,2023,3_12_2024,Y,GFCM
Central Med.,SOL,17,2016,72695.40215,2876.579754,2110.374826,0.281466518,SS3,https://www.fao.org/gfcm/data/star/en/,NA,Fb40,SOL_17,0.209,1.346729751,NA,1943,2110.374826,2876.579754,Solea solea,Common sole,3887,B40,0.74005139,2023,3_12_2024,Y,GFCM
Central Med.,SOL,17,2017,112857.9683,3228.710434,2305.09961,0.373489753,SS3,https://www.fao.org/gfcm/data/star/en/,NA,Fb40,SOL_17,0.209,1.787032311,NA,1943,2305.09961,3228.710434,Solea solea,Common sole,3887,B40,0.830643281,2023,3_12_2024,Y,GFCM
Central Med.,SOL,17,2018,119579.1926,2867.699459,1935.44032,0.313991871,SS3,https://www.fao.org/gfcm/data/star/en/,NA,Fb40,SOL_17,0.209,1.50235345,NA,1943,1935.44032,2867.699459,Solea solea,Common sole,3887,B40,0.737766776,2023,3_12_2024,Y,GFCM
Central Med.,SOL,17,2019,131399.6196,2780.35566,1933.024012,0.309811801,SS3,https://www.fao.org/gfcm/data/star/en/,NA,Fb40,SOL_17,0.209,1.482353115,NA,1943,1933.024012,2780.35566,Solea solea,Common sole,3887,B40,0.715296028,2023,3_12_2024,Y,GFCM
Central Med.,SOL,17,2020,156895.8257,2942.872395,1455.187,0.208234155,SS3,https://www.fao.org/gfcm/data/star/en/,NA,Fb40,SOL_17,0.209,0.99633567,NA,1943,1455.187,2942.872395,Solea solea,Common sole,3887,B40,0.757106353,2023,3_12_2024,Y,GFCM
Central Med.,SOL,17,2021,97749.04238,3301.330343,1583.4,0.189070437,SS3,https://www.fao.org/gfcm/data/star/en/,NA,Fb40,SOL_17,0.209,0.904643239,NA,1943,1583.4,3301.330343,Solea solea,Common sole,3887,B40,0.849326047,2023,3_12_2024,Y,GFCM
Central Med.,SOL,17,2022,108215.0285,3994.339654,1421.958,0.131758957,SS3,https://www.fao.org/gfcm/data/star/en/,NA,Fb40,SOL_17,0.209,0.630425631,NA,1943,1421.958,3994.339654,Solea solea,Common sole,3887,B40,1.027615038,2023,3_12_2024,Y,GFCM
Central Med.,DPS,12_13_14_15_16,1973,67469400,12715.2,4595,0.253852,ss3,https://www.fao.org/gfcm/data/star/en/,NA,Fb30,DPS_12_13_14_15_16,1.20072,0.211416483,NA,1451,4595,2.19076499,Parapenaeus longirostris,Deep-water rose shrimp,NA,NA,NA,2023,17_11_2023,Y,GFCM
Central Med.,DPS,12_13_14_15_16,1974,67594200,12971.8,5856,0.331292,ss3,https://www.fao.org/gfcm/data/star/en/,NA,Fb30,DPS_12_13_14_15_16,1.20072,0.27591112,NA,1451,5856,2.234975879,Parapenaeus longirostris,Deep-water rose shrimp,NA,NA,NA,2023,17_11_2023,Y,GFCM
Central Med.,DPS,12_13_14_15_16,1975,67259100,12303.3,5912,0.353029,ss3,https://www.fao.org/gfcm/data/star/en/,NA,Fb30,DPS_12_13_14_15_16,1.20072,0.294014425,NA,1451,5912,2.119796692,Parapenaeus longirostris,Deep-water rose shrimp,NA,NA,NA,2023,17_11_2023,Y,GFCM
Central Med.,DPS,12_13_14_15_16,1976,67002600,11832.4,5402,0.329471,ss3,https://www.fao.org/gfcm/data/star/en/,NA,Fb30,DPS_12_13_14_15_16,1.20072,0.27439453,NA,1451,5402,2.038662991,Parapenaeus longirostris,Deep-water rose shrimp,NA,NA,NA,2023,17_11_2023,Y,GFCM
Central Med.,DPS,12_13_14_15_16,1977,66996100,11820.9,5269,0.320347,ss3,https://www.fao.org/gfcm/data/star/en/,NA,Fb30,DPS_12_13_14_15_16,1.20072,0.266795756,NA,1451,5269,2.036681599,Parapenaeus longirostris,Deep-water rose shrimp,NA,NA,NA,2023,17_11_2023,Y,GFCM
Central Med.,DPS,12_13_14_15_16,1978,67034400,11889,5318,0.322105,ss3,https://www.fao.org/gfcm/data/star/en/,NA,Fb30,DPS_12_13_14_15_16,1.20072,0.268259877,NA,1451,5318,2.048414886,Parapenaeus longirostris,Deep-water rose shrimp,NA,NA,NA,2023,17_11_2023,Y,GFCM
Central Med.,DPS,12_13_14_15_16,1979,67043600,11905.5,4138,0.241171,ss3,https://www.fao.org/gfcm/data/star/en/,NA,Fb30,DPS_12_13_14_15_16,1.20072,0.20085532,NA,1451,4138,2.051257753,Parapenaeus longirostris,Deep-water rose shrimp,NA,NA,NA,2023,17_11_2023,Y,GFCM
Central Med.,DPS,12_13_14_15_16,1980,67410000,12596.4,3878,0.212959,ss3,https://www.fao.org/gfcm/data/star/en/,NA,Fb30,DPS_12_13_14_15_16,1.20072,0.177359418,NA,1451,3878,2.170296347,Parapenaeus longirostris,Deep-water rose shrimp,NA,NA,NA,2023,17_11_2023,Y,GFCM
Central Med.,DPS,12_13_14_15_16,1981,67698300,13193,4424,0.236533,SS3,https://www.fao.org/gfcm/data/star/en/,NA,Fb30,DPS_12_13_14_15_16,1.20072,0.196992638,NA,1451,4424,2.273087526,Parapenaeus longirostris,Deep-water rose shrimp,NA,NA,NA,2023,17_11_2023,Y,GFCM
Central Med.,DPS,12_13_14_15_16,1982,67727100,13255.4,3657,0.190502,SS3,https://www.fao.org/gfcm/data/star/en/,NA,Fb30,DPS_12_13_14_15_16,1.20072,0.158656473,NA,1451,3657,2.283838732,Parapenaeus longirostris,Deep-water rose shrimp,NA,NA,NA,2023,17_11_2023,Y,GFCM
Central Med.,DPS,12_13_14_15_16,1983,67940900,13736,8487,0.49498,SS3,https://www.fao.org/gfcm/data/star/en/,NA,Fb30,DPS_12_13_14_15_16,1.20072,0.412235992,NA,1451,8487,2.366643694,Parapenaeus longirostris,Deep-water rose shrimp,NA,NA,NA,2023,17_11_2023,Y,GFCM
Central Med.,DPS,12_13_14_15_16,1984,66318200,11269.7,10589,0.829027,SS3,https://www.fao.org/gfcm/data/star/en/,NA,Fb30,DPS_12_13_14_15_16,1.20072,0.690441568,NA,1451,10589,1.941712612,Parapenaeus longirostris,Deep-water rose shrimp,NA,NA,NA,2023,17_11_2023,Y,GFCM
Central Med.,DPS,12_13_14_15_16,1985,63451200,8521.74,11537,1.33344,SS3,https://www.fao.org/gfcm/data/star/en/,NA,Fb30,DPS_12_13_14_15_16,1.20072,1.11053368,NA,1451,11537,1.468252929,Parapenaeus longirostris,Deep-water rose shrimp,NA,NA,NA,2023,17_11_2023,Y,GFCM
Central Med.,DPS,12_13_14_15_16,1986,60145800,6153.03,8037,1.10063,SS3,https://www.fao.org/gfcm/data/star/en/,NA,Fb30,DPS_12_13_14_15_16,1.20072,0.916641682,NA,1451,8037,1.060136113,Parapenaeus longirostris,Deep-water rose shrimp,NA,NA,NA,2023,17_11_2023,Y,GFCM
Central Med.,DPS,12_13_14_15_16,1987,61460500,6174.74,5047,0.581001,SS3,https://www.fao.org/gfcm/data/star/en/,NA,Fb30,DPS_12_13_14_15_16,1.20072,0.483877174,NA,1451,5047,1.063876637,Parapenaeus longirostris,Deep-water rose shrimp,NA,NA,NA,2023,17_11_2023,Y,GFCM
Central Med.,DPS,12_13_14_15_16,1988,71973900,7848.49,10473,1.25727,SS3,https://www.fao.org/gfcm/data/star/en/,NA,Fb30,DPS_12_13_14_15_16,1.20072,1.047096742,NA,1451,10473,1.352255341,Parapenaeus longirostris,Deep-water rose shrimp,NA,NA,NA,2023,17_11_2023,Y,GFCM
Central Med.,DPS,12_13_14_15_16,1989,69564300,6781.25,7707,0.885297,SS3,https://www.fao.org/gfcm/data/star/en/,NA,Fb30,DPS_12_13_14_15_16,1.20072,0.737305117,NA,1451,7707,1.168375258,Parapenaeus longirostris,Deep-water rose shrimp,NA,NA,NA,2023,17_11_2023,Y,GFCM
Central Med.,DPS,12_13_14_15_16,1990,47493600,7753.87,9333,1.04499,SS3,https://www.fao.org/gfcm/data/star/en/,NA,Fb30,DPS_12_13_14_15_16,1.20072,0.870302818,NA,1451,9333,1.335952791,Parapenaeus longirostris,Deep-water rose shrimp,NA,NA,NA,2023,17_11_2023,Y,GFCM
Central Med.,DPS,12_13_14_15_16,1991,75142700,5932.71,8773,1.36549,SS3,https://www.fao.org/gfcm/data/star/en/,NA,Fb30,DPS_12_13_14_15_16,1.20072,1.137225998,NA,1451,8773,1.022176085,Parapenaeus longirostris,Deep-water rose shrimp,NA,NA,NA,2023,17_11_2023,Y,GFCM
Central Med.,DPS,12_13_14_15_16,1992,74247300,6253.33,12165,2.02858,SS3,https://www.fao.org/gfcm/data/star/en/,NA,Fb30,DPS_12_13_14_15_16,1.20072,1.689469652,NA,1451,12165,1.077417298,Parapenaeus longirostris,Deep-water rose shrimp,NA,NA,NA,2023,17_11_2023,Y,GFCM
Central Med.,DPS,12_13_14_15_16,1993,30896900,5577.41,7342,1.06946,SS3,https://www.fao.org/gfcm/data/star/en/,NA,Fb30,DPS_12_13_14_15_16,1.20072,0.890682257,NA,1451,7342,0.960959683,Parapenaeus longirostris,Deep-water rose shrimp,NA,NA,NA,2023,17_11_2023,Y,GFCM
Central Med.,DPS,12_13_14_15_16,1994,32876800,4467.77,6393,1.42483,SS3,https://www.fao.org/gfcm/data/star/en/,NA,Fb30,DPS_12_13_14_15_16,1.20072,1.186646346,NA,1451,6393,0.769774294,Parapenaeus longirostris,Deep-water rose shrimp,NA,NA,NA,2023,17_11_2023,Y,GFCM
Central Med.,DPS,12_13_14_15_16,1995,38504100,3014.24,5449,1.79066,SS3,https://www.fao.org/gfcm/data/star/en/,NA,Fb30,DPS_12_13_14_15_16,1.20072,1.491321874,NA,1451,5449,0.519338387,Parapenaeus longirostris,Deep-water rose shrimp,NA,NA,NA,2023,17_11_2023,Y,GFCM
Central Med.,DPS,12_13_14_15_16,1996,34756700,2973.5,4655,1.3265,SS3,https://www.fao.org/gfcm/data/star/en/,NA,Fb30,DPS_12_13_14_15_16,1.20072,1.104753814,NA,1451,4655,0.51231909,Parapenaeus longirostris,Deep-water rose shrimp,NA,NA,NA,2023,17_11_2023,Y,GFCM
Central Med.,DPS,12_13_14_15_16,1997,40588200,3247.57,3766,0.899606,SS3,https://www.fao.org/gfcm/data/star/en/,NA,Fb30,DPS_12_13_14_15_16,1.20072,0.749222133,NA,1451,3766,0.559539972,Parapenaeus longirostris,Deep-water rose shrimp,NA,NA,NA,2023,17_11_2023,Y,GFCM
Central Med.,DPS,12_13_14_15_16,1998,44062000,4190.32,3601,0.630071,SS3,https://www.fao.org/gfcm/data/star/en/,NA,Fb30,DPS_12_13_14_15_16,1.20072,0.52474432,NA,1451,3601,0.721971054,Parapenaeus longirostris,Deep-water rose shrimp,NA,NA,NA,2023,17_11_2023,Y,GFCM
Central Med.,DPS,12_13_14_15_16,1999,50474300,5383.24,3870,0.515873,SS3,https://www.fao.org/gfcm/data/star/en/,NA,Fb30,DPS_12_13_14_15_16,1.20072,0.429636385,NA,1451,3870,0.927505169,Parapenaeus longirostris,Deep-water rose shrimp,NA,NA,NA,2023,17_11_2023,Y,GFCM
Central Med.,DPS,12_13_14_15_16,2000,49858400,6621.6,6862,0.887288,SS3,https://www.fao.org/gfcm/data/star/en/,NA,Fb30,DPS_12_13_14_15_16,1.20072,0.738963289,NA,1451,6862,1.140868367,Parapenaeus longirostris,Deep-water rose shrimp,NA,NA,NA,2023,17_11_2023,Y,GFCM
Central Med.,DPS,12_13_14_15_16,2001,43886000,5913.03,6641,0.945985,SS3,https://www.fao.org/gfcm/data/star/en/,NA,Fb30,DPS_12_13_14_15_16,1.20072,0.787848124,NA,1451,6641,1.01878532,Parapenaeus longirostris,Deep-water rose shrimp,NA,NA,NA,2023,17_11_2023,Y,GFCM
Central Med.,DPS,12_13_14_15_16,2002,40062800,5184.41,6318,1.05241,SS3,https://www.fao.org/gfcm/data/star/en/,NA,Fb30,DPS_12_13_14_15_16,1.20072,0.876482444,NA,1451,6318,0.89324776,Parapenaeus longirostris,Deep-water rose shrimp,NA,NA,NA,2023,17_11_2023,Y,GFCM
Central Med.,DPS,12_13_14_15_16,2003,58648100,4430.39,6010,1.12387,SS3,https://www.fao.org/gfcm/data/star/en/,NA,Fb30,DPS_12_13_14_15_16,1.20072,0.935996735,NA,1451,6010,0.763333908,Parapenaeus longirostris,Deep-water rose shrimp,NA,NA,NA,2023,17_11_2023,Y,GFCM
Central Med.,DPS,12_13_14_15_16,2004,89978400,5314.81,8418,1.33185,SS3,https://www.fao.org/gfcm/data/star/en/,NA,Fb30,DPS_12_13_14_15_16,1.20072,1.109209474,NA,1451,8418,0.915715024,Parapenaeus longirostris,Deep-water rose shrimp,NA,NA,NA,2023,17_11_2023,Y,GFCM
Central Med.,DPS,12_13_14_15_16,2005,83381800,7533.57,9916,1.05154,SS3,https://www.fao.org/gfcm/data/star/en/,NA,Fb30,DPS_12_13_14_15_16,1.20072,0.875757879,NA,1451,9916,1.29799621,Parapenaeus longirostris,Deep-water rose shrimp,NA,NA,NA,2023,17_11_2023,Y,GFCM
Central Med.,DPS,12_13_14_15_16,2006,31761800,8683.29,10030,0.98455,SS3,https://www.fao.org/gfcm/data/star/en/,NA,Fb30,DPS_12_13_14_15_16,1.20072,0.819966354,NA,1451,10030,1.496087181,Parapenaeus longirostris,Deep-water rose shrimp,NA,NA,NA,2023,17_11_2023,Y,GFCM
Central Med.,DPS,12_13_14_15_16,2007,60252500,5590.31,7004,1.14757,SS3,https://www.fao.org/gfcm/data/star/en/,NA,Fb30,DPS_12_13_14_15_16,1.20072,0.955734892,NA,1451,7004,0.963182288,Parapenaeus longirostris,Deep-water rose shrimp,NA,NA,NA,2023,17_11_2023,Y,GFCM
Central Med.,DPS,12_13_14_15_16,2008,71318300,5314.89,7082,1.05067,SS3,https://www.fao.org/gfcm/data/star/en/,NA,Fb30,DPS_12_13_14_15_16,1.20072,0.875033313,NA,1451,7082,0.915728808,Parapenaeus longirostris,Deep-water rose shrimp,NA,NA,NA,2023,17_11_2023,Y,GFCM
Central Med.,DPS,12_13_14_15_16,2009,69215000,6843.04,8980.9,1.03639,SS3,https://www.fao.org/gfcm/data/star/en/,NA,Fb30,DPS_12_13_14_15_16,1.20072,0.863140449,NA,1451,8980.9,1.179021365,Parapenaeus longirostris,Deep-water rose shrimp,NA,NA,NA,2023,17_11_2023,Y,GFCM
Central Med.,DPS,12_13_14_15_16,2010,72542200,7220.52,9997.2,1.15568,SS3,https://www.fao.org/gfcm/data/star/en/,NA,Fb30,DPS_12_13_14_15_16,1.20072,0.962489173,NA,1451,9997.2,1.244059269,Parapenaeus longirostris,Deep-water rose shrimp,NA,NA,NA,2023,17_11_2023,Y,GFCM
Central Med.,DPS,12_13_14_15_16,2011,70296200,7128.89,9640.8,1.09672,SS3,https://www.fao.org/gfcm/data/star/en/,NA,Fb30,DPS_12_13_14_15_16,1.20072,0.913385302,NA,1451,9640.8,1.228271881,Parapenaeus longirostris,Deep-water rose shrimp,NA,NA,NA,2023,17_11_2023,Y,GFCM
Central Med.,DPS,12_13_14_15_16,2012,71318000,7234.72,9131.2,1.00778,SS3,https://www.fao.org/gfcm/data/star/en/,NA,Fb30,DPS_12_13_14_15_16,1.20072,0.839313079,NA,1451,9131.2,1.246505858,Parapenaeus longirostris,Deep-water rose shrimp,NA,NA,NA,2023,17_11_2023,Y,GFCM
Central Med.,DPS,12_13_14_15_16,2013,53541900,7541.58,9708.3,1.10522,SS3,https://www.fao.org/gfcm/data/star/en/,NA,Fb30,DPS_12_13_14_15_16,1.20072,0.920464388,NA,1451,9708.3,1.299376292,Parapenaeus longirostris,Deep-water rose shrimp,NA,NA,NA,2023,17_11_2023,Y,GFCM
Central Med.,DPS,12_13_14_15_16,2014,58853000,6119.94,8345.2,1.16888,SS3,https://www.fao.org/gfcm/data/star/en/,NA,Fb30,DPS_12_13_14_15_16,1.20072,0.973482577,NA,1451,8345.2,1.054434873,Parapenaeus longirostris,Deep-water rose shrimp,NA,NA,NA,2023,17_11_2023,Y,GFCM
Central Med.,DPS,12_13_14_15_16,2015,54541400,5745.54,9359.9,1.44922,SS3,https://www.fao.org/gfcm/data/star/en/,NA,Fb30,DPS_12_13_14_15_16,1.20072,1.206959158,NA,1451,9359.9,0.989927636,Parapenaeus longirostris,Deep-water rose shrimp,NA,NA,NA,2023,17_11_2023,Y,GFCM
Central Med.,DPS,12_13_14_15_16,2016,53625200,4946.57,8384.3,1.43462,SS3,https://www.fao.org/gfcm/data/star/en/,NA,Fb30,DPS_12_13_14_15_16,1.20072,1.194799787,NA,1451,8384.3,0.852269125,Parapenaeus longirostris,Deep-water rose shrimp,NA,NA,NA,2023,17_11_2023,Y,GFCM
Central Med.,DPS,12_13_14_15_16,2017,54675600,4744.64,8827.6,1.63809,SS3,https://www.fao.org/gfcm/data/star/en/,NA,Fb30,DPS_12_13_14_15_16,1.20072,1.364256446,NA,1451,8827.6,0.817477602,Parapenaeus longirostris,Deep-water rose shrimp,NA,NA,NA,2023,17_11_2023,Y,GFCM
Central Med.,DPS,12_13_14_15_16,2018,51271800,4499.4,8040.4,1.50963,SS3,https://www.fao.org/gfcm/data/star/en/,NA,Fb30,DPS_12_13_14_15_16,1.20072,1.257270638,NA,1451,8040.4,0.775223983,Parapenaeus longirostris,Deep-water rose shrimp,NA,NA,NA,2023,17_11_2023,Y,GFCM
Central Med.,DPS,12_13_14_15_16,2019,45129200,4445.48,6829.5,1.27082,SS3,https://www.fao.org/gfcm/data/star/en/,NA,Fb30,DPS_12_13_14_15_16,1.20072,1.058381638,NA,1451,6829.5,0.765933839,Parapenaeus longirostris,Deep-water rose shrimp,NA,NA,NA,2023,17_11_2023,Y,GFCM
Central Med.,DPS,12_13_14_15_16,2020,39933900,4411.3,5305.5,0.936153,SS3,https://www.fao.org/gfcm/data/star/en/,NA,Fb30,DPS_12_13_14_15_16,1.20072,0.779659704,NA,1451,5305.5,0.760044797,Parapenaeus longirostris,Deep-water rose shrimp,NA,NA,NA,2023,17_11_2023,Y,GFCM
Central Med.,DPS,12_13_14_15_16,2021,42197000,4556.99,6363.59,1.25858,SS3,https://www.fao.org/gfcm/data/star/en/,NA,Fb30,DPS_12_13_14_15_16,1.20072,1.048187754,NA,1451,6363.59,0.785146451,Parapenaeus longirostris,Deep-water rose shrimp,NA,NA,NA,2023,17_11_2023,Y,GFCM
Central Med.,DPS,12_13_14_15_16,2022,74153300,4045.99,NA,1.23571,SS3,https://www.fao.org/gfcm/data/star/en/,NA,Fb30,DPS_12_13_14_15_16,1.20072,1.029140849,NA,1451,NA,0.697103722,Parapenaeus longirostris,Deep-water rose shrimp,NA,NA,NA,2023,17_11_2023,Y,GFCM
Central Med.,EOI,18,2004,NA,1.365665723,NA,0.269,CMSY,https://www.fao.org/gfcm/data/star/en/,NA,Fmsy,EOI_18,0.487,0.552984408,NA,NA,NA,NA,Eledone cirrosa,Horned octopus,1.65,Bmsy,0.827676196,2022,04_07_2023,N,GFCM
Central Med.,EOI,18,2005,NA,1.79017737,NA,0.276,CMSY,https://www.fao.org/gfcm/data/star/en/,NA,Fmsy,EOI_18,0.487,0.567560041,NA,NA,NA,NA,Eledone cirrosa,Horned octopus,1.65,Bmsy,1.084955982,2022,04_07_2023,N,GFCM
Central Med.,EOI,18,2006,NA,2.085135308,NA,0.302,CMSY,https://www.fao.org/gfcm/data/star/en/,NA,Fmsy,EOI_18,0.487,0.619502519,NA,NA,NA,NA,Eledone cirrosa,Horned octopus,1.65,Bmsy,1.263718368,2022,04_07_2023,N,GFCM
Central Med.,EOI,18,2007,NA,2.172202478,NA,0.319,CMSY,https://www.fao.org/gfcm/data/star/en/,NA,Fmsy,EOI_18,0.487,0.655870617,NA,NA,NA,NA,Eledone cirrosa,Horned octopus,1.65,Bmsy,1.31648635,2022,04_07_2023,N,GFCM
Central Med.,EOI,18,2008,NA,2.192115493,NA,0.32,CMSY,https://www.fao.org/gfcm/data/star/en/,NA,Fmsy,EOI_18,0.487,0.657708368,NA,NA,NA,NA,Eledone cirrosa,Horned octopus,1.65,Bmsy,1.328554844,2022,04_07_2023,N,GFCM
Central Med.,EOI,18,2009,NA,2.198486156,NA,0.326,CMSY,https://www.fao.org/gfcm/data/star/en/,NA,Fmsy,EOI_18,0.487,0.669373543,NA,NA,NA,NA,Eledone cirrosa,Horned octopus,1.65,Bmsy,1.332415852,2022,04_07_2023,N,GFCM
Central Med.,EOI,18,2010,NA,2.166012944,NA,0.323,CMSY,https://www.fao.org/gfcm/data/star/en/,NA,Fmsy,EOI_18,0.487,0.664030287,NA,NA,NA,NA,Eledone cirrosa,Horned octopus,1.65,Bmsy,1.312735117,2022,04_07_2023,N,GFCM
Central Med.,EOI,18,2011,NA,2.141090217,NA,0.304,CMSY,https://www.fao.org/gfcm/data/star/en/,NA,Fmsy,EOI_18,0.487,0.624712607,NA,NA,NA,NA,Eledone cirrosa,Horned octopus,1.65,Bmsy,1.297630435,2022,04_07_2023,N,GFCM
Central Med.,EOI,18,2012,NA,2.161842031,NA,0.305,CMSY,https://www.fao.org/gfcm/data/star/en/,NA,Fmsy,EOI_18,0.487,0.626449676,NA,NA,NA,NA,Eledone cirrosa,Horned octopus,1.65,Bmsy,1.310207292,2022,04_07_2023,N,GFCM
Central Med.,EOI,18,2013,NA,2.170361499,NA,0.325,CMSY,https://www.fao.org/gfcm/data/star/en/,NA,Fmsy,EOI_18,0.487,0.667359975,NA,NA,NA,NA,Eledone cirrosa,Horned octopus,1.65,Bmsy,1.315370606,2022,04_07_2023,N,GFCM
Central Med.,EOI,18,2014,NA,2.12381035,NA,0.314,CMSY,https://www.fao.org/gfcm/data/star/en/,NA,Fmsy,EOI_18,0.487,0.644999924,NA,NA,NA,NA,Eledone cirrosa,Horned octopus,1.65,Bmsy,1.287157788,2022,04_07_2023,N,GFCM
Central Med.,EOI,18,2015,NA,2.120267987,NA,0.288,CMSY,https://www.fao.org/gfcm/data/star/en/,NA,Fmsy,EOI_18,0.487,0.591172879,NA,NA,NA,NA,Eledone cirrosa,Horned octopus,1.65,Bmsy,1.285010901,2022,04_07_2023,N,GFCM
Central Med.,EOI,18,2016,NA,2.16832266,NA,0.327,CMSY,https://www.fao.org/gfcm/data/star/en/,NA,Fmsy,EOI_18,0.487,0.671373679,NA,NA,NA,NA,Eledone cirrosa,Horned octopus,1.65,Bmsy,1.314134945,2022,04_07_2023,N,GFCM
Central Med.,EOI,18,2017,NA,2.100556991,NA,0.433,CMSY,https://www.fao.org/gfcm/data/star/en/,NA,Fmsy,EOI_18,0.487,0.888462759,NA,NA,NA,NA,Eledone cirrosa,Horned octopus,1.65,Bmsy,1.273064843,2022,04_07_2023,N,GFCM
Central Med.,EOI,18,2018,NA,1.882388988,NA,0.569,CMSY,https://www.fao.org/gfcm/data/star/en/,NA,Fmsy,EOI_18,0.487,1.167408375,NA,NA,NA,NA,Eledone cirrosa,Horned octopus,1.65,Bmsy,1.140841811,2022,04_07_2023,N,GFCM
Central Med.,EOI,18,2019,NA,1.525494824,NA,0.658,CMSY,https://www.fao.org/gfcm/data/star/en/,NA,Fmsy,EOI_18,0.487,1.350329476,NA,NA,NA,NA,Eledone cirrosa,Horned octopus,1.65,Bmsy,0.924542317,2022,04_07_2023,N,GFCM
Central Med.,EOI,18,2020,NA,1.249993626,NA,0.558,CMSY,https://www.fao.org/gfcm/data/star/en/,NA,Fmsy,EOI_18,0.487,1.145800651,NA,NA,NA,NA,Eledone cirrosa,Horned octopus,1.65,Bmsy,0.757571895,2022,04_07_2023,N,GFCM
Central Med.,EOI,18,2021,NA,1.275349986,NA,0.383,CMSY,https://www.fao.org/gfcm/data/star/en/,NA,Fmsy,EOI_18,0.487,0.786447639,NA,NA,NA,NA,Eledone cirrosa,Horned octopus,1.65,Bmsy,0.772939386,2022,04_07_2023,N,GFCM
Central Med.,HKE,12_13_14_15_16,1947,199499,37557.3,990,0.0317685,SS3,https://gfcm.sharepoint.com/EG/_layouts/15/download.aspx?share=EcswpMsaCgVNjJKE4UMExWQBwMTs9lAEBpwGISn4korKlw,NA,Fmsy,HKE_12_13_14_15_16,0.29,0.109546552,NA,NA,990,NA,Merluccius merluccius,European hake,7021,Bmsy,5.349280729,2023,23_07_2024,Y,GFCM
Central Med.,HKE,12_13_14_15_16,1948,199404,37041.9,910,0.0299199,SS3,https://gfcm.sharepoint.com/EG/_layouts/15/download.aspx?share=EcswpMsaCgVNjJKE4UMExWQBwMTs9lAEBpwGISn4korKlw,NA,Fmsy,HKE_12_13_14_15_16,0.29,0.103172069,NA,NA,910,NA,Merluccius merluccius,European hake,7021,Bmsy,5.275872383,2023,23_07_2024,Y,GFCM
Central Med.,HKE,12_13_14_15_16,1949,199310,36549.6,1109,0.037172,SS3,https://gfcm.sharepoint.com/EG/_layouts/15/download.aspx?share=EcswpMsaCgVNjJKE4UMExWQBwMTs9lAEBpwGISn4korKlw,NA,Fmsy,HKE_12_13_14_15_16,0.29,0.12817931,NA,NA,1109,NA,Merluccius merluccius,European hake,7021,Bmsy,5.205754166,2023,23_07_2024,Y,GFCM
Central Med.,HKE,12_13_14_15_16,1950,199197,35966.7,1246,0.0427872,SS3,https://gfcm.sharepoint.com/EG/_layouts/15/download.aspx?share=EcswpMsaCgVNjJKE4UMExWQBwMTs9lAEBpwGISn4korKlw,NA,Fmsy,HKE_12_13_14_15_16,0.29,0.147542069,NA,NA,1246,NA,Merluccius merluccius,European hake,7021,Bmsy,5.122731805,2023,23_07_2024,Y,GFCM
Central Med.,HKE,12_13_14_15_16,1951,199070,35335.2,1464,0.0512364,SS3,https://gfcm.sharepoint.com/EG/_layouts/15/download.aspx?share=EcswpMsaCgVNjJKE4UMExWQBwMTs9lAEBpwGISn4korKlw,NA,Fmsy,HKE_12_13_14_15_16,0.29,0.176677241,NA,NA,1464,NA,Merluccius merluccius,European hake,7021,Bmsy,5.032787352,2023,23_07_2024,Y,GFCM
Central Med.,HKE,12_13_14_15_16,1952,198921,34622.9,1686,0.060264,SS3,https://gfcm.sharepoint.com/EG/_layouts/15/download.aspx?share=EcswpMsaCgVNjJKE4UMExWQBwMTs9lAEBpwGISn4korKlw,NA,Fmsy,HKE_12_13_14_15_16,0.29,0.207806897,NA,NA,1686,NA,Merluccius merluccius,European hake,7021,Bmsy,4.931334568,2023,23_07_2024,Y,GFCM
Central Med.,HKE,12_13_14_15_16,1953,198750,33837.7,1772,0.0646474,SS3,https://gfcm.sharepoint.com/EG/_layouts/15/download.aspx?share=EcswpMsaCgVNjJKE4UMExWQBwMTs9lAEBpwGISn4korKlw,NA,Fmsy,HKE_12_13_14_15_16,0.29,0.222922069,NA,NA,1772,NA,Merluccius merluccius,European hake,7021,Bmsy,4.819498647,2023,23_07_2024,Y,GFCM
Central Med.,HKE,12_13_14_15_16,1954,198574,33062.3,1840,0.0682953,SS3,https://gfcm.sharepoint.com/EG/_layouts/15/download.aspx?share=EcswpMsaCgVNjJKE4UMExWQBwMTs9lAEBpwGISn4korKlw,NA,Fmsy,HKE_12_13_14_15_16,0.29,0.235501034,NA,NA,1840,NA,Merluccius merluccius,European hake,7021,Bmsy,4.709058539,2023,23_07_2024,Y,GFCM
Central Med.,HKE,12_13_14_15_16,1955,198396,32317.7,1761,0.0663645,SS3,https://gfcm.sharepoint.com/EG/_layouts/15/download.aspx?share=EcswpMsaCgVNjJKE4UMExWQBwMTs9lAEBpwGISn4korKlw,NA,Fmsy,HKE_12_13_14_15_16,0.29,0.228843103,NA,NA,1761,NA,Merluccius merluccius,European hake,7021,Bmsy,4.60300527,2023,23_07_2024,Y,GFCM
Central Med.,HKE,12_13_14_15_16,1956,198240,31686.5,1635,0.0620049,SS3,https://gfcm.sharepoint.com/EG/_layouts/15/download.aspx?share=EcswpMsaCgVNjJKE4UMExWQBwMTs9lAEBpwGISn4korKlw,NA,Fmsy,HKE_12_13_14_15_16,0.29,0.21381,NA,NA,1635,NA,Merluccius merluccius,European hake,7021,Bmsy,4.513103547,2023,23_07_2024,Y,GFCM
Central Med.,HKE,12_13_14_15_16,1957,198115,31197,1273,0.048158,SS3,https://gfcm.sharepoint.com/EG/_layouts/15/download.aspx?share=EcswpMsaCgVNjJKE4UMExWQBwMTs9lAEBpwGISn4korKlw,NA,Fmsy,HKE_12_13_14_15_16,0.29,0.166062069,NA,NA,1273,NA,Merluccius merluccius,European hake,7021,Bmsy,4.443384133,2023,23_07_2024,Y,GFCM
Central Med.,HKE,12_13_14_15_16,1958,198057,30978,1811,0.0683385,SS3,https://gfcm.sharepoint.com/EG/_layouts/15/download.aspx?share=EcswpMsaCgVNjJKE4UMExWQBwMTs9lAEBpwGISn4korKlw,NA,Fmsy,HKE_12_13_14_15_16,0.29,0.23565,NA,NA,1811,NA,Merluccius merluccius,European hake,7021,Bmsy,4.412191995,2023,23_07_2024,Y,GFCM
Central Med.,HKE,12_13_14_15_16,1959,197941,30541.9,1735,0.0660508,SS3,https://gfcm.sharepoint.com/EG/_layouts/15/download.aspx?share=EcswpMsaCgVNjJKE4UMExWQBwMTs9lAEBpwGISn4korKlw,NA,Fmsy,HKE_12_13_14_15_16,0.29,0.227761379,NA,NA,1735,NA,Merluccius merluccius,European hake,7021,Bmsy,4.350078336,2023,23_07_2024,Y,GFCM
Central Med.,HKE,12_13_14_15_16,1960,197842,30182.3,2163,0.0835104,SS3,https://gfcm.sharepoint.com/EG/_layouts/15/download.aspx?share=EcswpMsaCgVNjJKE4UMExWQBwMTs9lAEBpwGISn4korKlw,NA,Fmsy,HKE_12_13_14_15_16,0.29,0.287966897,NA,NA,2163,NA,Merluccius merluccius,European hake,7021,Bmsy,4.298860561,2023,23_07_2024,Y,GFCM
Central Med.,HKE,12_13_14_15_16,1961,197687,29630.3,2132,0.0837974,SS3,https://gfcm.sharepoint.com/EG/_layouts/15/download.aspx?share=EcswpMsaCgVNjJKE4UMExWQBwMTs9lAEBpwGISn4korKlw,NA,Fmsy,HKE_12_13_14_15_16,0.29,0.288956552,NA,NA,2132,NA,Merluccius merluccius,European hake,7021,Bmsy,4.220239282,2023,23_07_2024,Y,GFCM
Central Med.,HKE,12_13_14_15_16,1962,197536,29116.5,2000,0.0794645,SS3,https://gfcm.sharepoint.com/EG/_layouts/15/download.aspx?share=EcswpMsaCgVNjJKE4UMExWQBwMTs9lAEBpwGISn4korKlw,NA,Fmsy,HKE_12_13_14_15_16,0.29,0.274015517,NA,NA,2000,NA,Merluccius merluccius,European hake,7021,Bmsy,4.147058824,2023,23_07_2024,Y,GFCM
Central Med.,HKE,12_13_14_15_16,1963,197415,28713.4,2437,0.0981811,SS3,https://gfcm.sharepoint.com/EG/_layouts/15/download.aspx?share=EcswpMsaCgVNjJKE4UMExWQBwMTs9lAEBpwGISn4korKlw,NA,Fmsy,HKE_12_13_14_15_16,0.29,0.338555517,NA,NA,2437,NA,Merluccius merluccius,European hake,7021,Bmsy,4.08964535,2023,23_07_2024,Y,GFCM
Central Med.,HKE,12_13_14_15_16,1964,197230,28118.4,2293,0.093932,SS3,https://gfcm.sharepoint.com/EG/_layouts/15/download.aspx?share=EcswpMsaCgVNjJKE4UMExWQBwMTs9lAEBpwGISn4korKlw,NA,Fmsy,HKE_12_13_14_15_16,0.29,0.323903448,NA,NA,2293,NA,Merluccius merluccius,European hake,7021,Bmsy,4.004899587,2023,23_07_2024,Y,GFCM
Central Med.,HKE,12_13_14_15_16,1965,197072,27627.8,2879,0.120445,SS3,https://gfcm.sharepoint.com/EG/_layouts/15/download.aspx?share=EcswpMsaCgVNjJKE4UMExWQBwMTs9lAEBpwGISn4korKlw,NA,Fmsy,HKE_12_13_14_15_16,0.29,0.415327586,NA,NA,2879,NA,Merluccius merluccius,European hake,7021,Bmsy,3.935023501,2023,23_07_2024,Y,GFCM
Central Med.,HKE,12_13_14_15_16,1966,196814,26863.3,3027,0.130623,SS3,https://gfcm.sharepoint.com/EG/_layouts/15/download.aspx?share=EcswpMsaCgVNjJKE4UMExWQBwMTs9lAEBpwGISn4korKlw,NA,Fmsy,HKE_12_13_14_15_16,0.29,0.450424138,NA,NA,3027,NA,Merluccius merluccius,European hake,7021,Bmsy,3.826135878,2023,23_07_2024,Y,GFCM
Central Med.,HKE,12_13_14_15_16,1967,196521,26042.3,3005,0.133139,SS3,https://gfcm.sharepoint.com/EG/_layouts/15/download.aspx?share=EcswpMsaCgVNjJKE4UMExWQBwMTs9lAEBpwGISn4korKlw,NA,Fmsy,HKE_12_13_14_15_16,0.29,0.4591,NA,NA,3005,NA,Merluccius merluccius,European hake,7021,Bmsy,3.709200969,2023,23_07_2024,Y,GFCM
Central Med.,HKE,12_13_14_15_16,1968,196233,25279.4,3067,0.138666,SS3,https://gfcm.sharepoint.com/EG/_layouts/15/download.aspx?share=EcswpMsaCgVNjJKE4UMExWQBwMTs9lAEBpwGISn4korKlw,NA,Fmsy,HKE_12_13_14_15_16,0.29,0.478158621,NA,NA,3067,NA,Merluccius merluccius,European hake,7021,Bmsy,3.600541233,2023,23_07_2024,Y,GFCM
Central Med.,HKE,12_13_14_15_16,1969,195940,24546.5,3059,0.140565,SS3,https://gfcm.sharepoint.com/EG/_layouts/15/download.aspx?share=EcswpMsaCgVNjJKE4UMExWQBwMTs9lAEBpwGISn4korKlw,NA,Fmsy,HKE_12_13_14_15_16,0.29,0.484706897,NA,NA,3059,NA,Merluccius merluccius,European hake,7021,Bmsy,3.496154394,2023,23_07_2024,Y,GFCM
Central Med.,HKE,12_13_14_15_16,1970,195661,23885,2985,0.138497,SS3,https://gfcm.sharepoint.com/EG/_layouts/15/download.aspx?share=EcswpMsaCgVNjJKE4UMExWQBwMTs9lAEBpwGISn4korKlw,NA,Fmsy,HKE_12_13_14_15_16,0.29,0.477575862,NA,NA,2985,NA,Merluccius merluccius,European hake,7021,Bmsy,3.401937046,2023,23_07_2024,Y,GFCM
Central Med.,HKE,12_13_14_15_16,1971,195418,23336.6,3216,0.150664,SS3,https://gfcm.sharepoint.com/EG/_layouts/15/download.aspx?share=EcswpMsaCgVNjJKE4UMExWQBwMTs9lAEBpwGISn4korKlw,NA,Fmsy,HKE_12_13_14_15_16,0.29,0.519531034,NA,NA,3216,NA,Merluccius merluccius,European hake,7021,Bmsy,3.323828514,2023,23_07_2024,Y,GFCM
Central Med.,HKE,12_13_14_15_16,1972,195143,22741.8,4172,0.202533,SS3,https://gfcm.sharepoint.com/EG/_layouts/15/download.aspx?share=EcswpMsaCgVNjJKE4UMExWQBwMTs9lAEBpwGISn4korKlw,NA,Fmsy,HKE_12_13_14_15_16,0.29,0.698389655,NA,NA,4172,NA,Merluccius merluccius,European hake,7021,Bmsy,3.239111238,2023,23_07_2024,Y,GFCM
Central Med.,HKE,12_13_14_15_16,1973,194615,21679.8,4185,0.214434,SS3,https://gfcm.sharepoint.com/EG/_layouts/15/download.aspx?share=EcswpMsaCgVNjJKE4UMExWQBwMTs9lAEBpwGISn4korKlw,NA,Fmsy,HKE_12_13_14_15_16,0.29,0.739427586,NA,NA,4185,NA,Merluccius merluccius,European hake,7021,Bmsy,3.087850734,2023,23_07_2024,Y,GFCM
Central Med.,HKE,12_13_14_15_16,1974,194037,20618.6,4552,0.245547,SS3,https://gfcm.sharepoint.com/EG/_layouts/15/download.aspx?share=EcswpMsaCgVNjJKE4UMExWQBwMTs9lAEBpwGISn4korKlw,NA,Fmsy,HKE_12_13_14_15_16,0.29,0.846713793,NA,NA,4552,NA,Merluccius merluccius,European hake,7021,Bmsy,2.936704173,2023,23_07_2024,Y,GFCM
Central Med.,HKE,12_13_14_15_16,1975,193314,19421.9,5210,0.302411,SS3,https://gfcm.sharepoint.com/EG/_layouts/15/download.aspx?share=EcswpMsaCgVNjJKE4UMExWQBwMTs9lAEBpwGISn4korKlw,NA,Fmsy,HKE_12_13_14_15_16,0.29,1.042796552,NA,NA,5210,NA,Merluccius merluccius,European hake,7021,Bmsy,2.766258368,2023,23_07_2024,Y,GFCM
Central Med.,HKE,12_13_14_15_16,1976,192286,17929.2,5267,0.328808,SS3,https://gfcm.sharepoint.com/EG/_layouts/15/download.aspx?share=EcswpMsaCgVNjJKE4UMExWQBwMTs9lAEBpwGISn4korKlw,NA,Fmsy,HKE_12_13_14_15_16,0.29,1.13382069,NA,NA,5267,NA,Merluccius merluccius,European hake,7021,Bmsy,2.553653326,2023,23_07_2024,Y,GFCM
Central Med.,HKE,12_13_14_15_16,1977,191136,16494.8,5002,0.329277,SS3,https://gfcm.sharepoint.com/EG/_layouts/15/download.aspx?share=EcswpMsaCgVNjJKE4UMExWQBwMTs9lAEBpwGISn4korKlw,NA,Fmsy,HKE_12_13_14_15_16,0.29,1.135437931,NA,NA,5002,NA,Merluccius merluccius,European hake,7021,Bmsy,2.349351944,2023,23_07_2024,Y,GFCM
Central Med.,HKE,12_13_14_15_16,1978,190033,15305.9,3779,0.248047,SS3,https://gfcm.sharepoint.com/EG/_layouts/15/download.aspx?share=EcswpMsaCgVNjJKE4UMExWQBwMTs9lAEBpwGISn4korKlw,NA,Fmsy,HKE_12_13_14_15_16,0.29,0.855334483,NA,NA,3779,NA,Merluccius merluccius,European hake,7021,Bmsy,2.180017092,2023,23_07_2024,Y,GFCM
Central Med.,HKE,12_13_14_15_16,1979,189589,14871.1,4138,0.263652,SS3,https://gfcm.sharepoint.com/EG/_layouts/15/download.aspx?share=EcswpMsaCgVNjJKE4UMExWQBwMTs9lAEBpwGISn4korKlw,NA,Fmsy,HKE_12_13_14_15_16,0.29,0.909144828,NA,NA,4138,NA,Merluccius merluccius,European hake,7021,Bmsy,2.118088591,2023,23_07_2024,Y,GFCM
Central Med.,HKE,12_13_14_15_16,1980,189102,14419.5,4772,0.308719,SS3,https://gfcm.sharepoint.com/EG/_layouts/15/download.aspx?share=EcswpMsaCgVNjJKE4UMExWQBwMTs9lAEBpwGISn4korKlw,NA,Fmsy,HKE_12_13_14_15_16,0.29,1.064548276,NA,NA,4772,NA,Merluccius merluccius,European hake,7021,Bmsy,2.05376727,2023,23_07_2024,Y,GFCM
Central Med.,HKE,12_13_14_15_16,1981,188277,13709.3,7201,0.537828,SS3,https://gfcm.sharepoint.com/EG/_layouts/15/download.aspx?share=EcswpMsaCgVNjJKE4UMExWQBwMTs9lAEBpwGISn4korKlw,NA,Fmsy,HKE_12_13_14_15_16,0.29,1.85457931,NA,NA,7201,NA,Merluccius merluccius,European hake,7021,Bmsy,1.952613588,2023,23_07_2024,Y,GFCM
Central Med.,HKE,12_13_14_15_16,1982,185485,11718,8575,0.840989,SS3,https://gfcm.sharepoint.com/EG/_layouts/15/download.aspx?share=EcswpMsaCgVNjJKE4UMExWQBwMTs9lAEBpwGISn4korKlw,NA,Fmsy,HKE_12_13_14_15_16,0.29,2.899962069,NA,NA,8575,NA,Merluccius merluccius,European hake,7021,Bmsy,1.668993021,2023,23_07_2024,Y,GFCM
Central Med.,HKE,12_13_14_15_16,1983,180075,9053.96,4306,0.453967,SS3,https://gfcm.sharepoint.com/EG/_layouts/15/download.aspx?share=EcswpMsaCgVNjJKE4UMExWQBwMTs9lAEBpwGISn4korKlw,NA,Fmsy,HKE_12_13_14_15_16,0.29,1.565403448,NA,NA,4306,NA,Merluccius merluccius,European hake,7021,Bmsy,1.289554195,2023,23_07_2024,Y,GFCM
Central Med.,HKE,12_13_14_15_16,1984,167202,8592.74,5855,0.60641,SS3,https://gfcm.sharepoint.com/EG/_layouts/15/download.aspx?share=EcswpMsaCgVNjJKE4UMExWQBwMTs9lAEBpwGISn4korKlw,NA,Fmsy,HKE_12_13_14_15_16,0.29,2.091068966,NA,NA,5855,NA,Merluccius merluccius,European hake,7021,Bmsy,1.223862698,2023,23_07_2024,Y,GFCM
Central Med.,HKE,12_13_14_15_16,1985,166568,7666.91,7062,0.880665,SS3,https://gfcm.sharepoint.com/EG/_layouts/15/download.aspx?share=EcswpMsaCgVNjJKE4UMExWQBwMTs9lAEBpwGISn4korKlw,NA,Fmsy,HKE_12_13_14_15_16,0.29,3.036775862,NA,NA,7062,NA,Merluccius merluccius,European hake,7021,Bmsy,1.091996867,2023,23_07_2024,Y,GFCM
Central Med.,HKE,12_13_14_15_16,1986,162827,6148.46,4665,0.622639,SS3,https://gfcm.sharepoint.com/EG/_layouts/15/download.aspx?share=EcswpMsaCgVNjJKE4UMExWQBwMTs9lAEBpwGISn4korKlw,NA,Fmsy,HKE_12_13_14_15_16,0.29,2.147031034,NA,NA,4665,NA,Merluccius merluccius,European hake,7021,Bmsy,0.875724256,2023,23_07_2024,Y,GFCM
Central Med.,HKE,12_13_14_15_16,1987,163331,5731.29,5014,0.644145,SS3,https://gfcm.sharepoint.com/EG/_layouts/15/download.aspx?share=EcswpMsaCgVNjJKE4UMExWQBwMTs9lAEBpwGISn4korKlw,NA,Fmsy,HKE_12_13_14_15_16,0.29,2.221189655,NA,NA,5014,NA,Merluccius merluccius,European hake,7021,Bmsy,0.816306794,2023,23_07_2024,Y,GFCM
Central Med.,HKE,12_13_14_15_16,1988,164739,5317.42,5531,0.736352,SS3,https://gfcm.sharepoint.com/EG/_layouts/15/download.aspx?share=EcswpMsaCgVNjJKE4UMExWQBwMTs9lAEBpwGISn4korKlw,NA,Fmsy,HKE_12_13_14_15_16,0.29,2.539144828,NA,NA,5531,NA,Merluccius merluccius,European hake,7021,Bmsy,0.757359351,2023,23_07_2024,Y,GFCM
Central Med.,HKE,12_13_14_15_16,1989,165170,4754.15,5443.1,0.761912,SS3,https://gfcm.sharepoint.com/EG/_layouts/15/download.aspx?share=EcswpMsaCgVNjJKE4UMExWQBwMTs9lAEBpwGISn4korKlw,NA,Fmsy,HKE_12_13_14_15_16,0.29,2.627282759,NA,NA,5443.1,NA,Merluccius merluccius,European hake,7021,Bmsy,0.677132887,2023,23_07_2024,Y,GFCM
Central Med.,HKE,12_13_14_15_16,1990,163197,4306.62,4213.4,0.54428,SS3,https://gfcm.sharepoint.com/EG/_layouts/15/download.aspx?share=EcswpMsaCgVNjJKE4UMExWQBwMTs9lAEBpwGISn4korKlw,NA,Fmsy,HKE_12_13_14_15_16,0.29,1.876827586,NA,NA,4213.4,NA,Merluccius merluccius,European hake,7021,Bmsy,0.613391255,2023,23_07_2024,Y,GFCM
Central Med.,HKE,12_13_14_15_16,1991,161571,4441.86,5199.4,0.634907,SS3,https://gfcm.sharepoint.com/EG/_layouts/15/download.aspx?share=EcswpMsaCgVNjJKE4UMExWQBwMTs9lAEBpwGISn4korKlw,NA,Fmsy,HKE_12_13_14_15_16,0.29,2.189334483,NA,NA,5199.4,NA,Merluccius merluccius,European hake,7021,Bmsy,0.632653468,2023,23_07_2024,Y,GFCM
Central Med.,HKE,12_13_14_15_16,1992,151525,4249.92,5795.4,0.75226,SS3,https://gfcm.sharepoint.com/EG/_layouts/15/download.aspx?share=EcswpMsaCgVNjJKE4UMExWQBwMTs9lAEBpwGISn4korKlw,NA,Fmsy,HKE_12_13_14_15_16,0.29,2.594,NA,NA,5795.4,NA,Merluccius merluccius,European hake,7021,Bmsy,0.605315482,2023,23_07_2024,Y,GFCM
Central Med.,HKE,12_13_14_15_16,1993,361074,3756.46,6646.4,1.07593,SS3,https://gfcm.sharepoint.com/EG/_layouts/15/download.aspx?share=EcswpMsaCgVNjJKE4UMExWQBwMTs9lAEBpwGISn4korKlw,NA,Fmsy,HKE_12_13_14_15_16,0.29,3.710103448,NA,NA,6646.4,NA,Merluccius merluccius,European hake,7021,Bmsy,0.535032047,2023,23_07_2024,Y,GFCM
Central Med.,HKE,12_13_14_15_16,1994,145605,3116.43,8178.4,0.924963,SS3,https://gfcm.sharepoint.com/EG/_layouts/15/download.aspx?share=EcswpMsaCgVNjJKE4UMExWQBwMTs9lAEBpwGISn4korKlw,NA,Fmsy,HKE_12_13_14_15_16,0.29,3.189527586,NA,NA,8178.4,NA,Merluccius merluccius,European hake,7021,Bmsy,0.443872668,2023,23_07_2024,Y,GFCM
Central Med.,HKE,12_13_14_15_16,1995,76526.7,3645.25,7715.4,0.756448,SS3,https://gfcm.sharepoint.com/EG/_layouts/15/download.aspx?share=EcswpMsaCgVNjJKE4UMExWQBwMTs9lAEBpwGISn4korKlw,NA,Fmsy,HKE_12_13_14_15_16,0.29,2.608441379,NA,NA,7715.4,NA,Merluccius merluccius,European hake,7021,Bmsy,0.519192423,2023,23_07_2024,Y,GFCM
Central Med.,HKE,12_13_14_15_16,1996,173671,3197.96,6281.4,1.13482,SS3,https://gfcm.sharepoint.com/EG/_layouts/15/download.aspx?share=EcswpMsaCgVNjJKE4UMExWQBwMTs9lAEBpwGISn4korKlw,NA,Fmsy,HKE_12_13_14_15_16,0.29,3.913172414,NA,NA,6281.4,NA,Merluccius merluccius,European hake,7021,Bmsy,0.455484974,2023,23_07_2024,Y,GFCM
Central Med.,HKE,12_13_14_15_16,1997,82978.9,1985.64,3241.4,0.631212,SS3,https://gfcm.sharepoint.com/EG/_layouts/15/download.aspx?share=EcswpMsaCgVNjJKE4UMExWQBwMTs9lAEBpwGISn4korKlw,NA,Fmsy,HKE_12_13_14_15_16,0.29,2.176593103,NA,NA,3241.4,NA,Merluccius merluccius,European hake,7021,Bmsy,0.282814414,2023,23_07_2024,Y,GFCM
Central Med.,HKE,12_13_14_15_16,1998,107182,2306.26,3696.4,0.689055,SS3,https://gfcm.sharepoint.com/EG/_layouts/15/download.aspx?share=EcswpMsaCgVNjJKE4UMExWQBwMTs9lAEBpwGISn4korKlw,NA,Fmsy,HKE_12_13_14_15_16,0.29,2.376051724,NA,NA,3696.4,NA,Merluccius merluccius,European hake,7021,Bmsy,0.328480273,2023,23_07_2024,Y,GFCM
Central Med.,HKE,12_13_14_15_16,1999,168684,2126.14,2829.4,0.549856,SS3,https://gfcm.sharepoint.com/EG/_layouts/15/download.aspx?share=EcswpMsaCgVNjJKE4UMExWQBwMTs9lAEBpwGISn4korKlw,NA,Fmsy,HKE_12_13_14_15_16,0.29,1.896055172,NA,NA,2829.4,NA,Merluccius merluccius,European hake,7021,Bmsy,0.302825808,2023,23_07_2024,Y,GFCM
Central Med.,HKE,12_13_14_15_16,2000,47671.3,2279.19,2618.4,0.403153,SS3,https://gfcm.sharepoint.com/EG/_layouts/15/download.aspx?share=EcswpMsaCgVNjJKE4UMExWQBwMTs9lAEBpwGISn4korKlw,NA,Fmsy,HKE_12_13_14_15_16,0.29,1.390182759,NA,NA,2618.4,NA,Merluccius merluccius,European hake,7021,Bmsy,0.324624697,2023,23_07_2024,Y,GFCM
Central Med.,HKE,12_13_14_15_16,2001,141990,2837.97,3368.4,0.574169,SS3,https://gfcm.sharepoint.com/EG/_layouts/15/download.aspx?share=EcswpMsaCgVNjJKE4UMExWQBwMTs9lAEBpwGISn4korKlw,NA,Fmsy,HKE_12_13_14_15_16,0.29,1.979893103,NA,NA,3368.4,NA,Merluccius merluccius,European hake,7021,Bmsy,0.404211651,2023,23_07_2024,Y,GFCM
Central Med.,HKE,12_13_14_15_16,2002,148889,2470.57,3332.4,0.623332,SS3,https://gfcm.sharepoint.com/EG/_layouts/15/download.aspx?share=EcswpMsaCgVNjJKE4UMExWQBwMTs9lAEBpwGISn4korKlw,NA,Fmsy,HKE_12_13_14_15_16,0.29,2.14942069,NA,NA,3332.4,NA,Merluccius merluccius,European hake,7021,Bmsy,0.351882923,2023,23_07_2024,Y,GFCM
Central Med.,HKE,12_13_14_15_16,2003,137720,2411.42,3240.4,0.537544,SS3,https://gfcm.sharepoint.com/EG/_layouts/15/download.aspx?share=EcswpMsaCgVNjJKE4UMExWQBwMTs9lAEBpwGISn4korKlw,NA,Fmsy,HKE_12_13_14_15_16,0.29,1.8536,NA,NA,3240.4,NA,Merluccius merluccius,European hake,7021,Bmsy,0.343458197,2023,23_07_2024,Y,GFCM
Central Med.,HKE,12_13_14_15_16,2004,141293,2681.05,3617.8,0.538115,SS3,https://gfcm.sharepoint.com/EG/_layouts/15/download.aspx?share=EcswpMsaCgVNjJKE4UMExWQBwMTs9lAEBpwGISn4korKlw,NA,Fmsy,HKE_12_13_14_15_16,0.29,1.855568966,NA,NA,3617.8,NA,Merluccius merluccius,European hake,7021,Bmsy,0.381861558,2023,23_07_2024,Y,GFCM
Central Med.,HKE,12_13_14_15_16,2005,134054,2816.01,3101.3,0.439126,SS3,https://gfcm.sharepoint.com/EG/_layouts/15/download.aspx?share=EcswpMsaCgVNjJKE4UMExWQBwMTs9lAEBpwGISn4korKlw,NA,Fmsy,HKE_12_13_14_15_16,0.29,1.514227586,NA,NA,3101.3,NA,Merluccius merluccius,European hake,7021,Bmsy,0.401083891,2023,23_07_2024,Y,GFCM
Central Med.,HKE,12_13_14_15_16,2006,197566,3128,2980.3,0.38467,SS3,https://gfcm.sharepoint.com/EG/_layouts/15/download.aspx?share=EcswpMsaCgVNjJKE4UMExWQBwMTs9lAEBpwGISn4korKlw,NA,Fmsy,HKE_12_13_14_15_16,0.29,1.326448276,NA,NA,2980.3,NA,Merluccius merluccius,European hake,7021,Bmsy,0.445520581,2023,23_07_2024,Y,GFCM
Central Med.,HKE,12_13_14_15_16,2007,167214,3589.99,2984.3,0.313653,SS3,https://gfcm.sharepoint.com/EG/_layouts/15/download.aspx?share=EcswpMsaCgVNjJKE4UMExWQBwMTs9lAEBpwGISn4korKlw,NA,Fmsy,HKE_12_13_14_15_16,0.29,1.081562069,NA,NA,2984.3,NA,Merluccius merluccius,European hake,7021,Bmsy,0.511321749,2023,23_07_2024,Y,GFCM
Central Med.,HKE,12_13_14_15_16,2008,143453,4501.58,2824.9,0.249796,SS3,https://gfcm.sharepoint.com/EG/_layouts/15/download.aspx?share=EcswpMsaCgVNjJKE4UMExWQBwMTs9lAEBpwGISn4korKlw,NA,Fmsy,HKE_12_13_14_15_16,0.29,0.861365517,NA,NA,2824.9,NA,Merluccius merluccius,European hake,7021,Bmsy,0.641159379,2023,23_07_2024,Y,GFCM
Central Med.,HKE,12_13_14_15_16,2009,152584,5491.22,3032.4,0.243856,SS3,https://gfcm.sharepoint.com/EG/_layouts/15/download.aspx?share=EcswpMsaCgVNjJKE4UMExWQBwMTs9lAEBpwGISn4korKlw,NA,Fmsy,HKE_12_13_14_15_16,0.29,0.840882759,NA,NA,3032.4,NA,Merluccius merluccius,European hake,7021,Bmsy,0.782113659,2023,23_07_2024,Y,GFCM
Central Med.,HKE,12_13_14_15_16,2010,183155,6078.26,3161.4,0.295419,SS3,https://gfcm.sharepoint.com/EG/_layouts/15/download.aspx?share=EcswpMsaCgVNjJKE4UMExWQBwMTs9lAEBpwGISn4korKlw,NA,Fmsy,HKE_12_13_14_15_16,0.29,1.018686207,NA,NA,3161.4,NA,Merluccius merluccius,European hake,7021,Bmsy,0.86572568,2023,23_07_2024,Y,GFCM
Central Med.,HKE,12_13_14_15_16,2011,217039,6213.3,3239.3,0.272725,SS3,https://gfcm.sharepoint.com/EG/_layouts/15/download.aspx?share=EcswpMsaCgVNjJKE4UMExWQBwMTs9lAEBpwGISn4korKlw,NA,Fmsy,HKE_12_13_14_15_16,0.29,0.940431034,NA,NA,3239.3,NA,Merluccius merluccius,European hake,7021,Bmsy,0.884959407,2023,23_07_2024,Y,GFCM
Central Med.,HKE,12_13_14_15_16,2012,216703,6547.45,3360.5,0.30783,SS3,https://gfcm.sharepoint.com/EG/_layouts/15/download.aspx?share=EcswpMsaCgVNjJKE4UMExWQBwMTs9lAEBpwGISn4korKlw,NA,Fmsy,HKE_12_13_14_15_16,0.29,1.061482759,NA,NA,3360.5,NA,Merluccius merluccius,European hake,7021,Bmsy,0.932552343,2023,23_07_2024,Y,GFCM
Central Med.,HKE,12_13_14_15_16,2013,239546,6774.51,3497.3,0.274984,SS3,https://gfcm.sharepoint.com/EG/_layouts/15/download.aspx?share=EcswpMsaCgVNjJKE4UMExWQBwMTs9lAEBpwGISn4korKlw,NA,Fmsy,HKE_12_13_14_15_16,0.29,0.94822069,NA,NA,3497.3,NA,Merluccius merluccius,European hake,7021,Bmsy,0.964892465,2023,23_07_2024,Y,GFCM
Central Med.,HKE,12_13_14_15_16,2014,223382,7245.16,4138.2,0.31801,SS3,https://gfcm.sharepoint.com/EG/_layouts/15/download.aspx?share=EcswpMsaCgVNjJKE4UMExWQBwMTs9lAEBpwGISn4korKlw,NA,Fmsy,HKE_12_13_14_15_16,0.29,1.096586207,NA,NA,4138.2,NA,Merluccius merluccius,European hake,7021,Bmsy,1.031927076,2023,23_07_2024,Y,GFCM
Central Med.,HKE,12_13_14_15_16,2015,175837,7454.02,4185.3,0.351453,SS3,https://gfcm.sharepoint.com/EG/_layouts/15/download.aspx?share=EcswpMsaCgVNjJKE4UMExWQBwMTs9lAEBpwGISn4korKlw,NA,Fmsy,HKE_12_13_14_15_16,0.29,1.211906897,NA,NA,4185.3,NA,Merluccius merluccius,European hake,7021,Bmsy,1.061674975,2023,23_07_2024,Y,GFCM
Central Med.,HKE,12_13_14_15_16,2016,118370,7237.89,2565.2,0.273099,SS3,https://gfcm.sharepoint.com/EG/_layouts/15/download.aspx?share=EcswpMsaCgVNjJKE4UMExWQBwMTs9lAEBpwGISn4korKlw,NA,Fmsy,HKE_12_13_14_15_16,0.29,0.94172069,NA,NA,2565.2,NA,Merluccius merluccius,European hake,7021,Bmsy,1.030891611,2023,23_07_2024,Y,GFCM
Central Med.,HKE,12_13_14_15_16,2017,112850,7116.92,2399.3,0.291287,SS3,https://gfcm.sharepoint.com/EG/_layouts/15/download.aspx?share=EcswpMsaCgVNjJKE4UMExWQBwMTs9lAEBpwGISn4korKlw,NA,Fmsy,HKE_12_13_14_15_16,0.29,1.004437931,NA,NA,2399.3,NA,Merluccius merluccius,European hake,7021,Bmsy,1.013661872,2023,23_07_2024,Y,GFCM
Central Med.,HKE,12_13_14_15_16,2018,115545,6811,2274.4,0.302891,SS3,https://gfcm.sharepoint.com/EG/_layouts/15/download.aspx?share=EcswpMsaCgVNjJKE4UMExWQBwMTs9lAEBpwGISn4korKlw,NA,Fmsy,HKE_12_13_14_15_16,0.29,1.044451724,NA,NA,2274.4,NA,Merluccius merluccius,European hake,7021,Bmsy,0.970089731,2023,23_07_2024,Y,GFCM
Central Med.,HKE,12_13_14_15_16,2019,83608,6482.8,2568.8,0.384827,SS3,https://gfcm.sharepoint.com/EG/_layouts/15/download.aspx?share=EcswpMsaCgVNjJKE4UMExWQBwMTs9lAEBpwGISn4korKlw,NA,Fmsy,HKE_12_13_14_15_16,0.29,1.326989655,NA,NA,2568.8,NA,Merluccius merluccius,European hake,7021,Bmsy,0.923344253,2023,23_07_2024,Y,GFCM
Central Med.,HKE,12_13_14_15_16,2020,169935,5918.12,2118,0.344237,SS3,https://gfcm.sharepoint.com/EG/_layouts/15/download.aspx?share=EcswpMsaCgVNjJKE4UMExWQBwMTs9lAEBpwGISn4korKlw,NA,Fmsy,HKE_12_13_14_15_16,0.29,1.187024138,NA,NA,2118,NA,Merluccius merluccius,European hake,7021,Bmsy,0.842916963,2023,23_07_2024,Y,GFCM
Central Med.,HKE,12_13_14_15_16,2021,97918.6,5591.65,2058,0.268632,SS3,https://gfcm.sharepoint.com/EG/_layouts/15/download.aspx?share=EcswpMsaCgVNjJKE4UMExWQBwMTs9lAEBpwGISn4korKlw,NA,Fmsy,HKE_12_13_14_15_16,0.29,0.926317241,NA,NA,2058,NA,Merluccius merluccius,European hake,7021,Bmsy,0.796417889,2023,23_07_2024,Y,GFCM
Central Med.,HKE,12_13_14_15_16,2022,167982,5898.28,2263,0.253599,SS3,https://gfcm.sharepoint.com/EG/_layouts/15/download.aspx?share=EcswpMsaCgVNjJKE4UMExWQBwMTs9lAEBpwGISn4korKlw,NA,Fmsy,HKE_12_13_14_15_16,0.29,0.87447931,NA,NA,2263,NA,Merluccius merluccius,European hake,7021,Bmsy,0.840091155,2023,23_07_2024,Y,GFCM
Central Med.,MTS,17,1953,950706,13506.5,694.1891667,0.0491874,SS3,https://gfcm.sharepoint.com/EG/_layouts/15/download.aspx?share=EbmZFuKWqr1PppNrvPNIekcBMu575K1I-1lKjHcvsHJJ0Q,NA,Fb40,MTS_17,0.33,0.149052727,NA,NA,694.1891667,NA,Squilla mantis,Spottail mantis squillid,NA,NA,NA,2023,30_06_2023,N,GFCM
Central Med.,MTS,17,1954,950676,13478.8,592.0811387,0.0418868,SS3,https://gfcm.sharepoint.com/EG/_layouts/15/download.aspx?share=EbmZFuKWqr1PppNrvPNIekcBMu575K1I-1lKjHcvsHJJ0Q,NA,Fb40,MTS_17,0.33,0.126929697,NA,NA,592.0811387,NA,Squilla mantis,Spottail mantis squillid,NA,NA,NA,2023,30_06_2023,N,GFCM
Central Med.,MTS,17,1955,950745,13543.2,619.5477907,0.0437183,SS3,https://gfcm.sharepoint.com/EG/_layouts/15/download.aspx?share=EbmZFuKWqr1PppNrvPNIekcBMu575K1I-1lKjHcvsHJJ0Q,NA,Fb40,MTS_17,0.33,0.132479697,NA,NA,619.5477907,NA,Squilla mantis,Spottail mantis squillid,NA,NA,NA,2023,30_06_2023,N,GFCM
Central Med.,MTS,17,1956,950775,13571.4,459.2424217,0.0322068,SS3,https://gfcm.sharepoint.com/EG/_layouts/15/download.aspx?share=EbmZFuKWqr1PppNrvPNIekcBMu575K1I-1lKjHcvsHJJ0Q,NA,Fb40,MTS_17,0.33,0.097596364,NA,NA,459.2424217,NA,Squilla mantis,Spottail mantis squillid,NA,NA,NA,2023,30_06_2023,N,GFCM
Central Med.,MTS,17,1957,950947,13734.9,955.6397327,0.0676162,SS3,https://gfcm.sharepoint.com/EG/_layouts/15/download.aspx?share=EbmZFuKWqr1PppNrvPNIekcBMu575K1I-1lKjHcvsHJJ0Q,NA,Fb40,MTS_17,0.33,0.204897576,NA,NA,955.6397327,NA,Squilla mantis,Spottail mantis squillid,NA,NA,NA,2023,30_06_2023,N,GFCM
Central Med.,MTS,17,1958,950610,13417.9,1575.243455,0.116329,SS3,https://gfcm.sharepoint.com/EG/_layouts/15/download.aspx?share=EbmZFuKWqr1PppNrvPNIekcBMu575K1I-1lKjHcvsHJJ0Q,NA,Fb40,MTS_17,0.33,0.352512121,NA,NA,1575.243455,NA,Squilla mantis,Spottail mantis squillid,NA,NA,NA,2023,30_06_2023,N,GFCM
Central Med.,MTS,17,1959,949643,12582.7,1898.456035,0.148629,SS3,https://gfcm.sharepoint.com/EG/_layouts/15/download.aspx?share=EbmZFuKWqr1PppNrvPNIekcBMu575K1I-1lKjHcvsHJJ0Q,NA,Fb40,MTS_17,0.33,0.450390909,NA,NA,1898.456035,NA,Squilla mantis,Spottail mantis squillid,NA,NA,NA,2023,30_06_2023,N,GFCM
Central Med.,MTS,17,1960,948371,11628.2,1606.492515,0.130318,SS3,https://gfcm.sharepoint.com/EG/_layouts/15/download.aspx?share=EbmZFuKWqr1PppNrvPNIekcBMu575K1I-1lKjHcvsHJJ0Q,NA,Fb40,MTS_17,0.33,0.39490303,NA,NA,1606.492515,NA,Squilla mantis,Spottail mantis squillid,NA,NA,NA,2023,30_06_2023,N,GFCM
Central Med.,MTS,17,1961,947681,11168.2,1804.173506,0.149309,SS3,https://gfcm.sharepoint.com/EG/_layouts/15/download.aspx?share=EbmZFuKWqr1PppNrvPNIekcBMu575K1I-1lKjHcvsHJJ0Q,NA,Fb40,MTS_17,0.33,0.452451515,NA,NA,1804.173506,NA,Squilla mantis,Spottail mantis squillid,NA,NA,NA,2023,30_06_2023,N,GFCM
Central Med.,MTS,17,1962,946932,10707.2,1745.479767,0.147001,SS3,https://gfcm.sharepoint.com/EG/_layouts/15/download.aspx?share=EbmZFuKWqr1PppNrvPNIekcBMu575K1I-1lKjHcvsHJJ0Q,NA,Fb40,MTS_17,0.33,0.445457576,NA,NA,1745.479767,NA,Squilla mantis,Spottail mantis squillid,NA,NA,NA,2023,30_06_2023,N,GFCM
Central Med.,MTS,17,1963,946458,10434.7,919.9071167,0.0755561,SS3,https://gfcm.sharepoint.com/EG/_layouts/15/download.aspx?share=EbmZFuKWqr1PppNrvPNIekcBMu575K1I-1lKjHcvsHJJ0Q,NA,Fb40,MTS_17,0.33,0.228957879,NA,NA,919.9071167,NA,Squilla mantis,Spottail mantis squillid,NA,NA,NA,2023,30_06_2023,N,GFCM
Central Med.,MTS,17,1964,947368,10970.9,1460.784423,0.117391,SS3,https://gfcm.sharepoint.com/EG/_layouts/15/download.aspx?share=EbmZFuKWqr1PppNrvPNIekcBMu575K1I-1lKjHcvsHJJ0Q,NA,Fb40,MTS_17,0.33,0.355730303,NA,NA,1460.784423,NA,Squilla mantis,Spottail mantis squillid,NA,NA,NA,2023,30_06_2023,N,GFCM
Central Med.,MTS,17,1965,947402,10992.1,2004.420381,0.165841,SS3,https://gfcm.sharepoint.com/EG/_layouts/15/download.aspx?share=EbmZFuKWqr1PppNrvPNIekcBMu575K1I-1lKjHcvsHJJ0Q,NA,Fb40,MTS_17,0.33,0.502548485,NA,NA,2004.420381,NA,Squilla mantis,Spottail mantis squillid,NA,NA,NA,2023,30_06_2023,N,GFCM
Central Med.,MTS,17,1966,946573,10499.6,1917.928393,0.164168,SS3,https://gfcm.sharepoint.com/EG/_layouts/15/download.aspx?share=EbmZFuKWqr1PppNrvPNIekcBMu575K1I-1lKjHcvsHJJ0Q,NA,Fb40,MTS_17,0.33,0.497478788,NA,NA,1917.928393,NA,Squilla mantis,Spottail mantis squillid,NA,NA,NA,2023,30_06_2023,N,GFCM
Central Med.,MTS,17,1967,945941,10152.1,1969.443847,0.171939,SS3,https://gfcm.sharepoint.com/EG/_layouts/15/download.aspx?share=EbmZFuKWqr1PppNrvPNIekcBMu575K1I-1lKjHcvsHJJ0Q,NA,Fb40,MTS_17,0.33,0.521027273,NA,NA,1969.443847,NA,Squilla mantis,Spottail mantis squillid,NA,NA,NA,2023,30_06_2023,N,GFCM
Central Med.,MTS,17,1968,945361,9852.59,2162.197819,0.193117,SS3,https://gfcm.sharepoint.com/EG/_layouts/15/download.aspx?share=EbmZFuKWqr1PppNrvPNIekcBMu575K1I-1lKjHcvsHJJ0Q,NA,Fb40,MTS_17,0.33,0.58520303,NA,NA,2162.197819,NA,Squilla mantis,Spottail mantis squillid,NA,NA,NA,2023,30_06_2023,N,GFCM
Central Med.,MTS,17,1969,944576,9473.91,1947.661293,0.176098,SS3,https://gfcm.sharepoint.com/EG/_layouts/15/download.aspx?share=EbmZFuKWqr1PppNrvPNIekcBMu575K1I-1lKjHcvsHJJ0Q,NA,Fb40,MTS_17,0.33,0.533630303,NA,NA,1947.661293,NA,Squilla mantis,Spottail mantis squillid,NA,NA,NA,2023,30_06_2023,N,GFCM
Central Med.,MTS,17,1970,944355,9372.16,3071.470846,0.292673,SS3,https://gfcm.sharepoint.com/EG/_layouts/15/download.aspx?share=EbmZFuKWqr1PppNrvPNIekcBMu575K1I-1lKjHcvsHJJ0Q,NA,Fb40,MTS_17,0.33,0.886887879,NA,NA,3071.470846,NA,Squilla mantis,Spottail mantis squillid,NA,NA,NA,2023,30_06_2023,N,GFCM
Central Med.,MTS,17,1971,941938,8386.36,3217.094041,0.335674,SS3,https://gfcm.sharepoint.com/EG/_layouts/15/download.aspx?share=EbmZFuKWqr1PppNrvPNIekcBMu575K1I-1lKjHcvsHJJ0Q,NA,Fb40,MTS_17,0.33,1.017193939,NA,NA,3217.094041,NA,Squilla mantis,Spottail mantis squillid,NA,NA,NA,2023,30_06_2023,N,GFCM
Central Med.,MTS,17,1972,939113,7463.48,3803.54202,0.439848,SS3,https://gfcm.sharepoint.com/EG/_layouts/15/download.aspx?share=EbmZFuKWqr1PppNrvPNIekcBMu575K1I-1lKjHcvsHJJ0Q,NA,Fb40,MTS_17,0.33,1.332872727,NA,NA,3803.54202,NA,Squilla mantis,Spottail mantis squillid,NA,NA,NA,2023,30_06_2023,N,GFCM
Central Med.,MTS,17,1973,934507,6320.37,2642.231997,0.315432,SS3,https://gfcm.sharepoint.com/EG/_layouts/15/download.aspx?share=EbmZFuKWqr1PppNrvPNIekcBMu575K1I-1lKjHcvsHJJ0Q,NA,Fb40,MTS_17,0.33,0.955854545,NA,NA,2642.231997,NA,Squilla mantis,Spottail mantis squillid,NA,NA,NA,2023,30_06_2023,N,GFCM
Central Med.,MTS,17,1974,934698,6360.97,2609.511723,0.299106,SS3,https://gfcm.sharepoint.com/EG/_layouts/15/download.aspx?share=EbmZFuKWqr1PppNrvPNIekcBMu575K1I-1lKjHcvsHJJ0Q,NA,Fb40,MTS_17,0.33,0.906381818,NA,NA,2609.511723,NA,Squilla mantis,Spottail mantis squillid,NA,NA,NA,2023,30_06_2023,N,GFCM
Central Med.,MTS,17,1975,935510,6539.31,2838.194074,0.321734,SS3,https://gfcm.sharepoint.com/EG/_layouts/15/download.aspx?share=EbmZFuKWqr1PppNrvPNIekcBMu575K1I-1lKjHcvsHJJ0Q,NA,Fb40,MTS_17,0.33,0.974951515,NA,NA,2838.194074,NA,Squilla mantis,Spottail mantis squillid,NA,NA,NA,2023,30_06_2023,N,GFCM
Central Med.,MTS,17,1976,935462,6528.48,3026.605318,0.348891,SS3,https://gfcm.sharepoint.com/EG/_layouts/15/download.aspx?share=EbmZFuKWqr1PppNrvPNIekcBMu575K1I-1lKjHcvsHJJ0Q,NA,Fb40,MTS_17,0.33,1.057245455,NA,NA,3026.605318,NA,Squilla mantis,Spottail mantis squillid,NA,NA,NA,2023,30_06_2023,N,GFCM
Central Med.,MTS,17,1977,934692,6359.63,3229.678762,0.384737,SS3,https://gfcm.sharepoint.com/EG/_layouts/15/download.aspx?share=EbmZFuKWqr1PppNrvPNIekcBMu575K1I-1lKjHcvsHJJ0Q,NA,Fb40,MTS_17,0.33,1.165869697,NA,NA,3229.678762,NA,Squilla mantis,Spottail mantis squillid,NA,NA,NA,2023,30_06_2023,N,GFCM
Central Med.,MTS,17,1978,933208,6057.14,2721.375906,0.324618,SS3,https://gfcm.sharepoint.com/EG/_layouts/15/download.aspx?share=EbmZFuKWqr1PppNrvPNIekcBMu575K1I-1lKjHcvsHJJ0Q,NA,Fb40,MTS_17,0.33,0.983690909,NA,NA,2721.375906,NA,Squilla mantis,Spottail mantis squillid,NA,NA,NA,2023,30_06_2023,N,GFCM
Central Med.,MTS,17,1979,933929,6200.61,2599.483898,0.299896,SS3,https://gfcm.sharepoint.com/EG/_layouts/15/download.aspx?share=EbmZFuKWqr1PppNrvPNIekcBMu575K1I-1lKjHcvsHJJ0Q,NA,Fb40,MTS_17,0.33,0.908775758,NA,NA,2599.483898,NA,Squilla mantis,Spottail mantis squillid,NA,NA,NA,2023,30_06_2023,N,GFCM
Central Med.,MTS,17,1980,935107,6449.67,2401.724004,0.266873,SS3,https://gfcm.sharepoint.com/EG/_layouts/15/download.aspx?share=EbmZFuKWqr1PppNrvPNIekcBMu575K1I-1lKjHcvsHJJ0Q,NA,Fb40,MTS_17,0.33,0.808706061,NA,NA,2401.724004,NA,Squilla mantis,Spottail mantis squillid,NA,NA,NA,2023,30_06_2023,N,GFCM
Central Med.,MTS,17,1981,936670,6811.62,2457.696047,0.265079,SS3,https://gfcm.sharepoint.com/EG/_layouts/15/download.aspx?share=EbmZFuKWqr1PppNrvPNIekcBMu575K1I-1lKjHcvsHJJ0Q,NA,Fb40,MTS_17,0.33,0.803269697,NA,NA,2457.696047,NA,Squilla mantis,Spottail mantis squillid,NA,NA,NA,2023,30_06_2023,N,GFCM
Central Med.,MTS,17,1982,937655,7060.62,2464.008383,0.261657,SS3,https://gfcm.sharepoint.com/EG/_layouts/15/download.aspx?share=EbmZFuKWqr1PppNrvPNIekcBMu575K1I-1lKjHcvsHJJ0Q,NA,Fb40,MTS_17,0.33,0.7929,NA,NA,2464.008383,NA,Squilla mantis,Spottail mantis squillid,NA,NA,NA,2023,30_06_2023,N,GFCM
Central Med.,MTS,17,1983,938304,7234.39,2894.046262,0.311468,SS3,https://gfcm.sharepoint.com/EG/_layouts/15/download.aspx?share=EbmZFuKWqr1PppNrvPNIekcBMu575K1I-1lKjHcvsHJJ0Q,NA,Fb40,MTS_17,0.33,0.943842424,NA,NA,2894.046262,NA,Squilla mantis,Spottail mantis squillid,NA,NA,NA,2023,30_06_2023,N,GFCM
Central Med.,MTS,17,1984,937472,7012.95,3540.66119,0.407292,SS3,https://gfcm.sharepoint.com/EG/_layouts/15/download.aspx?share=EbmZFuKWqr1PppNrvPNIekcBMu575K1I-1lKjHcvsHJJ0Q,NA,Fb40,MTS_17,0.33,1.234218182,NA,NA,3540.66119,NA,Squilla mantis,Spottail mantis squillid,NA,NA,NA,2023,30_06_2023,N,GFCM
Central Med.,MTS,17,1985,934384,6294.43,3420.886612,0.422527,SS3,https://gfcm.sharepoint.com/EG/_layouts/15/download.aspx?share=EbmZFuKWqr1PppNrvPNIekcBMu575K1I-1lKjHcvsHJJ0Q,NA,Fb40,MTS_17,0.33,1.280384848,NA,NA,3420.886612,NA,Squilla mantis,Spottail mantis squillid,NA,NA,NA,2023,30_06_2023,N,GFCM
Central Med.,MTS,17,1986,931824,5799.03,2974.908086,0.372385,SS3,https://gfcm.sharepoint.com/EG/_layouts/15/download.aspx?share=EbmZFuKWqr1PppNrvPNIekcBMu575K1I-1lKjHcvsHJJ0Q,NA,Fb40,MTS_17,0.33,1.128439394,NA,NA,2974.908086,NA,Squilla mantis,Spottail mantis squillid,NA,NA,NA,2023,30_06_2023,N,GFCM
Central Med.,MTS,17,1987,931732,5782.6,2523.016739,0.3026,SS3,https://gfcm.sharepoint.com/EG/_layouts/15/download.aspx?share=EbmZFuKWqr1PppNrvPNIekcBMu575K1I-1lKjHcvsHJJ0Q,NA,Fb40,MTS_17,0.33,0.916969697,NA,NA,2523.016739,NA,Squilla mantis,Spottail mantis squillid,NA,NA,NA,2023,30_06_2023,N,GFCM
Central Med.,MTS,17,1988,933754,6165.09,1986.188516,0.219954,SS3,https://gfcm.sharepoint.com/EG/_layouts/15/download.aspx?share=EbmZFuKWqr1PppNrvPNIekcBMu575K1I-1lKjHcvsHJJ0Q,NA,Fb40,MTS_17,0.33,0.666527273,NA,NA,1986.188516,NA,Squilla mantis,Spottail mantis squillid,NA,NA,NA,2023,30_06_2023,N,GFCM
Central Med.,MTS,17,1989,937136,6927.1,2535.321799,0.268687,SS3,https://gfcm.sharepoint.com/EG/_layouts/15/download.aspx?share=EbmZFuKWqr1PppNrvPNIekcBMu575K1I-1lKjHcvsHJJ0Q,NA,Fb40,MTS_17,0.33,0.81420303,NA,NA,2535.321799,NA,Squilla mantis,Spottail mantis squillid,NA,NA,NA,2023,30_06_2023,N,GFCM
Central Med.,MTS,17,1990,937936,7134.84,2415.946736,0.254282,SS3,https://gfcm.sharepoint.com/EG/_layouts/15/download.aspx?share=EbmZFuKWqr1PppNrvPNIekcBMu575K1I-1lKjHcvsHJJ0Q,NA,Fb40,MTS_17,0.33,0.770551515,NA,NA,2415.946736,NA,Squilla mantis,Spottail mantis squillid,NA,NA,NA,2023,30_06_2023,N,GFCM
Central Med.,MTS,17,1991,938655,7332.05,2835.717081,0.301848,SS3,https://gfcm.sharepoint.com/EG/_layouts/15/download.aspx?share=EbmZFuKWqr1PppNrvPNIekcBMu575K1I-1lKjHcvsHJJ0Q,NA,Fb40,MTS_17,0.33,0.914690909,NA,NA,2835.717081,NA,Squilla mantis,Spottail mantis squillid,NA,NA,NA,2023,30_06_2023,N,GFCM
Central Med.,MTS,17,1992,937941,7136.22,3634.347443,0.416031,SS3,https://gfcm.sharepoint.com/EG/_layouts/15/download.aspx?share=EbmZFuKWqr1PppNrvPNIekcBMu575K1I-1lKjHcvsHJJ0Q,NA,Fb40,MTS_17,0.33,1.2607,NA,NA,3634.347443,NA,Squilla mantis,Spottail mantis squillid,NA,NA,NA,2023,30_06_2023,N,GFCM
Central Med.,MTS,17,1993,934475,6313.61,2833.080283,0.33793,SS3,https://gfcm.sharepoint.com/EG/_layouts/15/download.aspx?share=EbmZFuKWqr1PppNrvPNIekcBMu575K1I-1lKjHcvsHJJ0Q,NA,Fb40,MTS_17,0.33,1.024030303,NA,NA,2833.080283,NA,Squilla mantis,Spottail mantis squillid,NA,NA,NA,2023,30_06_2023,N,GFCM
Central Med.,MTS,17,1994,934193,6254.75,2999.318448,0.355767,SS3,https://gfcm.sharepoint.com/EG/_layouts/15/download.aspx?share=EbmZFuKWqr1PppNrvPNIekcBMu575K1I-1lKjHcvsHJJ0Q,NA,Fb40,MTS_17,0.33,1.078081818,NA,NA,2999.318448,NA,Squilla mantis,Spottail mantis squillid,NA,NA,NA,2023,30_06_2023,N,GFCM
Central Med.,MTS,17,1995,933697,6153.6,3389.724446,0.414875,SS3,https://gfcm.sharepoint.com/EG/_layouts/15/download.aspx?share=EbmZFuKWqr1PppNrvPNIekcBMu575K1I-1lKjHcvsHJJ0Q,NA,Fb40,MTS_17,0.33,1.25719697,NA,NA,3389.724446,NA,Squilla mantis,Spottail mantis squillid,NA,NA,NA,2023,30_06_2023,N,GFCM
Central Med.,MTS,17,1996,931731,5782.4,3985.121559,0.530451,SS3,https://gfcm.sharepoint.com/EG/_layouts/15/download.aspx?share=EbmZFuKWqr1PppNrvPNIekcBMu575K1I-1lKjHcvsHJJ0Q,NA,Fb40,MTS_17,0.33,1.607427273,NA,NA,3985.121559,NA,Squilla mantis,Spottail mantis squillid,NA,NA,NA,2023,30_06_2023,N,GFCM
Central Med.,MTS,17,1997,926918,5033.56,3469.907094,0.489965,SS3,https://gfcm.sharepoint.com/EG/_layouts/15/download.aspx?share=EbmZFuKWqr1PppNrvPNIekcBMu575K1I-1lKjHcvsHJJ0Q,NA,Fb40,MTS_17,0.33,1.484742424,NA,NA,3469.907094,NA,Squilla mantis,Spottail mantis squillid,NA,NA,NA,2023,30_06_2023,N,GFCM
Central Med.,MTS,17,1998,925236,4814.04,2722.494548,0.368159,SS3,https://gfcm.sharepoint.com/EG/_layouts/15/download.aspx?share=EbmZFuKWqr1PppNrvPNIekcBMu575K1I-1lKjHcvsHJJ0Q,NA,Fb40,MTS_17,0.33,1.115633333,NA,NA,2722.494548,NA,Squilla mantis,Spottail mantis squillid,NA,NA,NA,2023,30_06_2023,N,GFCM
Central Med.,MTS,17,1999,928361,5237.64,3584.328173,0.478349,SS3,https://gfcm.sharepoint.com/EG/_layouts/15/download.aspx?share=EbmZFuKWqr1PppNrvPNIekcBMu575K1I-1lKjHcvsHJJ0Q,NA,Fb40,MTS_17,0.33,1.449542424,NA,NA,3584.328173,NA,Squilla mantis,Spottail mantis squillid,NA,NA,NA,2023,30_06_2023,N,GFCM
Central Med.,MTS,17,2000,926701,5004.11,3965.025958,0.570327,SS3,https://gfcm.sharepoint.com/EG/_layouts/15/download.aspx?share=EbmZFuKWqr1PppNrvPNIekcBMu575K1I-1lKjHcvsHJJ0Q,NA,Fb40,MTS_17,0.33,1.728263636,NA,NA,3965.025958,NA,Squilla mantis,Spottail mantis squillid,NA,NA,NA,2023,30_06_2023,N,GFCM
Central Med.,MTS,17,2001,922464,4489.93,3988.397582,0.621257,SS3,https://gfcm.sharepoint.com/EG/_layouts/15/download.aspx?share=EbmZFuKWqr1PppNrvPNIekcBMu575K1I-1lKjHcvsHJJ0Q,NA,Fb40,MTS_17,0.33,1.88259697,NA,NA,3988.397582,NA,Squilla mantis,Spottail mantis squillid,NA,NA,NA,2023,30_06_2023,N,GFCM
Central Med.,MTS,17,2002,918112,4057.7,4108.531724,0.686935,SS3,https://gfcm.sharepoint.com/EG/_layouts/15/download.aspx?share=EbmZFuKWqr1PppNrvPNIekcBMu575K1I-1lKjHcvsHJJ0Q,NA,Fb40,MTS_17,0.33,2.081621212,NA,NA,4108.531724,NA,Squilla mantis,Spottail mantis squillid,NA,NA,NA,2023,30_06_2023,N,GFCM
Central Med.,MTS,17,2003,913139,3651.87,3736.743122,0.644683,SS3,https://gfcm.sharepoint.com/EG/_layouts/15/download.aspx?share=EbmZFuKWqr1PppNrvPNIekcBMu575K1I-1lKjHcvsHJJ0Q,NA,Fb40,MTS_17,0.33,1.953584848,NA,NA,3736.743122,NA,Squilla mantis,Spottail mantis squillid,NA,NA,NA,2023,30_06_2023,N,GFCM
Central Med.,MTS,17,2004,912322,3592.47,4744.345096,0.888766,SS3,https://gfcm.sharepoint.com/EG/_layouts/15/download.aspx?share=EbmZFuKWqr1PppNrvPNIekcBMu575K1I-1lKjHcvsHJJ0Q,NA,Fb40,MTS_17,0.33,2.693230303,NA,NA,4744.345096,NA,Squilla mantis,Spottail mantis squillid,NA,NA,NA,2023,30_06_2023,N,GFCM
Central Med.,MTS,17,2005,684791,2907.07,3830.14699,0.776302,SS3,https://gfcm.sharepoint.com/EG/_layouts/15/download.aspx?share=EbmZFuKWqr1PppNrvPNIekcBMu575K1I-1lKjHcvsHJJ0Q,NA,Fb40,MTS_17,0.33,2.352430303,NA,NA,3830.14699,NA,Squilla mantis,Spottail mantis squillid,NA,NA,NA,2023,30_06_2023,N,GFCM
Central Med.,MTS,17,2006,671195,2845.45,3935.90427,0.923715,SS3,https://gfcm.sharepoint.com/EG/_layouts/15/download.aspx?share=EbmZFuKWqr1PppNrvPNIekcBMu575K1I-1lKjHcvsHJJ0Q,NA,Fb40,MTS_17,0.33,2.799136364,NA,NA,3935.90427,NA,Squilla mantis,Spottail mantis squillid,NA,NA,NA,2023,30_06_2023,N,GFCM
Central Med.,MTS,17,2007,1000640,2193.29,4235.95332,1.45124,SS3,https://gfcm.sharepoint.com/EG/_layouts/15/download.aspx?share=EbmZFuKWqr1PppNrvPNIekcBMu575K1I-1lKjHcvsHJJ0Q,NA,Fb40,MTS_17,0.33,4.39769697,NA,NA,4235.95332,NA,Squilla mantis,Spottail mantis squillid,NA,NA,NA,2023,30_06_2023,N,GFCM
Central Med.,MTS,17,2008,1079630,1429.69,3864.11391,1.20325,SS3,https://gfcm.sharepoint.com/EG/_layouts/15/download.aspx?share=EbmZFuKWqr1PppNrvPNIekcBMu575K1I-1lKjHcvsHJJ0Q,NA,Fb40,MTS_17,0.33,3.646212121,NA,NA,3864.11391,NA,Squilla mantis,Spottail mantis squillid,NA,NA,NA,2023,30_06_2023,N,GFCM
Central Med.,MTS,17,2009,1014150,1978.3,4190.55525,0.922782,SS3,https://gfcm.sharepoint.com/EG/_layouts/15/download.aspx?share=EbmZFuKWqr1PppNrvPNIekcBMu575K1I-1lKjHcvsHJJ0Q,NA,Fb40,MTS_17,0.33,2.796309091,NA,NA,4190.55525,NA,Squilla mantis,Spottail mantis squillid,NA,NA,NA,2023,30_06_2023,N,GFCM
Central Med.,MTS,17,2010,918905,2622.19,4333.17036,0.818857,SS3,https://gfcm.sharepoint.com/EG/_layouts/15/download.aspx?share=EbmZFuKWqr1PppNrvPNIekcBMu575K1I-1lKjHcvsHJJ0Q,NA,Fb40,MTS_17,0.33,2.481384848,NA,NA,4333.17036,NA,Squilla mantis,Spottail mantis squillid,NA,NA,NA,2023,30_06_2023,N,GFCM
Central Med.,MTS,17,2011,727275,2911.09,3728.52864,0.693051,SS3,https://gfcm.sharepoint.com/EG/_layouts/15/download.aspx?share=EbmZFuKWqr1PppNrvPNIekcBMu575K1I-1lKjHcvsHJJ0Q,NA,Fb40,MTS_17,0.33,2.100154545,NA,NA,3728.52864,NA,Squilla mantis,Spottail mantis squillid,NA,NA,NA,2023,30_06_2023,N,GFCM
Central Med.,MTS,17,2012,855075,3141.27,2962.92832,0.551829,SS3,https://gfcm.sharepoint.com/EG/_layouts/15/download.aspx?share=EbmZFuKWqr1PppNrvPNIekcBMu575K1I-1lKjHcvsHJJ0Q,NA,Fb40,MTS_17,0.33,1.672209091,NA,NA,2962.92832,NA,Squilla mantis,Spottail mantis squillid,NA,NA,NA,2023,30_06_2023,N,GFCM
Central Med.,MTS,17,2013,866339,3333.86,2114.04676,0.344205,SS3,https://gfcm.sharepoint.com/EG/_layouts/15/download.aspx?share=EbmZFuKWqr1PppNrvPNIekcBMu575K1I-1lKjHcvsHJJ0Q,NA,Fb40,MTS_17,0.33,1.043045455,NA,NA,2114.04676,NA,Squilla mantis,Spottail mantis squillid,NA,NA,NA,2023,30_06_2023,N,GFCM
Central Med.,MTS,17,2014,909957,4248.38,2871.67004,0.422248,SS3,https://gfcm.sharepoint.com/EG/_layouts/15/download.aspx?share=EbmZFuKWqr1PppNrvPNIekcBMu575K1I-1lKjHcvsHJJ0Q,NA,Fb40,MTS_17,0.33,1.279539394,NA,NA,2871.67004,NA,Squilla mantis,Spottail mantis squillid,NA,NA,NA,2023,30_06_2023,N,GFCM
Central Med.,MTS,17,2015,906905,4610.04,3173.29708,0.446905,SS3,https://gfcm.sharepoint.com/EG/_layouts/15/download.aspx?share=EbmZFuKWqr1PppNrvPNIekcBMu575K1I-1lKjHcvsHJJ0Q,NA,Fb40,MTS_17,0.33,1.354257576,NA,NA,3173.29708,NA,Squilla mantis,Spottail mantis squillid,NA,NA,NA,2023,30_06_2023,N,GFCM
Central Med.,MTS,17,2016,882286,4763.63,3296.71038,0.463946,SS3,https://gfcm.sharepoint.com/EG/_layouts/15/download.aspx?share=EbmZFuKWqr1PppNrvPNIekcBMu575K1I-1lKjHcvsHJJ0Q,NA,Fb40,MTS_17,0.33,1.40589697,NA,NA,3296.71038,NA,Squilla mantis,Spottail mantis squillid,NA,NA,NA,2023,30_06_2023,N,GFCM
Central Med.,MTS,17,2017,905348,4762.07,3037.03084,0.425597,SS3,https://gfcm.sharepoint.com/EG/_layouts/15/download.aspx?share=EbmZFuKWqr1PppNrvPNIekcBMu575K1I-1lKjHcvsHJJ0Q,NA,Fb40,MTS_17,0.33,1.289687879,NA,NA,3037.03084,NA,Squilla mantis,Spottail mantis squillid,NA,NA,NA,2023,30_06_2023,N,GFCM
Central Med.,MTS,17,2018,974990,4876.95,3201.192,0.44572,SS3,https://gfcm.sharepoint.com/EG/_layouts/15/download.aspx?share=EbmZFuKWqr1PppNrvPNIekcBMu575K1I-1lKjHcvsHJJ0Q,NA,Fb40,MTS_17,0.33,1.350666667,NA,NA,3201.192,NA,Squilla mantis,Spottail mantis squillid,NA,NA,NA,2023,30_06_2023,N,GFCM
Central Med.,MTS,17,2019,902987,4903.58,2564.016163,0.332465,SS3,https://gfcm.sharepoint.com/EG/_layouts/15/download.aspx?share=EbmZFuKWqr1PppNrvPNIekcBMu575K1I-1lKjHcvsHJJ0Q,NA,Fb40,MTS_17,0.33,1.007469697,NA,NA,2564.016163,NA,Squilla mantis,Spottail mantis squillid,NA,NA,NA,2023,30_06_2023,N,GFCM
Central Med.,MTS,17,2020,762738,5551.04,2366.33506,0.279749,SS3,https://gfcm.sharepoint.com/EG/_layouts/15/download.aspx?share=EbmZFuKWqr1PppNrvPNIekcBMu575K1I-1lKjHcvsHJJ0Q,NA,Fb40,MTS_17,0.33,0.847724242,NA,NA,2366.33506,NA,Squilla mantis,Spottail mantis squillid,NA,NA,NA,2023,30_06_2023,N,GFCM
Central Med.,MTS,17,2021,1241070,6120.23,2646.845,0.323373,SS3,https://gfcm.sharepoint.com/EG/_layouts/15/download.aspx?share=EbmZFuKWqr1PppNrvPNIekcBMu575K1I-1lKjHcvsHJJ0Q,NA,Fb40,MTS_17,0.33,0.979918182,NA,NA,2646.845,NA,Squilla mantis,Spottail mantis squillid,NA,NA,NA,2023,30_06_2023,N,GFCM
Central Med.,MTS,17,2022,858040,6047.36,2708.69,0.298786,SS3,https://gfcm.sharepoint.com/EG/_layouts/15/download.aspx?share=EbmZFuKWqr1PppNrvPNIekcBMu575K1I-1lKjHcvsHJJ0Q,NA,Fb40,MTS_17,0.33,0.905412121,NA,NA,2708.69,NA,Squilla mantis,Spottail mantis squillid,NA,NA,NA,2023,30_06_2023,N,GFCM
Central Med.,MUT,16,2006,207978,2176.9,813.43,0.726,a4a,https://www.fao.org/gfcm/data/star/en/,NA,Fmsy,MUT_16,0.442,1.642533937,NA,NA,813.43,NA,Mullus barbatus,Red mullet,NA,NA,NA,2024,3_12_2024,Y,GFCM
Central Med.,MUT,16,2007,138665.7,2570.8,913.8,0.579,a4a,https://www.fao.org/gfcm/data/star/en/,NA,Fmsy,MUT_16,0.442,1.309954751,NA,NA,913.8,NA,Mullus barbatus,Red mullet,NA,NA,NA,2024,3_12_2024,Y,GFCM
Central Med.,MUT,16,2008,131297.1,1836.3,713.18,0.494,a4a,https://www.fao.org/gfcm/data/star/en/,NA,Fmsy,MUT_16,0.442,1.117647059,NA,NA,713.18,NA,Mullus barbatus,Red mullet,NA,NA,NA,2024,3_12_2024,Y,GFCM
Central Med.,MUT,16,2009,117054.9,1529.5,626.71,0.466,a4a,https://www.fao.org/gfcm/data/star/en/,NA,Fmsy,MUT_16,0.442,1.054298643,NA,NA,626.71,NA,Mullus barbatus,Red mullet,NA,NA,NA,2024,3_12_2024,Y,GFCM
Central Med.,MUT,16,2010,125310.3,1741,665.19,0.474,a4a,https://www.fao.org/gfcm/data/star/en/,NA,Fmsy,MUT_16,0.442,1.07239819,NA,NA,665.19,NA,Mullus barbatus,Red mullet,NA,NA,NA,2024,3_12_2024,Y,GFCM
Central Med.,MUT,16,2011,137258.8,1832.4,662.26,0.486,a4a,https://www.fao.org/gfcm/data/star/en/,NA,Fmsy,MUT_16,0.442,1.099547511,NA,NA,662.26,NA,Mullus barbatus,Red mullet,NA,NA,NA,2024,3_12_2024,Y,GFCM
Central Med.,MUT,16,2012,114599.8,1657.5,563.5,0.472,a4a,https://www.fao.org/gfcm/data/star/en/,NA,Fmsy,MUT_16,0.442,1.067873303,NA,NA,563.5,NA,Mullus barbatus,Red mullet,NA,NA,NA,2024,3_12_2024,Y,GFCM
Central Med.,MUT,16,2013,119171.3,1682,549.54,0.435,a4a,https://www.fao.org/gfcm/data/star/en/,NA,Fmsy,MUT_16,0.442,0.984162896,NA,NA,549.54,NA,Mullus barbatus,Red mullet,NA,NA,NA,2024,3_12_2024,Y,GFCM
Central Med.,MUT,16,2014,131907.3,1641.2,497.39,0.404,a4a,https://www.fao.org/gfcm/data/star/en/,NA,Fmsy,MUT_16,0.442,0.914027149,NA,NA,497.39,NA,Mullus barbatus,Red mullet,NA,NA,NA,2024,3_12_2024,Y,GFCM
Central Med.,MUT,16,2015,165618.7,1839.2,509.11,0.408,a4a,https://www.fao.org/gfcm/data/star/en/,NA,Fmsy,MUT_16,0.442,0.923076923,NA,NA,509.11,NA,Mullus barbatus,Red mullet,NA,NA,NA,2024,3_12_2024,Y,GFCM
Central Med.,MUT,16,2016,152114.5,2172,655.34,0.454,a4a,https://www.fao.org/gfcm/data/star/en/,NA,Fmsy,MUT_16,0.442,1.027149321,NA,NA,655.34,NA,Mullus barbatus,Red mullet,NA,NA,NA,2024,3_12_2024,Y,GFCM
Central Med.,MUT,16,2017,138322,1827.1,650.18,0.516,a4a,https://www.fao.org/gfcm/data/star/en/,NA,Fmsy,MUT_16,0.442,1.167420814,NA,NA,650.18,NA,Mullus barbatus,Red mullet,NA,NA,NA,2024,3_12_2024,Y,GFCM
Central Med.,MUT,16,2018,119605.8,1681.9,620.44,0.523,a4a,https://www.fao.org/gfcm/data/star/en/,NA,Fmsy,MUT_16,0.442,1.183257919,NA,NA,620.44,NA,Mullus barbatus,Red mullet,NA,NA,NA,2024,3_12_2024,Y,GFCM
Central Med.,MUT,16,2019,156923,1752.8,585.57,0.426,a4a,https://www.fao.org/gfcm/data/star/en/,NA,Fmsy,MUT_16,0.442,0.963800905,NA,NA,585.57,NA,Mullus barbatus,Red mullet,NA,NA,NA,2024,3_12_2024,Y,GFCM
Central Med.,MUT,16,2020,108586.9,2024.6,427,0.275,a4a,https://www.fao.org/gfcm/data/star/en/,NA,Fmsy,MUT_16,0.442,0.622171946,NA,NA,427,NA,Mullus barbatus,Red mullet,NA,NA,NA,2024,3_12_2024,Y,GFCM
Central Med.,MUT,16,2021,130479.3,2134.6,289,0.155,a4a,https://www.fao.org/gfcm/data/star/en/,NA,Fmsy,MUT_16,0.442,0.350678733,NA,NA,289,NA,Mullus barbatus,Red mullet,NA,NA,NA,2024,3_12_2024,Y,GFCM
Central Med.,MUT,16,2022,130517.5,2393.6,89.8,0.039,a4a,https://www.fao.org/gfcm/data/star/en/,NA,Fmsy,MUT_16,0.442,0.088235294,NA,NA,89.8,NA,Mullus barbatus,Red mullet,NA,NA,NA,2024,3_12_2024,Y,GFCM
Central Med.,MUT,20,2003,12214,430,NA,1.12,a4a,https://gfcm.sharepoint.com/EG/_layouts/15/download.aspx?share=EVnrPsIKqc9GgxdzbpYwSbwBxTtCZdpF13wBo19zSlab1Q,NA,Fmsy,MUT_20,0.3,3.733333333,NA,NA,442,NA,Mullus barbatus,Red mullet,NA,NA,NA,2022,29_06_2023,N,GFCM
Central Med.,MUT,20,2004,8683,372,NA,0.92,a4a,https://gfcm.sharepoint.com/EG/_layouts/15/download.aspx?share=EVnrPsIKqc9GgxdzbpYwSbwBxTtCZdpF13wBo19zSlab1Q,NA,Fmsy,MUT_20,0.3,3.066666667,NA,NA,303,NA,Mullus barbatus,Red mullet,NA,NA,NA,2022,29_06_2023,N,GFCM
Central Med.,MUT,20,2005,5741,322,NA,0.79,a4a,https://gfcm.sharepoint.com/EG/_layouts/15/download.aspx?share=EVnrPsIKqc9GgxdzbpYwSbwBxTtCZdpF13wBo19zSlab1Q,NA,Fmsy,MUT_20,0.3,2.633333333,NA,NA,239,NA,Mullus barbatus,Red mullet,NA,NA,NA,2022,29_06_2023,N,GFCM
Central Med.,MUT,20,2006,8923,366,NA,0.71,a4a,https://gfcm.sharepoint.com/EG/_layouts/15/download.aspx?share=EVnrPsIKqc9GgxdzbpYwSbwBxTtCZdpF13wBo19zSlab1Q,NA,Fmsy,MUT_20,0.3,2.366666667,NA,NA,206,NA,Mullus barbatus,Red mullet,NA,NA,NA,2022,29_06_2023,N,GFCM
Central Med.,MUT,20,2007,7138,398,NA,0.67,a4a,https://gfcm.sharepoint.com/EG/_layouts/15/download.aspx?share=EVnrPsIKqc9GgxdzbpYwSbwBxTtCZdpF13wBo19zSlab1Q,NA,Fmsy,MUT_20,0.3,2.233333333,NA,NA,236,NA,Mullus barbatus,Red mullet,NA,NA,NA,2022,29_06_2023,N,GFCM
Central Med.,MUT,20,2008,9271,442,NA,0.68,a4a,https://gfcm.sharepoint.com/EG/_layouts/15/download.aspx?share=EVnrPsIKqc9GgxdzbpYwSbwBxTtCZdpF13wBo19zSlab1Q,NA,Fmsy,MUT_20,0.3,2.266666667,NA,NA,255,NA,Mullus barbatus,Red mullet,NA,NA,NA,2022,29_06_2023,N,GFCM
Central Med.,MUT,20,2009,8027,449,NA,0.72,a4a,https://gfcm.sharepoint.com/EG/_layouts/15/download.aspx?share=EVnrPsIKqc9GgxdzbpYwSbwBxTtCZdpF13wBo19zSlab1Q,NA,Fmsy,MUT_20,0.3,2.4,NA,NA,290,NA,Mullus barbatus,Red mullet,NA,NA,NA,2022,29_06_2023,N,GFCM
Central Med.,MUT,20,2010,7283,408,NA,0.79,a4a,https://gfcm.sharepoint.com/EG/_layouts/15/download.aspx?share=EVnrPsIKqc9GgxdzbpYwSbwBxTtCZdpF13wBo19zSlab1Q,NA,Fmsy,MUT_20,0.3,2.633333333,NA,NA,302,NA,Mullus barbatus,Red mullet,NA,NA,NA,2022,29_06_2023,N,GFCM
Central Med.,MUT,20,2011,6605,350,NA,0.85,a4a,https://gfcm.sharepoint.com/EG/_layouts/15/download.aspx?share=EVnrPsIKqc9GgxdzbpYwSbwBxTtCZdpF13wBo19zSlab1Q,NA,Fmsy,MUT_20,0.3,2.833333333,NA,NA,281,NA,Mullus barbatus,Red mullet,NA,NA,NA,2022,29_06_2023,N,GFCM
Central Med.,MUT,20,2012,6322,304,NA,0.87,a4a,https://gfcm.sharepoint.com/EG/_layouts/15/download.aspx?share=EVnrPsIKqc9GgxdzbpYwSbwBxTtCZdpF13wBo19zSlab1Q,NA,Fmsy,MUT_20,0.3,2.9,NA,NA,251,NA,Mullus barbatus,Red mullet,NA,NA,NA,2022,29_06_2023,N,GFCM
Central Med.,MUT,20,2013,7912,308,NA,0.81,a4a,https://gfcm.sharepoint.com/EG/_layouts/15/download.aspx?share=EVnrPsIKqc9GgxdzbpYwSbwBxTtCZdpF13wBo19zSlab1Q,NA,Fmsy,MUT_20,0.3,2.7,NA,NA,240,NA,Mullus barbatus,Red mullet,NA,NA,NA,2022,29_06_2023,N,GFCM
Central Med.,MUT,20,2014,6253,300,NA,0.72,a4a,https://gfcm.sharepoint.com/EG/_layouts/15/download.aspx?share=EVnrPsIKqc9GgxdzbpYwSbwBxTtCZdpF13wBo19zSlab1Q,NA,Fmsy,MUT_20,0.3,2.4,NA,NA,215,NA,Mullus barbatus,Red mullet,NA,NA,NA,2022,29_06_2023,N,GFCM
Central Med.,MUT,20,2015,8160,336,NA,0.61,a4a,https://gfcm.sharepoint.com/EG/_layouts/15/download.aspx?share=EVnrPsIKqc9GgxdzbpYwSbwBxTtCZdpF13wBo19zSlab1Q,NA,Fmsy,MUT_20,0.3,2.033333333,NA,NA,214,NA,Mullus barbatus,Red mullet,NA,NA,NA,2022,29_06_2023,N,GFCM
Central Med.,MUT,20,2016,9533,409,NA,0.52,a4a,https://gfcm.sharepoint.com/EG/_layouts/15/download.aspx?share=EVnrPsIKqc9GgxdzbpYwSbwBxTtCZdpF13wBo19zSlab1Q,NA,Fmsy,MUT_20,0.3,1.733333333,NA,NA,224,NA,Mullus barbatus,Red mullet,NA,NA,NA,2022,29_06_2023,N,GFCM
Central Med.,MUT,20,2017,10071,492,NA,0.46,a4a,https://gfcm.sharepoint.com/EG/_layouts/15/download.aspx?share=EVnrPsIKqc9GgxdzbpYwSbwBxTtCZdpF13wBo19zSlab1Q,NA,Fmsy,MUT_20,0.3,1.533333333,NA,NA,243,NA,Mullus barbatus,Red mullet,NA,NA,NA,2022,29_06_2023,N,GFCM
Central Med.,MUT,20,2018,10579,571,NA,0.42,a4a,https://gfcm.sharepoint.com/EG/_layouts/15/download.aspx?share=EVnrPsIKqc9GgxdzbpYwSbwBxTtCZdpF13wBo19zSlab1Q,NA,Fmsy,MUT_20,0.3,1.4,NA,NA,265,NA,Mullus barbatus,Red mullet,NA,NA,NA,2022,29_06_2023,N,GFCM
Central Med.,MUT,20,2019,10873,638,NA,0.41,a4a,https://gfcm.sharepoint.com/EG/_layouts/15/download.aspx?share=EVnrPsIKqc9GgxdzbpYwSbwBxTtCZdpF13wBo19zSlab1Q,NA,Fmsy,MUT_20,0.3,1.366666667,NA,NA,285,NA,Mullus barbatus,Red mullet,NA,NA,NA,2022,29_06_2023,N,GFCM
Central Med.,MUT,20,2020,7496,622,NA,0.4,a4a,https://gfcm.sharepoint.com/EG/_layouts/15/download.aspx?share=EVnrPsIKqc9GgxdzbpYwSbwBxTtCZdpF13wBo19zSlab1Q,NA,Fmsy,MUT_20,0.3,1.333333333,NA,NA,271,NA,Mullus barbatus,Red mullet,NA,NA,NA,2022,29_06_2023,N,GFCM
Central Med.,MUT,20,2021,8065,603,NA,0.4,a4a,https://gfcm.sharepoint.com/EG/_layouts/15/download.aspx?share=EVnrPsIKqc9GgxdzbpYwSbwBxTtCZdpF13wBo19zSlab1Q,NA,Fmsy,MUT_20,0.3,1.333333333,NA,NA,256,NA,Mullus barbatus,Red mullet,NA,NA,NA,2022,29_06_2023,N,GFCM
Central Med.,PIL,16,2003,293741,3287.429999,1184.204152,0.4340165,a4a,https://gfcm.sharepoint.com/EG/_layouts/15/download.aspx?share=EfD4hqStCddLlSwplvcC1MkBbhOysG7AL8K2GuNdswpoOQ,NA,Fe40,PIL_16,0.47579,0.912201812,NA,NA,NA,7598.572554,Sardina pilchardus,European pilchard(=Sardine),NA,NA,NA,2022,30_06_2023,N,GFCM
Central Med.,PIL,16,2004,382334,3522.609786,871.52208,0.5930395,a4a,https://gfcm.sharepoint.com/EG/_layouts/15/download.aspx?share=EfD4hqStCddLlSwplvcC1MkBbhOysG7AL8K2GuNdswpoOQ,NA,Fe40,PIL_16,0.47579,1.246431199,NA,NA,NA,9056.453274,Sardina pilchardus,European pilchard(=Sardine),NA,NA,NA,2022,30_06_2023,N,GFCM
Central Med.,PIL,16,2005,427145,3954.867743,1235.83946,0.7637565,a4a,https://gfcm.sharepoint.com/EG/_layouts/15/download.aspx?share=EfD4hqStCddLlSwplvcC1MkBbhOysG7AL8K2GuNdswpoOQ,NA,Fe40,PIL_16,0.47579,1.605238656,NA,NA,NA,10171.76374,Sardina pilchardus,European pilchard(=Sardine),NA,NA,NA,2022,30_06_2023,N,GFCM
Central Med.,PIL,16,2006,384275,4282.750263,2315.99179,0.8833735,a4a,https://gfcm.sharepoint.com/EG/_layouts/15/download.aspx?share=EfD4hqStCddLlSwplvcC1MkBbhOysG7AL8K2GuNdswpoOQ,NA,Fe40,PIL_16,0.47579,1.856645789,NA,NA,NA,9941.53791,Sardina pilchardus,European pilchard(=Sardine),NA,NA,NA,2022,30_06_2023,N,GFCM
Central Med.,PIL,16,2007,304233,4002.896084,2169.01009,0.910941,a4a,https://gfcm.sharepoint.com/EG/_layouts/15/download.aspx?share=EfD4hqStCddLlSwplvcC1MkBbhOysG7AL8K2GuNdswpoOQ,NA,Fe40,PIL_16,0.47579,1.914586267,NA,NA,NA,8522.065653,Sardina pilchardus,European pilchard(=Sardine),NA,NA,NA,2022,30_06_2023,N,GFCM
Central Med.,PIL,16,2008,253770,3328.661069,2064.06579,0.874034,a4a,https://gfcm.sharepoint.com/EG/_layouts/15/download.aspx?share=EfD4hqStCddLlSwplvcC1MkBbhOysG7AL8K2GuNdswpoOQ,NA,Fe40,PIL_16,0.47579,1.837016331,NA,NA,NA,7087.399754,Sardina pilchardus,European pilchard(=Sardine),NA,NA,NA,2022,30_06_2023,N,GFCM
Central Med.,PIL,16,2009,254590,2781.797544,1642.60942,0.838361,a4a,https://gfcm.sharepoint.com/EG/_layouts/15/download.aspx?share=EfD4hqStCddLlSwplvcC1MkBbhOysG7AL8K2GuNdswpoOQ,NA,Fe40,PIL_16,0.47579,1.762039976,NA,NA,NA,6510.955484,Sardina pilchardus,European pilchard(=Sardine),NA,NA,NA,2022,30_06_2023,N,GFCM
Central Med.,PIL,16,2010,301679,2630.377745,766.85681,0.857181,a4a,https://gfcm.sharepoint.com/EG/_layouts/15/download.aspx?share=EfD4hqStCddLlSwplvcC1MkBbhOysG7AL8K2GuNdswpoOQ,NA,Fe40,PIL_16,0.47579,1.801595242,NA,NA,NA,7009.846443,Sardina pilchardus,European pilchard(=Sardine),NA,NA,NA,2022,30_06_2023,N,GFCM
Central Med.,PIL,16,2011,360830,2897.214277,1786.69696,0.956931,a4a,https://gfcm.sharepoint.com/EG/_layouts/15/download.aspx?share=EfD4hqStCddLlSwplvcC1MkBbhOysG7AL8K2GuNdswpoOQ,NA,Fe40,PIL_16,0.47579,2.011246558,NA,NA,NA,8130.246614,Sardina pilchardus,European pilchard(=Sardine),NA,NA,NA,2022,30_06_2023,N,GFCM
Central Med.,PIL,16,2012,364084,3336.079367,1885.07572,1.1349215,a4a,https://gfcm.sharepoint.com/EG/_layouts/15/download.aspx?share=EfD4hqStCddLlSwplvcC1MkBbhOysG7AL8K2GuNdswpoOQ,NA,Fe40,PIL_16,0.47579,2.385341222,NA,NA,NA,8658.841577,Sardina pilchardus,European pilchard(=Sardine),NA,NA,NA,2022,30_06_2023,N,GFCM
Central Med.,PIL,16,2013,289805,3384.639357,1758.1817,1.342445,a4a,https://gfcm.sharepoint.com/EG/_layouts/15/download.aspx?share=EfD4hqStCddLlSwplvcC1MkBbhOysG7AL8K2GuNdswpoOQ,NA,Fe40,PIL_16,0.47579,2.821507388,NA,NA,NA,7681.563391,Sardina pilchardus,European pilchard(=Sardine),NA,NA,NA,2022,30_06_2023,N,GFCM
Central Med.,PIL,16,2014,200404,2767.400855,1465.35495,1.4842455,a4a,https://gfcm.sharepoint.com/EG/_layouts/15/download.aspx?share=EfD4hqStCddLlSwplvcC1MkBbhOysG7AL8K2GuNdswpoOQ,NA,Fe40,PIL_16,0.47579,3.119539082,NA,NA,NA,5769.365329,Sardina pilchardus,European pilchard(=Sardine),NA,NA,NA,2022,30_06_2023,N,GFCM
Central Med.,PIL,16,2015,145289,1943.319234,1235.40635,1.48576,a4a,https://gfcm.sharepoint.com/EG/_layouts/15/download.aspx?share=EfD4hqStCddLlSwplvcC1MkBbhOysG7AL8K2GuNdswpoOQ,NA,Fe40,PIL_16,0.47579,3.122722209,NA,NA,NA,4112.394363,Sardina pilchardus,European pilchard(=Sardine),NA,NA,NA,2022,30_06_2023,N,GFCM
Central Med.,PIL,16,2016,126476,1389.113195,1261.32361,1.371385,a4a,https://gfcm.sharepoint.com/EG/_layouts/15/download.aspx?share=EfD4hqStCddLlSwplvcC1MkBbhOysG7AL8K2GuNdswpoOQ,NA,Fe40,PIL_16,0.47579,2.882332542,NA,NA,NA,3254.089395,Sardina pilchardus,European pilchard(=Sardine),NA,NA,NA,2022,30_06_2023,N,GFCM
Central Med.,PIL,16,2017,128865,1170.90294,344.21032,1.2384645,a4a,https://gfcm.sharepoint.com/EG/_layouts/15/download.aspx?share=EfD4hqStCddLlSwplvcC1MkBbhOysG7AL8K2GuNdswpoOQ,NA,Fe40,PIL_16,0.47579,2.602964543,NA,NA,NA,3053.697891,Sardina pilchardus,European pilchard(=Sardine),NA,NA,NA,2022,30_06_2023,N,GFCM
Central Med.,PIL,16,2018,128731,1168.482735,748.03755,1.173348,a4a,https://gfcm.sharepoint.com/EG/_layouts/15/download.aspx?share=EfD4hqStCddLlSwplvcC1MkBbhOysG7AL8K2GuNdswpoOQ,NA,Fe40,PIL_16,0.47579,2.466104794,NA,NA,NA,3051.003859,Sardina pilchardus,European pilchard(=Sardine),NA,NA,NA,2022,30_06_2023,N,GFCM
Central Med.,PIL,16,2019,102969,1186.958614,652.410292,1.2196505,a4a,https://gfcm.sharepoint.com/EG/_layouts/15/download.aspx?share=EfD4hqStCddLlSwplvcC1MkBbhOysG7AL8K2GuNdswpoOQ,NA,Fe40,PIL_16,0.47579,2.563421888,NA,NA,NA,2713.019445,Sardina pilchardus,European pilchard(=Sardine),NA,NA,NA,2022,30_06_2023,N,GFCM
Central Med.,PIL,16,2020,61066,1008.960711,413.76966,1.3893715,a4a,https://gfcm.sharepoint.com/EG/_layouts/15/download.aspx?share=EfD4hqStCddLlSwplvcC1MkBbhOysG7AL8K2GuNdswpoOQ,NA,Fe40,PIL_16,0.47579,2.920135984,NA,NA,NA,1935.676435,Sardina pilchardus,European pilchard(=Sardine),NA,NA,NA,2022,30_06_2023,N,GFCM
Central Med.,PIL,16,2021,29746,642.7037691,857.8625,1.6663905,a4a,https://gfcm.sharepoint.com/EG/_layouts/15/download.aspx?share=EfD4hqStCddLlSwplvcC1MkBbhOysG7AL8K2GuNdswpoOQ,NA,Fe40,PIL_16,0.47579,3.502365539,NA,NA,NA,1103.359011,Sardina pilchardus,European pilchard(=Sardine),NA,NA,NA,2022,30_06_2023,N,GFCM
Central Med.,HKE,19,2004,76443,1426,1299,0.804,a4a,https://www.fao.org/gfcm/data/star/en/,,Fmsy,HKE_19,0.211,3.81042654,NA,NA,1355,1426,Merluccius merluccius,European hake,NA,Bmsy,NA,2023,3_12_2024,Y,GFCM
Central Med.,HKE,19,2005,64670,1164,1271,0.67,a4a,https://www.fao.org/gfcm/data/star/en/,,Fmsy,HKE_19,0.211,3.17535545,NA,NA,1329,1164,Merluccius merluccius,European hake,NA,Bmsy,NA,2023,3_12_2024,Y,GFCM
Central Med.,HKE,19,2006,61241,1256,1629,0.604,a4a,https://www.fao.org/gfcm/data/star/en/,,Fmsy,HKE_19,0.211,2.862559242,NA,NA,1663,1256,Merluccius merluccius,European hake,NA,Bmsy,NA,2023,3_12_2024,Y,GFCM
Central Med.,HKE,19,2007,50532,1336,882,0.604,a4a,https://www.fao.org/gfcm/data/star/en/,,Fmsy,HKE_19,0.211,2.862559242,NA,NA,913,1336,Merluccius merluccius,European hake,NA,Bmsy,NA,2023,3_12_2024,Y,GFCM
Central Med.,HKE,19,2008,49805,1338,932,0.643,a4a,https://www.fao.org/gfcm/data/star/en/,,Fmsy,HKE_19,0.211,3.047393365,NA,NA,969,1338,Merluccius merluccius,European hake,NA,Bmsy,NA,2023,3_12_2024,Y,GFCM
Central Med.,HKE,19,2009,48535,1301,999,0.673,a4a,https://www.fao.org/gfcm/data/star/en/,,Fmsy,HKE_19,0.211,3.18957346,NA,NA,1052,1301,Merluccius merluccius,European hake,NA,Bmsy,NA,2023,3_12_2024,Y,GFCM
Central Med.,HKE,19,2010,49289,1188,839,0.658,a4a,https://www.fao.org/gfcm/data/star/en/,,Fmsy,HKE_19,0.211,3.118483412,NA,NA,850,1188,Merluccius merluccius,European hake,NA,Bmsy,NA,2023,3_12_2024,Y,GFCM
Central Med.,HKE,19,2011,49563,1105,810,0.611,a4a,https://www.fao.org/gfcm/data/star/en/,,Fmsy,HKE_19,0.211,2.895734597,NA,NA,819,1105,Merluccius merluccius,European hake,NA,Bmsy,NA,2023,3_12_2024,Y,GFCM
Central Med.,HKE,19,2012,47037,1076,675,0.575,a4a,https://www.fao.org/gfcm/data/star/en/,,Fmsy,HKE_19,0.211,2.725118483,NA,NA,686,1076,Merluccius merluccius,European hake,NA,Bmsy,NA,2023,3_12_2024,Y,GFCM
Central Med.,HKE,19,2013,37138,1152,760,0.582,a4a,https://www.fao.org/gfcm/data/star/en/,,Fmsy,HKE_19,0.211,2.758293839,NA,NA,771,1152,Merluccius merluccius,European hake,NA,Bmsy,NA,2023,3_12_2024,Y,GFCM
Central Med.,HKE,19,2014,41341,1222,740,0.632,a4a,https://www.fao.org/gfcm/data/star/en/,,Fmsy,HKE_19,0.211,2.995260664,NA,NA,744,1222,Merluccius merluccius,European hake,NA,Bmsy,NA,2023,3_12_2024,Y,GFCM
Central Med.,HKE,19,2015,53883,1067,807,0.683,a4a,https://www.fao.org/gfcm/data/star/en/,,Fmsy,HKE_19,0.211,3.236966825,NA,NA,812,1067,Merluccius merluccius,European hake,NA,Bmsy,NA,2023,3_12_2024,Y,GFCM
Central Med.,HKE,19,2016,53923,1068,707,0.815,a4a,https://www.fao.org/gfcm/data/star/en/,,Fmsy,HKE_19,0.211,3.862559242,NA,NA,725,1068,Merluccius merluccius,European hake,NA,Bmsy,NA,2023,3_12_2024,Y,GFCM
Central Med.,HKE,19,2017,52464,975,714,0.707,a4a,https://www.fao.org/gfcm/data/star/en/,,Fmsy,HKE_19,0.211,3.3507109,NA,NA,719,975,Merluccius merluccius,European hake,NA,Bmsy,NA,2023,3_12_2024,Y,GFCM
Central Med.,HKE,19,2018,44380,1007,660,0.567,a4a,https://www.fao.org/gfcm/data/star/en/,,Fmsy,HKE_19,0.211,2.687203791,NA,NA,672,1007,Merluccius merluccius,European hake,NA,Bmsy,NA,2023,3_12_2024,Y,GFCM
Central Med.,HKE,19,2019,47756,1122,669,0.456,a4a,https://www.fao.org/gfcm/data/star/en/,,Fmsy,HKE_19,0.211,2.161137441,NA,NA,709,1122,Merluccius merluccius,European hake,NA,Bmsy,NA,2023,3_12_2024,Y,GFCM
Central Med.,HKE,19,2020,40029,1356,614,0.383,a4a,https://www.fao.org/gfcm/data/star/en/,,Fmsy,HKE_19,0.211,1.815165877,NA,NA,614.5,1356,Merluccius merluccius,European hake,NA,Bmsy,NA,2023,3_12_2024,Y,GFCM
Central Med.,HKE,19,2021,51566,1527,622,0.335,a4a,https://www.fao.org/gfcm/data/star/en/,,Fmsy,HKE_19,0.211,1.587677725,NA,NA,631,1527,Merluccius merluccius,European hake,NA,Bmsy,NA,2023,3_12_2024,Y,GFCM
Central Med.,HKE,19,2022,50367,1923.86,611,0.33175,a4a,https://www.fao.org/gfcm/data/star/en/,,Fmsy,HKE_19,0.211,1.572274882,NA,NA,643,1923.86,Merluccius merluccius,European hake,NA,Bmsy,NA,2023,3_12_2024,Y,GFCM
Central Med.,HKE,17_18,1971,815259,256153,2162.09,0.043,SS3,https://www.fao.org/gfcm/data/star/en/,NA,Fb35,HKE_17_18,0.231,0.186147186,NA,26188.025,2162.09,256153,Merluccius merluccius,European hake,104752.098,B35,2.445325725,2024,3_12_2024,Y,GFCM
Central Med.,HKE,17_18,1972,813485,255818,2409.13,0.048,SS3,https://www.fao.org/gfcm/data/star/en/,NA,Fb35,HKE_17_18,0.231,0.207792208,NA,26188.025,2409.13,255818,Merluccius merluccius,European hake,104752.098,B35,2.442127698,2024,3_12_2024,Y,GFCM
Central Med.,HKE,17_18,1973,811587,255167,2612.19,0.053,SS3,https://www.fao.org/gfcm/data/star/en/,NA,Fb35,HKE_17_18,0.231,0.229437229,NA,26188.025,2612.19,255167,Merluccius merluccius,European hake,104752.098,B35,2.435913026,2024,3_12_2024,Y,GFCM
Central Med.,HKE,17_18,1974,809380,253989,2803.27,0.057,SS3,https://www.fao.org/gfcm/data/star/en/,NA,Fb35,HKE_17_18,0.231,0.246753247,NA,26188.025,2803.27,253989,Merluccius merluccius,European hake,104752.098,B35,2.424667428,2024,3_12_2024,Y,GFCM
Central Med.,HKE,17_18,1975,806643,252266,4294.77,0.091,SS3,https://www.fao.org/gfcm/data/star/en/,NA,Fb35,HKE_17_18,0.231,0.393939394,NA,26188.025,4294.77,252266,Merluccius merluccius,European hake,104752.098,B35,2.40821907,2024,3_12_2024,Y,GFCM
Central Med.,HKE,17_18,1976,803172,249035,4804.16,0.105,SS3,https://www.fao.org/gfcm/data/star/en/,NA,Fb35,HKE_17_18,0.231,0.454545455,NA,26188.025,4804.16,249035,Merluccius merluccius,European hake,104752.098,B35,2.377374819,2024,3_12_2024,Y,GFCM
Central Med.,HKE,17_18,1977,799223,244263,5028.52,0.114,SS3,https://www.fao.org/gfcm/data/star/en/,NA,Fb35,HKE_17_18,0.231,0.493506494,NA,26188.025,5028.52,244263,Merluccius merluccius,European hake,104752.098,B35,2.331819645,2024,3_12_2024,Y,GFCM
Central Med.,HKE,17_18,1978,794264,238147,4120.25,0.095,SS3,https://www.fao.org/gfcm/data/star/en/,NA,Fb35,HKE_17_18,0.231,0.411255411,NA,26188.025,4120.25,238147,Merluccius merluccius,European hake,104752.098,B35,2.27343418,2024,3_12_2024,Y,GFCM
Central Med.,HKE,17_18,1979,788888,231864,4919.28,0.116,SS3,https://www.fao.org/gfcm/data/star/en/,NA,Fb35,HKE_17_18,0.231,0.502164502,NA,26188.025,4919.28,231864,Merluccius merluccius,European hake,104752.098,B35,2.213454474,2024,3_12_2024,Y,GFCM
Central Med.,HKE,17_18,1980,783251,225164,4044.66,0.093,SS3,https://www.fao.org/gfcm/data/star/en/,NA,Fb35,HKE_17_18,0.231,0.402597403,NA,26188.025,4044.66,225164,Merluccius merluccius,European hake,104752.098,B35,2.149493941,2024,3_12_2024,Y,GFCM
Central Med.,HKE,17_18,1981,775768,219089,3675.69,0.085,SS3,https://www.fao.org/gfcm/data/star/en/,NA,Fb35,HKE_17_18,0.231,0.367965368,NA,26188.025,3675.69,219089,Merluccius merluccius,European hake,104752.098,B35,2.091499876,2024,3_12_2024,Y,GFCM
Central Med.,HKE,17_18,1982,766299,214185,5565.61,0.133,SS3,https://www.fao.org/gfcm/data/star/en/,NA,Fb35,HKE_17_18,0.231,0.575757576,NA,26188.025,5565.61,214185,Merluccius merluccius,European hake,104752.098,B35,2.044684585,2024,3_12_2024,Y,GFCM
Central Med.,HKE,17_18,1983,751972,209046,4260.57,0.104,SS3,https://www.fao.org/gfcm/data/star/en/,NA,Fb35,HKE_17_18,0.231,0.45021645,NA,26188.025,4260.57,209046,Merluccius merluccius,European hake,104752.098,B35,1.995625901,2024,3_12_2024,Y,GFCM
Central Med.,HKE,17_18,1984,732209,204725,5261.32,0.132,SS3,https://www.fao.org/gfcm/data/star/en/,NA,Fb35,HKE_17_18,0.231,0.571428571,NA,26188.025,5261.32,204725,Merluccius merluccius,European hake,104752.098,B35,1.954376131,2024,3_12_2024,Y,GFCM
Central Med.,HKE,17_18,1985,705279,200190,5419.37,0.14,SS3,https://www.fao.org/gfcm/data/star/en/,NA,Fb35,HKE_17_18,0.231,0.606060606,NA,26188.025,5419.37,200190,Merluccius merluccius,European hake,104752.098,B35,1.911083442,2024,3_12_2024,Y,GFCM
Central Med.,HKE,17_18,1986,674490,195294,5240.03,0.14,SS3,https://www.fao.org/gfcm/data/star/en/,NA,Fb35,HKE_17_18,0.231,0.606060606,NA,26188.025,5240.03,195294,Merluccius merluccius,European hake,104752.098,B35,1.864344521,2024,3_12_2024,Y,GFCM
Central Med.,HKE,17_18,1987,641090,190121,5632.09,0.156,SS3,https://www.fao.org/gfcm/data/star/en/,NA,Fb35,HKE_17_18,0.231,0.675324675,NA,26188.025,5632.09,190121,Merluccius merluccius,European hake,104752.098,B35,1.814961262,2024,3_12_2024,Y,GFCM
Central Med.,HKE,17_18,1988,605143,184270,7078.23,0.216,SS3,https://www.fao.org/gfcm/data/star/en/,NA,Fb35,HKE_17_18,0.231,0.935064935,NA,26188.025,7078.23,184270,Merluccius merluccius,European hake,104752.098,B35,1.759105579,2024,3_12_2024,Y,GFCM
Central Med.,HKE,17_18,1989,574663,176724,7053.01,0.241,SS3,https://www.fao.org/gfcm/data/star/en/,NA,Fb35,HKE_17_18,0.231,1.043290043,NA,26188.025,7053.01,176724,Merluccius merluccius,European hake,104752.098,B35,1.687068836,2024,3_12_2024,Y,GFCM
Central Med.,HKE,17_18,1990,575341,167669,7509.28,0.29,SS3,https://www.fao.org/gfcm/data/star/en/,NA,Fb35,HKE_17_18,0.231,1.255411255,NA,26188.025,7509.28,167669,Merluccius merluccius,European hake,104752.098,B35,1.600626653,2024,3_12_2024,Y,GFCM
Central Med.,HKE,17_18,1991,672333,156793,5932.96,0.258,SS3,https://www.fao.org/gfcm/data/star/en/,NA,Fb35,HKE_17_18,0.231,1.116883117,NA,26188.025,5932.96,156793,Merluccius merluccius,European hake,104752.098,B35,1.49680057,2024,3_12_2024,Y,GFCM
Central Med.,HKE,17_18,1992,1111430,145674,8257.94,0.382,SS3,https://www.fao.org/gfcm/data/star/en/,NA,Fb35,HKE_17_18,0.231,1.653679654,NA,26188.025,8257.94,145674,Merluccius merluccius,European hake,104752.098,B35,1.390654725,2024,3_12_2024,Y,GFCM
Central Med.,HKE,17_18,1993,1344710,132874,11304.3,0.555,SS3,https://www.fao.org/gfcm/data/star/en/,NA,Fb35,HKE_17_18,0.231,2.402597403,NA,26188.025,11304.3,132874,Merluccius merluccius,European hake,104752.098,B35,1.268461468,2024,3_12_2024,Y,GFCM
Central Med.,HKE,17_18,1994,515651,118294,8440.4,0.335,SS3,https://www.fao.org/gfcm/data/star/en/,NA,Fb35,HKE_17_18,0.231,1.45021645,NA,26188.025,8440.4,118294,Merluccius merluccius,European hake,104752.098,B35,1.129275711,2024,3_12_2024,Y,GFCM
Central Med.,HKE,17_18,1995,643045,106490,11003.13,0.338,SS3,https://www.fao.org/gfcm/data/star/en/,NA,Fb35,HKE_17_18,0.231,1.463203463,NA,26188.025,11003.13,106490,Merluccius merluccius,European hake,104752.098,B35,1.016590618,2024,3_12_2024,Y,GFCM
Central Med.,HKE,17_18,1996,632990,98460.2,8753.55,0.309,SS3,https://www.fao.org/gfcm/data/star/en/,NA,Fb35,HKE_17_18,0.231,1.337662338,NA,26188.025,8753.55,98460.2,Merluccius merluccius,European hake,104752.098,B35,0.939935351,2024,3_12_2024,Y,GFCM
Central Med.,HKE,17_18,1997,438529,93804.4,7287.79,0.307,SS3,https://www.fao.org/gfcm/data/star/en/,NA,Fb35,HKE_17_18,0.231,1.329004329,NA,26188.025,7287.79,93804.4,Merluccius merluccius,European hake,104752.098,B35,0.895489463,2024,3_12_2024,Y,GFCM
Central Med.,HKE,17_18,1998,590079,89596.9,8243.86,0.397,SS3,https://www.fao.org/gfcm/data/star/en/,NA,Fb35,HKE_17_18,0.231,1.718614719,NA,26188.025,8243.86,89596.9,Merluccius merluccius,European hake,104752.098,B35,0.855323203,2024,3_12_2024,Y,GFCM
Central Med.,HKE,17_18,1999,328000,85884.5,5976.28,0.346,SS3,https://www.fao.org/gfcm/data/star/en/,NA,Fb35,HKE_17_18,0.231,1.497835498,NA,26188.025,5976.28,85884.5,Merluccius merluccius,European hake,104752.098,B35,0.81988334,2024,3_12_2024,Y,GFCM
Central Med.,HKE,17_18,2000,514412,82281.3,6041.89,0.38,SS3,https://www.fao.org/gfcm/data/star/en/,NA,Fb35,HKE_17_18,0.231,1.645021645,NA,26188.025,6041.89,82281.3,Merluccius merluccius,European hake,104752.098,B35,0.785485938,2024,3_12_2024,Y,GFCM
Central Med.,HKE,17_18,2001,803566,77740.2,6331.25,0.479,SS3,https://www.fao.org/gfcm/data/star/en/,NA,Fb35,HKE_17_18,0.231,2.073593074,NA,26188.025,6331.25,77740.2,Merluccius merluccius,European hake,104752.098,B35,0.742135017,2024,3_12_2024,Y,GFCM
Central Med.,HKE,17_18,2002,468567,72103.6,5668.34,0.422,SS3,https://www.fao.org/gfcm/data/star/en/,NA,Fb35,HKE_17_18,0.231,1.826839827,NA,26188.025,5668.34,72103.6,Merluccius merluccius,European hake,104752.098,B35,0.688326071,2024,3_12_2024,Y,GFCM
Central Med.,HKE,17_18,2003,683748,65946.7,6759.21,0.406,SS3,https://www.fao.org/gfcm/data/star/en/,NA,Fb35,HKE_17_18,0.231,1.757575758,NA,26188.025,6759.21,65946.7,Merluccius merluccius,European hake,104752.098,B35,0.629550159,2024,3_12_2024,Y,GFCM
Central Med.,HKE,17_18,2004,915770,60781.9,6383.16,0.382,SS3,https://www.fao.org/gfcm/data/star/en/,NA,Fb35,HKE_17_18,0.231,1.653679654,NA,26188.025,6383.16,60781.9,Merluccius merluccius,European hake,104752.098,B35,0.58024518,2024,3_12_2024,Y,GFCM
Central Med.,HKE,17_18,2005,901514,56823.7,8165.37,0.447,SS3,https://www.fao.org/gfcm/data/star/en/,NA,Fb35,HKE_17_18,0.231,1.935064935,NA,26188.025,8165.37,56823.7,Merluccius merluccius,European hake,104752.098,B35,0.542458825,2024,3_12_2024,Y,GFCM
Central Med.,HKE,17_18,2006,756234,52463,11330.69,0.56,SS3,https://www.fao.org/gfcm/data/star/en/,NA,Fb35,HKE_17_18,0.231,2.424242424,NA,26188.025,11330.69,52463,Merluccius merluccius,European hake,104752.098,B35,0.500830065,2024,3_12_2024,Y,GFCM
Central Med.,HKE,17_18,2007,775187,48704.8,9587.48,0.471,SS3,https://www.fao.org/gfcm/data/star/en/,NA,Fb35,HKE_17_18,0.231,2.038961039,NA,26188.025,9587.48,48704.8,Merluccius merluccius,European hake,104752.098,B35,0.464952979,2024,3_12_2024,Y,GFCM
Central Med.,HKE,17_18,2008,471194,46443.6,8574.14,0.423,SS3,https://www.fao.org/gfcm/data/star/en/,NA,Fb35,HKE_17_18,0.231,1.831168831,NA,26188.025,8574.14,46443.6,Merluccius merluccius,European hake,104752.098,B35,0.443366776,2024,3_12_2024,Y,GFCM
Central Med.,HKE,17_18,2009,522856,45433.6,8751.3,0.455,SS3,https://www.fao.org/gfcm/data/star/en/,NA,Fb35,HKE_17_18,0.231,1.96969697,NA,26188.025,8751.3,45433.6,Merluccius merluccius,European hake,104752.098,B35,0.433724965,2024,3_12_2024,Y,GFCM
Central Med.,HKE,17_18,2010,506563,44881.9,7817.7,0.504,SS3,https://www.fao.org/gfcm/data/star/en/,NA,Fb35,HKE_17_18,0.231,2.181818182,NA,26188.025,7817.7,44881.9,Merluccius merluccius,European hake,104752.098,B35,0.428458244,2024,3_12_2024,Y,GFCM
Central Med.,HKE,17_18,2011,515196,44075.5,6336.1,0.466,SS3,https://www.fao.org/gfcm/data/star/en/,NA,Fb35,HKE_17_18,0.231,2.017316017,NA,26188.025,6336.1,44075.5,Merluccius merluccius,European hake,104752.098,B35,0.420760069,2024,3_12_2024,Y,GFCM
Central Med.,HKE,17_18,2012,552242,42841.6,6291.22,0.463,SS3,https://www.fao.org/gfcm/data/star/en/,NA,Fb35,HKE_17_18,0.231,2.004329004,NA,26188.025,6291.22,42841.6,Merluccius merluccius,European hake,104752.098,B35,0.40898083,2024,3_12_2024,Y,GFCM
Central Med.,HKE,17_18,2013,438308,41118.1,6837.75,0.533,SS3,https://www.fao.org/gfcm/data/star/en/,NA,Fb35,HKE_17_18,0.231,2.307359307,NA,26188.025,6837.75,41118.1,Merluccius merluccius,European hake,104752.098,B35,0.392527699,2024,3_12_2024,Y,GFCM
Central Med.,HKE,17_18,2014,469299,38968.7,6090.63,0.466,SS3,https://www.fao.org/gfcm/data/star/en/,NA,Fb35,HKE_17_18,0.231,2.017316017,NA,26188.025,6090.63,38968.7,Merluccius merluccius,European hake,104752.098,B35,0.372008778,2024,3_12_2024,Y,GFCM
Central Med.,HKE,17_18,2015,655553,36864.1,6137.6,0.476,SS3,https://www.fao.org/gfcm/data/star/en/,NA,Fb35,HKE_17_18,0.231,2.060606061,NA,26188.025,6137.6,36864.1,Merluccius merluccius,European hake,104752.098,B35,0.351917534,2024,3_12_2024,Y,GFCM
Central Med.,HKE,17_18,2016,528413,34751.6,5615.3,0.404,SS3,https://www.fao.org/gfcm/data/star/en/,NA,Fb35,HKE_17_18,0.231,1.748917749,NA,26188.025,5615.3,34751.6,Merluccius merluccius,European hake,104752.098,B35,0.331750873,2024,3_12_2024,Y,GFCM
Central Med.,HKE,17_18,2017,564355,32925.3,6111.8,0.368,SS3,https://www.fao.org/gfcm/data/star/en/,NA,Fb35,HKE_17_18,0.231,1.593073593,NA,26188.025,6111.8,32925.3,Merluccius merluccius,European hake,104752.098,B35,0.314316378,2024,3_12_2024,Y,GFCM
Central Med.,HKE,17_18,2018,519871,32187.7,6724.32,0.385,SS3,https://www.fao.org/gfcm/data/star/en/,NA,Fb35,HKE_17_18,0.231,1.666666667,NA,26188.025,6724.32,32187.7,Merluccius merluccius,European hake,104752.098,B35,0.307274991,2024,3_12_2024,Y,GFCM
Central Med.,HKE,17_18,2019,554887,32539.2,5924.92,0.331,SS3,https://www.fao.org/gfcm/data/star/en/,NA,Fb35,HKE_17_18,0.231,1.432900433,NA,26188.025,5924.92,32539.2,Merluccius merluccius,European hake,104752.098,B35,0.310630533,2024,3_12_2024,Y,GFCM
Central Med.,HKE,17_18,2020,528594,33578.7,5690.5,0.302,SS3,https://www.fao.org/gfcm/data/star/en/,NA,Fb35,HKE_17_18,0.231,1.307359307,NA,26188.025,5690.5,33578.7,Merluccius merluccius,European hake,104752.098,B35,0.320553962,2024,3_12_2024,Y,GFCM
Central Med.,HKE,17_18,2021,498495,35579.7,5219.38,0.263,SS3,https://www.fao.org/gfcm/data/star/en/,NA,Fb35,HKE_17_18,0.231,1.138528139,NA,26188.025,5219.38,35579.7,Merluccius merluccius,European hake,104752.098,B35,0.339656204,2024,3_12_2024,Y,GFCM
Central Med.,HKE,17_18,2022,584635,38499.4,5887.37,0.311,SS3,https://www.fao.org/gfcm/data/star/en/,NA,Fb35,HKE_17_18,0.231,1.346320346,NA,26188.025,5887.37,38499.4,Merluccius merluccius,European hake,104752.098,B35,0.367528677,2024,3_12_2024,Y,GFCM
Central Med.,PIL,17_18,2000,NA,246807.3,27159.26,0.107,spict,https://www.fao.org/gfcm/data/star/en/,NA,Fmsy,PIL_17_18,0.199,0.537688442,NA,71400.8,27159.26,NA,Sardina pilchardus,European pilchard(=Sardine),238002.8,Bmsy,1.036993262,2024,3_12_2024,Y,GFCM
Central Med.,PIL,17_18,2001,NA,262410.6,25605.02,0.101,spict,https://www.fao.org/gfcm/data/star/en/,NA,Fmsy,PIL_17_18,0.199,0.507537688,NA,71400.8,25605.02,NA,Sardina pilchardus,European pilchard(=Sardine),238002.8,Bmsy,1.103,2024,3_12_2024,Y,GFCM
Central Med.,PIL,17_18,2002,NA,278155.6,28849.63,0.103,spict,https://www.fao.org/gfcm/data/star/en/,NA,Fmsy,PIL_17_18,0.199,0.51758794,NA,71400.8,28849.63,NA,Sardina pilchardus,European pilchard(=Sardine),238002.8,Bmsy,1.169,2024,3_12_2024,Y,GFCM
Central Med.,PIL,17_18,2003,NA,286614.3,26719.21,0.093,spict,https://www.fao.org/gfcm/data/star/en/,NA,Fmsy,PIL_17_18,0.199,0.467336683,NA,71400.8,26719.21,NA,Sardina pilchardus,European pilchard(=Sardine),238002.8,Bmsy,1.204,2024,3_12_2024,Y,GFCM
Central Med.,PIL,17_18,2004,NA,292634,26639.75,0.085,spict,https://www.fao.org/gfcm/data/star/en/,NA,Fmsy,PIL_17_18,0.199,0.427135678,NA,71400.8,26639.75,NA,Sardina pilchardus,European pilchard(=Sardine),238002.8,Bmsy,1.23,2024,3_12_2024,Y,GFCM
Central Med.,PIL,17_18,2005,NA,293532.9,21144.56,0.069,spict,https://www.fao.org/gfcm/data/star/en/,NA,Fmsy,PIL_17_18,0.199,0.346733668,NA,71400.8,21144.56,NA,Sardina pilchardus,European pilchard(=Sardine),238002.8,Bmsy,1.233,2024,3_12_2024,Y,GFCM
Central Med.,PIL,17_18,2006,NA,313041.7,20766.06,0.067,spict,https://www.fao.org/gfcm/data/star/en/,NA,Fmsy,PIL_17_18,0.199,0.336683417,NA,71400.8,20766.06,NA,Sardina pilchardus,European pilchard(=Sardine),238002.8,Bmsy,1.315,2024,3_12_2024,Y,GFCM
Central Med.,PIL,17_18,2007,NA,329123.7,22091.27,0.071,spict,https://www.fao.org/gfcm/data/star/en/,NA,Fmsy,PIL_17_18,0.199,0.35678392,NA,71400.8,22091.27,NA,Sardina pilchardus,European pilchard(=Sardine),238002.8,Bmsy,1.383,2024,3_12_2024,Y,GFCM
Central Med.,PIL,17_18,2008,NA,351297.4,27524.1,0.086,spict,https://www.fao.org/gfcm/data/star/en/,NA,Fmsy,PIL_17_18,0.199,0.432160804,NA,71400.8,27524.1,NA,Sardina pilchardus,European pilchard(=Sardine),238002.8,Bmsy,1.476,2024,3_12_2024,Y,GFCM
Central Med.,PIL,17_18,2009,NA,360420.8,33788.59,0.096,spict,https://www.fao.org/gfcm/data/star/en/,NA,Fmsy,PIL_17_18,0.199,0.48241206,NA,71400.8,33788.59,NA,Sardina pilchardus,European pilchard(=Sardine),238002.8,Bmsy,1.514,2024,3_12_2024,Y,GFCM
Central Med.,PIL,17_18,2010,NA,369508.7,36149.91,0.109,spict,https://www.fao.org/gfcm/data/star/en/,NA,Fmsy,PIL_17_18,0.199,0.547738693,NA,71400.8,36149.91,NA,Sardina pilchardus,European pilchard(=Sardine),238002.8,Bmsy,1.553,2024,3_12_2024,Y,GFCM
Central Med.,PIL,17_18,2011,NA,385885.2,54304.86,0.154,spict,https://www.fao.org/gfcm/data/star/en/,NA,Fmsy,PIL_17_18,0.199,0.773869347,NA,71400.8,54304.86,NA,Sardina pilchardus,European pilchard(=Sardine),238002.8,Bmsy,1.621,2024,3_12_2024,Y,GFCM
Central Med.,PIL,17_18,2012,NA,372786.4,60822.89,0.176,spict,https://www.fao.org/gfcm/data/star/en/,NA,Fmsy,PIL_17_18,0.199,0.884422111,NA,71400.8,60822.89,NA,Sardina pilchardus,European pilchard(=Sardine),238002.8,Bmsy,1.566,2024,3_12_2024,Y,GFCM
Central Med.,PIL,17_18,2013,NA,367406.1,80869.18,0.235,spict,https://www.fao.org/gfcm/data/star/en/,NA,Fmsy,PIL_17_18,0.199,1.180904523,NA,71400.8,80869.18,NA,Sardina pilchardus,European pilchard(=Sardine),238002.8,Bmsy,1.544,2024,3_12_2024,Y,GFCM
Central Med.,PIL,17_18,2014,NA,331823.7,83452.23,0.244,spict,https://www.fao.org/gfcm/data/star/en/,NA,Fmsy,PIL_17_18,0.199,1.226130653,NA,71400.8,83452.23,NA,Sardina pilchardus,European pilchard(=Sardine),238002.8,Bmsy,1.394,2024,3_12_2024,Y,GFCM
Central Med.,PIL,17_18,2015,NA,295125.3,78899.84,0.27,spict,https://www.fao.org/gfcm/data/star/en/,NA,Fmsy,PIL_17_18,0.199,1.35678392,NA,71400.8,78899.84,NA,Sardina pilchardus,European pilchard(=Sardine),238002.8,Bmsy,1.24,2024,3_12_2024,Y,GFCM
Central Med.,PIL,17_18,2016,NA,250036.6,79189.91,0.304,spict,https://www.fao.org/gfcm/data/star/en/,NA,Fmsy,PIL_17_18,0.199,1.527638191,NA,71400.8,79189.91,NA,Sardina pilchardus,European pilchard(=Sardine),238002.8,Bmsy,1.051,2024,3_12_2024,Y,GFCM
Central Med.,PIL,17_18,2017,NA,226687.6,69799.66,0.301,spict,https://www.fao.org/gfcm/data/star/en/,NA,Fmsy,PIL_17_18,0.199,1.512562814,NA,71400.8,69799.66,NA,Sardina pilchardus,European pilchard(=Sardine),238002.8,Bmsy,0.952,2024,3_12_2024,Y,GFCM
Central Med.,PIL,17_18,2018,NA,210877.5,69102.73,0.325,spict,https://www.fao.org/gfcm/data/star/en/,NA,Fmsy,PIL_17_18,0.199,1.633165829,NA,71400.8,69102.73,NA,Sardina pilchardus,European pilchard(=Sardine),238002.8,Bmsy,0.886,2024,3_12_2024,Y,GFCM
Central Med.,PIL,17_18,2019,NA,191176.1,65012.35,0.332,spict,https://www.fao.org/gfcm/data/star/en/,NA,Fmsy,PIL_17_18,0.199,1.668341709,NA,71400.8,65012.35,NA,Sardina pilchardus,European pilchard(=Sardine),238002.8,Bmsy,0.803,2024,3_12_2024,Y,GFCM
Central Med.,PIL,17_18,2020,NA,173810.1,61704.61,0.341,spict,https://www.fao.org/gfcm/data/star/en/,NA,Fmsy,PIL_17_18,0.199,1.713567839,NA,71400.8,61704.61,NA,Sardina pilchardus,European pilchard(=Sardine),238002.8,Bmsy,0.73,2024,3_12_2024,Y,GFCM
Central Med.,PIL,17_18,2021,NA,150663.6,53910.3,0.35,spict,https://www.fao.org/gfcm/data/star/en/,NA,Fmsy,PIL_17_18,0.199,1.75879397,NA,71400.8,53910.3,NA,Sardina pilchardus,European pilchard(=Sardine),238002.8,Bmsy,0.633,2024,3_12_2024,Y,GFCM
Central Med.,PIL,17_18,2022,NA,131329.8,49901.34,0.346,spict,https://www.fao.org/gfcm/data/star/en/,NA,Fmsy,PIL_17_18,0.199,1.738693467,NA,71400.8,49901.34,NA,Sardina pilchardus,European pilchard(=Sardine),238002.8,Bmsy,0.552,2024,3_12_2024,Y,GFCM
Central Med.,PIL,17_18,2023,NA,124286.3,37962.01,0.288,spict,https://www.fao.org/gfcm/data/star/en/,NA,Fmsy,PIL_17_18,0.199,1.447236181,NA,71400.8,37962.01,NA,Sardina pilchardus,European pilchard(=Sardine),238002.8,Bmsy,0.522,2024,3_12_2024,Y,GFCM
Central Med.,ARS,12_13_14_15_16,1983,NA,NA,NA,0.031,JABBA,https://gfcm.sharepoint.com/EG/_layouts/15/download.aspx?share=EWhgPJ2Z1Y1Put8XJgfx6ekB4I3TSwBFUjH9s9LVa55XAw,NA,Fmsy,ARS_12_13_14_15_16,0.201,0.154228856,NA,1586.638,259.135,8537.238,Aristaeomorpha foliacea,Giant Red Shrimp,5288.794,Bmsy,1.614212616,2023,30_08_2023,Y,GFCM
Central Med.,ARS,12_13_14_15_16,1984,NA,NA,NA,0.04,JABBA,https://gfcm.sharepoint.com/EG/_layouts/15/download.aspx?share=EWhgPJ2Z1Y1Put8XJgfx6ekB4I3TSwBFUjH9s9LVa55XAw,NA,Fmsy,ARS_12_13_14_15_16,0.201,0.199004975,NA,1586.638,371.06,9459.149,Aristaeomorpha foliacea,Giant Red Shrimp,5288.794,Bmsy,1.788526647,2023,30_08_2023,Y,GFCM
Central Med.,ARS,12_13_14_15_16,1985,NA,NA,NA,0.047,JABBA,https://gfcm.sharepoint.com/EG/_layouts/15/download.aspx?share=EWhgPJ2Z1Y1Put8XJgfx6ekB4I3TSwBFUjH9s9LVa55XAw,NA,Fmsy,ARS_12_13_14_15_16,0.201,0.233830846,NA,1586.638,479.263,10422.393,Aristaeomorpha foliacea,Giant Red Shrimp,5288.794,Bmsy,1.970655881,2023,30_08_2023,Y,GFCM
Central Med.,ARS,12_13_14_15_16,1986,NA,NA,NA,0.06,JABBA,https://gfcm.sharepoint.com/EG/_layouts/15/download.aspx?share=EWhgPJ2Z1Y1Put8XJgfx6ekB4I3TSwBFUjH9s9LVa55XAw,NA,Fmsy,ARS_12_13_14_15_16,0.201,0.298507463,NA,1586.638,619.988,10404.518,Aristaeomorpha foliacea,Giant Red Shrimp,5288.794,Bmsy,1.967276094,2023,30_08_2023,Y,GFCM
Central Med.,ARS,12_13_14_15_16,1987,NA,NA,NA,0.083,JABBA,https://gfcm.sharepoint.com/EG/_layouts/15/download.aspx?share=EWhgPJ2Z1Y1Put8XJgfx6ekB4I3TSwBFUjH9s9LVa55XAw,NA,Fmsy,ARS_12_13_14_15_16,0.201,0.412935323,NA,1586.638,801.044,9715.177,Aristaeomorpha foliacea,Giant Red Shrimp,5288.794,Bmsy,1.836936171,2023,30_08_2023,Y,GFCM
Central Med.,ARS,12_13_14_15_16,1988,NA,NA,NA,0.128,JABBA,https://gfcm.sharepoint.com/EG/_layouts/15/download.aspx?share=EWhgPJ2Z1Y1Put8XJgfx6ekB4I3TSwBFUjH9s9LVa55XAw,NA,Fmsy,ARS_12_13_14_15_16,0.201,0.63681592,NA,1586.638,1165.36,9206.396,Aristaeomorpha foliacea,Giant Red Shrimp,5288.794,Bmsy,1.740736357,2023,30_08_2023,Y,GFCM
Central Med.,ARS,12_13_14_15_16,1989,NA,NA,NA,0.149,JABBA,https://gfcm.sharepoint.com/EG/_layouts/15/download.aspx?share=EWhgPJ2Z1Y1Put8XJgfx6ekB4I3TSwBFUjH9s9LVa55XAw,NA,Fmsy,ARS_12_13_14_15_16,0.201,0.741293532,NA,1586.638,1246.867,8541.917,Aristaeomorpha foliacea,Giant Red Shrimp,5288.794,Bmsy,1.615097317,2023,30_08_2023,Y,GFCM
Central Med.,ARS,12_13_14_15_16,1990,NA,NA,NA,0.154,JABBA,https://gfcm.sharepoint.com/EG/_layouts/15/download.aspx?share=EWhgPJ2Z1Y1Put8XJgfx6ekB4I3TSwBFUjH9s9LVa55XAw,NA,Fmsy,ARS_12_13_14_15_16,0.201,0.766169154,NA,1586.638,1306.248,8031.235,Aristaeomorpha foliacea,Giant Red Shrimp,5288.794,Bmsy,1.518538064,2023,30_08_2023,Y,GFCM
Central Med.,ARS,12_13_14_15_16,1991,NA,NA,NA,0.153,JABBA,https://gfcm.sharepoint.com/EG/_layouts/15/download.aspx?share=EWhgPJ2Z1Y1Put8XJgfx6ekB4I3TSwBFUjH9s9LVa55XAw,NA,Fmsy,ARS_12_13_14_15_16,0.201,0.76119403,NA,1586.638,1008.769,6682.194,Aristaeomorpha foliacea,Giant Red Shrimp,5288.794,Bmsy,1.26346271,2023,30_08_2023,Y,GFCM
Central Med.,ARS,12_13_14_15_16,1992,NA,NA,NA,0.166,JABBA,https://gfcm.sharepoint.com/EG/_layouts/15/download.aspx?share=EWhgPJ2Z1Y1Put8XJgfx6ekB4I3TSwBFUjH9s9LVa55XAw,NA,Fmsy,ARS_12_13_14_15_16,0.201,0.825870647,NA,1586.638,1126.236,6731.192,Aristaeomorpha foliacea,Giant Red Shrimp,5288.794,Bmsy,1.272727204,2023,30_08_2023,Y,GFCM
Central Med.,ARS,12_13_14_15_16,1993,NA,NA,NA,0.118,JABBA,https://gfcm.sharepoint.com/EG/_layouts/15/download.aspx?share=EWhgPJ2Z1Y1Put8XJgfx6ekB4I3TSwBFUjH9s9LVa55XAw,NA,Fmsy,ARS_12_13_14_15_16,0.201,0.587064677,NA,1586.638,763.493,6398.594,Aristaeomorpha foliacea,Giant Red Shrimp,5288.794,Bmsy,1.209839899,2023,30_08_2023,Y,GFCM
Central Med.,ARS,12_13_14_15_16,1994,NA,NA,NA,0.121,JABBA,https://gfcm.sharepoint.com/EG/_layouts/15/download.aspx?share=EWhgPJ2Z1Y1Put8XJgfx6ekB4I3TSwBFUjH9s9LVa55XAw,NA,Fmsy,ARS_12_13_14_15_16,0.201,0.60199005,NA,1586.638,817.103,6440.569,Aristaeomorpha foliacea,Giant Red Shrimp,5288.794,Bmsy,1.217776491,2023,30_08_2023,Y,GFCM
Central Med.,ARS,12_13_14_15_16,1995,NA,NA,NA,0.158,JABBA,https://gfcm.sharepoint.com/EG/_layouts/15/download.aspx?share=EWhgPJ2Z1Y1Put8XJgfx6ekB4I3TSwBFUjH9s9LVa55XAw,NA,Fmsy,ARS_12_13_14_15_16,0.201,0.786069652,NA,1586.638,945.746,5905.143,Aristaeomorpha foliacea,Giant Red Shrimp,5288.794,Bmsy,1.116538666,2023,30_08_2023,Y,GFCM
Central Med.,ARS,12_13_14_15_16,1996,NA,NA,NA,0.154,JABBA,https://gfcm.sharepoint.com/EG/_layouts/15/download.aspx?share=EWhgPJ2Z1Y1Put8XJgfx6ekB4I3TSwBFUjH9s9LVa55XAw,NA,Fmsy,ARS_12_13_14_15_16,0.201,0.766169154,NA,1586.638,918.701,5781.954,Aristaeomorpha foliacea,Giant Red Shrimp,5288.794,Bmsy,1.093246211,2023,30_08_2023,Y,GFCM
Central Med.,ARS,12_13_14_15_16,1997,NA,NA,NA,0.16,JABBA,https://gfcm.sharepoint.com/EG/_layouts/15/download.aspx?share=EWhgPJ2Z1Y1Put8XJgfx6ekB4I3TSwBFUjH9s9LVa55XAw,NA,Fmsy,ARS_12_13_14_15_16,0.201,0.7960199,NA,1586.638,881.646,5493.228,Aristaeomorpha foliacea,Giant Red Shrimp,5288.794,Bmsy,1.038654181,2023,30_08_2023,Y,GFCM
Central Med.,ARS,12_13_14_15_16,1998,NA,NA,NA,0.159,JABBA,https://gfcm.sharepoint.com/EG/_layouts/15/download.aspx?share=EWhgPJ2Z1Y1Put8XJgfx6ekB4I3TSwBFUjH9s9LVa55XAw,NA,Fmsy,ARS_12_13_14_15_16,0.201,0.791044776,NA,1586.638,861.853,5566.197,Aristaeomorpha foliacea,Giant Red Shrimp,5288.794,Bmsy,1.052451088,2023,30_08_2023,Y,GFCM
Central Med.,ARS,12_13_14_15_16,1999,NA,NA,NA,0.148,JABBA,https://gfcm.sharepoint.com/EG/_layouts/15/download.aspx?share=EWhgPJ2Z1Y1Put8XJgfx6ekB4I3TSwBFUjH9s9LVa55XAw,NA,Fmsy,ARS_12_13_14_15_16,0.201,0.736318408,NA,1586.638,871.227,5964.285,Aristaeomorpha foliacea,Giant Red Shrimp,5288.794,Bmsy,1.127721178,2023,30_08_2023,Y,GFCM
Central Med.,ARS,12_13_14_15_16,2000,NA,NA,NA,0.141,JABBA,https://gfcm.sharepoint.com/EG/_layouts/15/download.aspx?share=EWhgPJ2Z1Y1Put8XJgfx6ekB4I3TSwBFUjH9s9LVa55XAw,NA,Fmsy,ARS_12_13_14_15_16,0.201,0.701492537,NA,1586.638,895.644,6231.956,Aristaeomorpha foliacea,Giant Red Shrimp,5288.794,Bmsy,1.178332149,2023,30_08_2023,Y,GFCM
Central Med.,ARS,12_13_14_15_16,2001,NA,NA,NA,0.147,JABBA,https://gfcm.sharepoint.com/EG/_layouts/15/download.aspx?share=EWhgPJ2Z1Y1Put8XJgfx6ekB4I3TSwBFUjH9s9LVa55XAw,NA,Fmsy,ARS_12_13_14_15_16,0.201,0.731343284,NA,1586.638,939.373,6065.4,Aristaeomorpha foliacea,Giant Red Shrimp,5288.794,Bmsy,1.146839903,2023,30_08_2023,Y,GFCM
Central Med.,ARS,12_13_14_15_16,2002,NA,NA,NA,0.163,JABBA,https://gfcm.sharepoint.com/EG/_layouts/15/download.aspx?share=EWhgPJ2Z1Y1Put8XJgfx6ekB4I3TSwBFUjH9s9LVa55XAw,NA,Fmsy,ARS_12_13_14_15_16,0.201,0.810945274,NA,1586.638,927.53,5533.35,Aristaeomorpha foliacea,Giant Red Shrimp,5288.794,Bmsy,1.046240409,2023,30_08_2023,Y,GFCM
Central Med.,ARS,12_13_14_15_16,2003,NA,NA,NA,0.156,JABBA,https://gfcm.sharepoint.com/EG/_layouts/15/download.aspx?share=EWhgPJ2Z1Y1Put8XJgfx6ekB4I3TSwBFUjH9s9LVa55XAw,NA,Fmsy,ARS_12_13_14_15_16,0.201,0.776119403,NA,1586.638,864.425,5388.659,Aristaeomorpha foliacea,Giant Red Shrimp,5288.794,Bmsy,1.018882377,2023,30_08_2023,Y,GFCM
Central Med.,ARS,12_13_14_15_16,2004,NA,NA,NA,0.102,JABBA,https://gfcm.sharepoint.com/EG/_layouts/15/download.aspx?share=EWhgPJ2Z1Y1Put8XJgfx6ekB4I3TSwBFUjH9s9LVa55XAw,NA,Fmsy,ARS_12_13_14_15_16,0.201,0.507462687,NA,1586.638,551.894,5272.457,Aristaeomorpha foliacea,Giant Red Shrimp,5288.794,Bmsy,0.996911016,2023,30_08_2023,Y,GFCM
Central Med.,ARS,12_13_14_15_16,2005,NA,NA,NA,0.164,JABBA,https://gfcm.sharepoint.com/EG/_layouts/15/download.aspx?share=EWhgPJ2Z1Y1Put8XJgfx6ekB4I3TSwBFUjH9s9LVa55XAw,NA,Fmsy,ARS_12_13_14_15_16,0.201,0.815920398,NA,1586.638,889.251,5303.139,Aristaeomorpha foliacea,Giant Red Shrimp,5288.794,Bmsy,1.002712339,2023,30_08_2023,Y,GFCM
Central Med.,ARS,12_13_14_15_16,2006,NA,NA,NA,0.193,JABBA,https://gfcm.sharepoint.com/EG/_layouts/15/download.aspx?share=EWhgPJ2Z1Y1Put8XJgfx6ekB4I3TSwBFUjH9s9LVa55XAw,NA,Fmsy,ARS_12_13_14_15_16,0.201,0.960199005,NA,1586.638,1021.296,5200.952,Aristaeomorpha foliacea,Giant Red Shrimp,5288.794,Bmsy,0.983390921,2023,30_08_2023,Y,GFCM
Central Med.,ARS,12_13_14_15_16,2007,NA,NA,NA,0.216,JABBA,https://gfcm.sharepoint.com/EG/_layouts/15/download.aspx?share=EWhgPJ2Z1Y1Put8XJgfx6ekB4I3TSwBFUjH9s9LVa55XAw,NA,Fmsy,ARS_12_13_14_15_16,0.201,1.074626866,NA,1586.638,1065.099,5027.995,Aristaeomorpha foliacea,Giant Red Shrimp,5288.794,Bmsy,0.95068838,2023,30_08_2023,Y,GFCM
Central Med.,ARS,12_13_14_15_16,2008,NA,NA,NA,0.175,JABBA,https://gfcm.sharepoint.com/EG/_layouts/15/download.aspx?share=EWhgPJ2Z1Y1Put8XJgfx6ekB4I3TSwBFUjH9s9LVa55XAw,NA,Fmsy,ARS_12_13_14_15_16,0.201,0.870646766,NA,1586.638,866.672,5091.104,Aristaeomorpha foliacea,Giant Red Shrimp,5288.794,Bmsy,0.962620968,2023,30_08_2023,Y,GFCM
Central Med.,ARS,12_13_14_15_16,2009,NA,NA,NA,0.234,JABBA,https://gfcm.sharepoint.com/EG/_layouts/15/download.aspx?share=EWhgPJ2Z1Y1Put8XJgfx6ekB4I3TSwBFUjH9s9LVa55XAw,NA,Fmsy,ARS_12_13_14_15_16,0.201,1.164179104,NA,1586.638,1324.393,5482.494,Aristaeomorpha foliacea,Giant Red Shrimp,5288.794,Bmsy,1.036624607,2023,30_08_2023,Y,GFCM
Central Med.,ARS,12_13_14_15_16,2010,NA,NA,NA,0.263,JABBA,https://gfcm.sharepoint.com/EG/_layouts/15/download.aspx?share=EWhgPJ2Z1Y1Put8XJgfx6ekB4I3TSwBFUjH9s9LVa55XAw,NA,Fmsy,ARS_12_13_14_15_16,0.201,1.308457711,NA,1586.638,1333.848,4923.103,Aristaeomorpha foliacea,Giant Red Shrimp,5288.794,Bmsy,0.930855503,2023,30_08_2023,Y,GFCM
Central Med.,ARS,12_13_14_15_16,2011,NA,NA,NA,0.276,JABBA,https://gfcm.sharepoint.com/EG/_layouts/15/download.aspx?share=EWhgPJ2Z1Y1Put8XJgfx6ekB4I3TSwBFUjH9s9LVa55XAw,NA,Fmsy,ARS_12_13_14_15_16,0.201,1.373134328,NA,1586.638,1239.908,4450.592,Aristaeomorpha foliacea,Giant Red Shrimp,5288.794,Bmsy,0.841513585,2023,30_08_2023,Y,GFCM
Central Med.,ARS,12_13_14_15_16,2012,NA,NA,NA,0.322,JABBA,https://gfcm.sharepoint.com/EG/_layouts/15/download.aspx?share=EWhgPJ2Z1Y1Put8XJgfx6ekB4I3TSwBFUjH9s9LVa55XAw,NA,Fmsy,ARS_12_13_14_15_16,0.201,1.60199005,NA,1586.638,1318.322,4157.471,Aristaeomorpha foliacea,Giant Red Shrimp,5288.794,Bmsy,0.786090553,2023,30_08_2023,Y,GFCM
Central Med.,ARS,12_13_14_15_16,2013,NA,NA,NA,0.38,JABBA,https://gfcm.sharepoint.com/EG/_layouts/15/download.aspx?share=EWhgPJ2Z1Y1Put8XJgfx6ekB4I3TSwBFUjH9s9LVa55XAw,NA,Fmsy,ARS_12_13_14_15_16,0.201,1.890547264,NA,1586.638,1438.689,3863.102,Aristaeomorpha foliacea,Giant Red Shrimp,5288.794,Bmsy,0.73043155,2023,30_08_2023,Y,GFCM
Central Med.,ARS,12_13_14_15_16,2014,NA,NA,NA,0.272,JABBA,https://gfcm.sharepoint.com/EG/_layouts/15/download.aspx?share=EWhgPJ2Z1Y1Put8XJgfx6ekB4I3TSwBFUjH9s9LVa55XAw,NA,Fmsy,ARS_12_13_14_15_16,0.201,1.353233831,NA,1586.638,892.821,3395.35,Aristaeomorpha foliacea,Giant Red Shrimp,5288.794,Bmsy,0.641989459,2023,30_08_2023,Y,GFCM
Central Med.,ARS,12_13_14_15_16,2015,NA,NA,NA,0.279,JABBA,https://gfcm.sharepoint.com/EG/_layouts/15/download.aspx?share=EWhgPJ2Z1Y1Put8XJgfx6ekB4I3TSwBFUjH9s9LVa55XAw,NA,Fmsy,ARS_12_13_14_15_16,0.201,1.388059701,NA,1586.638,938.321,3505.193,Aristaeomorpha foliacea,Giant Red Shrimp,5288.794,Bmsy,0.662758466,2023,30_08_2023,Y,GFCM
Central Med.,ARS,12_13_14_15_16,2016,NA,NA,NA,0.29,JABBA,https://gfcm.sharepoint.com/EG/_layouts/15/download.aspx?share=EWhgPJ2Z1Y1Put8XJgfx6ekB4I3TSwBFUjH9s9LVa55XAw,NA,Fmsy,ARS_12_13_14_15_16,0.201,1.44278607,NA,1586.638,1009.229,3612.323,Aristaeomorpha foliacea,Giant Red Shrimp,5288.794,Bmsy,0.683014502,2023,30_08_2023,Y,GFCM
Central Med.,ARS,12_13_14_15_16,2017,NA,NA,NA,0.29,JABBA,https://gfcm.sharepoint.com/EG/_layouts/15/download.aspx?share=EWhgPJ2Z1Y1Put8XJgfx6ekB4I3TSwBFUjH9s9LVa55XAw,NA,Fmsy,ARS_12_13_14_15_16,0.201,1.44278607,NA,1586.638,1039.582,3619.607,Aristaeomorpha foliacea,Giant Red Shrimp,5288.794,Bmsy,0.684391754,2023,30_08_2023,Y,GFCM
Central Med.,ARS,12_13_14_15_16,2018,NA,NA,NA,0.337,JABBA,https://gfcm.sharepoint.com/EG/_layouts/15/download.aspx?share=EWhgPJ2Z1Y1Put8XJgfx6ekB4I3TSwBFUjH9s9LVa55XAw,NA,Fmsy,ARS_12_13_14_15_16,0.201,1.676616915,NA,1586.638,1112.414,3486.429,Aristaeomorpha foliacea,Giant Red Shrimp,5288.794,Bmsy,0.659210588,2023,30_08_2023,Y,GFCM
Central Med.,ARS,12_13_14_15_16,2019,NA,NA,NA,0.247,JABBA,https://gfcm.sharepoint.com/EG/_layouts/15/download.aspx?share=EWhgPJ2Z1Y1Put8XJgfx6ekB4I3TSwBFUjH9s9LVa55XAw,NA,Fmsy,ARS_12_13_14_15_16,0.201,1.228855721,NA,1586.638,835.234,3413.572,Aristaeomorpha foliacea,Giant Red Shrimp,5288.794,Bmsy,0.645434857,2023,30_08_2023,Y,GFCM
Central Med.,ARS,12_13_14_15_16,2020,NA,NA,NA,0.21,JABBA,https://gfcm.sharepoint.com/EG/_layouts/15/download.aspx?share=EWhgPJ2Z1Y1Put8XJgfx6ekB4I3TSwBFUjH9s9LVa55XAw,NA,Fmsy,ARS_12_13_14_15_16,0.201,1.044776119,NA,1586.638,706.172,3475.653,Aristaeomorpha foliacea,Giant Red Shrimp,5288.794,Bmsy,0.657173072,2023,30_08_2023,Y,GFCM
Central Med.,ARS,12_13_14_15_16,2021,NA,NA,NA,0.237,JABBA,https://gfcm.sharepoint.com/EG/_layouts/15/download.aspx?share=EWhgPJ2Z1Y1Put8XJgfx6ekB4I3TSwBFUjH9s9LVa55XAw,NA,Fmsy,ARS_12_13_14_15_16,0.201,1.179104478,NA,1586.638,883.317,3854.115,Aristaeomorpha foliacea,Giant Red Shrimp,5288.794,Bmsy,0.728732297,2023,30_08_2023,Y,GFCM
Central Med.,ARS,12_13_14_15_16,2022,NA,NA,NA,0.253,JABBA,https://gfcm.sharepoint.com/EG/_layouts/15/download.aspx?share=EWhgPJ2Z1Y1Put8XJgfx6ekB4I3TSwBFUjH9s9LVa55XAw,NA,Fmsy,ARS_12_13_14_15_16,0.201,1.258706468,NA,1586.638,1039.996,4117.969,Aristaeomorpha foliacea,Giant Red Shrimp,5288.794,Bmsy,0.778621553,2023,30_08_2023,Y,GFCM
Central Med.,ARS,18_19_20,2003,46673.3,256.7,201.59416,0.725,a4a,https://www.fao.org/gfcm/data/star/en/,NA,Fmsy,ARS_18_19_20,0.37,1.959459459,NA,NA,201.59416,256.7,Aristaeomorpha foliacea,Giant Red Shrimp,NA,Bmsy,NA,2023,3_12_2024,Y,GFCM
Central Med.,ARS,18_19_20,2004,44938.5,280.4,152.11805,0.704,a4a,https://www.fao.org/gfcm/data/star/en/,NA,Fmsy,ARS_18_19_20,0.37,1.902702703,NA,NA,152.11805,280.4,Aristaeomorpha foliacea,Giant Red Shrimp,NA,Bmsy,NA,2023,3_12_2024,Y,GFCM
Central Med.,ARS,18_19_20,2005,46094.2,283.8,126.81913,0.698,a4a,https://www.fao.org/gfcm/data/star/en/,NA,Fmsy,ARS_18_19_20,0.37,1.886486486,NA,NA,126.81913,283.8,Aristaeomorpha foliacea,Giant Red Shrimp,NA,Bmsy,NA,2023,3_12_2024,Y,GFCM
Central Med.,ARS,18_19_20,2006,52772.2,299.4,405.20663,0.721,a4a,https://www.fao.org/gfcm/data/star/en/,NA,Fmsy,ARS_18_19_20,0.37,1.948648649,NA,NA,405.20663,299.4,Aristaeomorpha foliacea,Giant Red Shrimp,NA,Bmsy,NA,2023,3_12_2024,Y,GFCM
Central Med.,ARS,18_19_20,2007,65121.4,337.2,313.46261,0.776,a4a,https://www.fao.org/gfcm/data/star/en/,NA,Fmsy,ARS_18_19_20,0.37,2.097297297,NA,NA,313.46261,337.2,Aristaeomorpha foliacea,Giant Red Shrimp,NA,Bmsy,NA,2023,3_12_2024,Y,GFCM
Central Med.,ARS,18_19_20,2008,76002.8,276.7,229.27038,0.853,a4a,https://www.fao.org/gfcm/data/star/en/,NA,Fmsy,ARS_18_19_20,0.37,2.305405405,NA,NA,229.27038,276.7,Aristaeomorpha foliacea,Giant Red Shrimp,NA,Bmsy,NA,2023,3_12_2024,Y,GFCM
Central Med.,ARS,18_19_20,2009,74303.2,281.7,314.24494,0.931,a4a,https://www.fao.org/gfcm/data/star/en/,NA,Fmsy,ARS_18_19_20,0.37,2.516216216,NA,NA,314.24494,281.7,Aristaeomorpha foliacea,Giant Red Shrimp,NA,Bmsy,NA,2023,3_12_2024,Y,GFCM
Central Med.,ARS,18_19_20,2010,63001.3,351.3,428.87348,0.984,a4a,https://www.fao.org/gfcm/data/star/en/,NA,Fmsy,ARS_18_19_20,0.37,2.659459459,NA,NA,428.87348,351.3,Aristaeomorpha foliacea,Giant Red Shrimp,NA,Bmsy,NA,2023,3_12_2024,Y,GFCM
Central Med.,ARS,18_19_20,2011,56860.9,311.4,422.02099,0.998,a4a,https://www.fao.org/gfcm/data/star/en/,NA,Fmsy,ARS_18_19_20,0.37,2.697297297,NA,NA,422.02099,311.4,Aristaeomorpha foliacea,Giant Red Shrimp,NA,Bmsy,NA,2023,3_12_2024,Y,GFCM
Central Med.,ARS,18_19_20,2012,66218.6,282.7,277.40349,0.983,a4a,https://www.fao.org/gfcm/data/star/en/,NA,Fmsy,ARS_18_19_20,0.37,2.656756757,NA,NA,277.40349,282.7,Aristaeomorpha foliacea,Giant Red Shrimp,NA,Bmsy,NA,2023,3_12_2024,Y,GFCM
Central Med.,ARS,18_19_20,2013,96417.9,374.3,363.44075,0.965,a4a,https://www.fao.org/gfcm/data/star/en/,NA,Fmsy,ARS_18_19_20,0.37,2.608108108,NA,NA,363.44075,374.3,Aristaeomorpha foliacea,Giant Red Shrimp,NA,Bmsy,NA,2023,3_12_2024,Y,GFCM
Central Med.,ARS,18_19_20,2014,135683.4,545.3,346.19831,0.968,a4a,https://www.fao.org/gfcm/data/star/en/,NA,Fmsy,ARS_18_19_20,0.37,2.616216216,NA,NA,346.19831,545.3,Aristaeomorpha foliacea,Giant Red Shrimp,NA,Bmsy,NA,2023,3_12_2024,Y,GFCM
Central Med.,ARS,18_19_20,2015,144033.3,576.3,662.33014,1.002,a4a,https://www.fao.org/gfcm/data/star/en/,NA,Fmsy,ARS_18_19_20,0.37,2.708108108,NA,NA,662.33014,576.3,Aristaeomorpha foliacea,Giant Red Shrimp,NA,Bmsy,NA,2023,3_12_2024,Y,GFCM
Central Med.,ARS,18_19_20,2016,114773.9,469.6,731.09492,1.057,a4a,https://www.fao.org/gfcm/data/star/en/,NA,Fmsy,ARS_18_19_20,0.37,2.856756757,NA,NA,731.09492,469.6,Aristaeomorpha foliacea,Giant Red Shrimp,NA,Bmsy,NA,2023,3_12_2024,Y,GFCM
Central Med.,ARS,18_19_20,2017,85895.9,558.7,679.74392,1.105,a4a,https://www.fao.org/gfcm/data/star/en/,NA,Fmsy,ARS_18_19_20,0.37,2.986486486,NA,NA,679.74392,558.7,Aristaeomorpha foliacea,Giant Red Shrimp,NA,Bmsy,NA,2023,3_12_2024,Y,GFCM
Central Med.,ARS,18_19_20,2018,75402.1,421.5,374.24305,1.112,a4a,https://www.fao.org/gfcm/data/star/en/,NA,Fmsy,ARS_18_19_20,0.37,3.005405405,NA,NA,374.24305,421.5,Aristaeomorpha foliacea,Giant Red Shrimp,NA,Bmsy,NA,2023,3_12_2024,Y,GFCM
Central Med.,ARS,18_19_20,2019,80463.2,377.3,310.29878,1.059,a4a,https://www.fao.org/gfcm/data/star/en/,NA,Fmsy,ARS_18_19_20,0.37,2.862162162,NA,NA,310.29878,377.3,Aristaeomorpha foliacea,Giant Red Shrimp,NA,Bmsy,NA,2023,3_12_2024,Y,GFCM
Central Med.,ARS,18_19_20,2020,93569.4,458.7,437.34893,0.959,a4a,https://www.fao.org/gfcm/data/star/en/,NA,Fmsy,ARS_18_19_20,0.37,2.591891892,NA,NA,437.34893,458.7,Aristaeomorpha foliacea,Giant Red Shrimp,NA,Bmsy,NA,2023,3_12_2024,Y,GFCM
Central Med.,ARS,18_19_20,2021,108658.3,403.9,356.7384,0.845,a4a,https://www.fao.org/gfcm/data/star/en/,NA,Fmsy,ARS_18_19_20,0.37,2.283783784,NA,NA,356.7384,403.9,Aristaeomorpha foliacea,Giant Red Shrimp,NA,Bmsy,NA,2023,3_12_2024,Y,GFCM
Central Med.,ARS,18_19_20,2022,77808.8,563.2,326.75,0.56,a4a,https://www.fao.org/gfcm/data/star/en/,NA,Fmsy,ARS_18_19_20,0.37,1.513513514,NA,NA,326.75,563.2,Aristaeomorpha foliacea,Giant Red Shrimp,NA,Bmsy,NA,2023,3_12_2024,Y,GFCM
Central Med.,DPS,17_18_19_20,1996,NA,NA,1800.686848,1.418202163,spict,https://www.fao.org/gfcm/data/star/en/,NA,Fmsy,DPS_17_18_19_20,0.937,1.513556203,NA,NA,1800.686848,1527.56004,Parapenaeus longirostris,Deep-water rose shrimp,4850,Bmsy,0.314960833,2023,29_07_2024,Y,GFCM
Central Med.,DPS,17_18_19_20,1997,NA,NA,1985.338385,1.392198793,spict,https://www.fao.org/gfcm/data/star/en/,NA,Fmsy,DPS_17_18_19_20,0.937,1.485804475,NA,NA,1985.338385,1386.134984,Parapenaeus longirostris,Deep-water rose shrimp,4850,Bmsy,0.285801028,2023,29_07_2024,Y,GFCM
Central Med.,DPS,17_18_19_20,1998,NA,NA,1837.680984,1.627161043,spict,https://www.fao.org/gfcm/data/star/en/,NA,Fmsy,DPS_17_18_19_20,0.937,1.736564613,NA,NA,1837.680984,1385.702887,Parapenaeus longirostris,Deep-water rose shrimp,4850,Bmsy,0.285711935,2023,29_07_2024,Y,GFCM
Central Med.,DPS,17_18_19_20,1999,NA,NA,1637.933796,1.480793977,spict,https://www.fao.org/gfcm/data/star/en/,NA,Fmsy,DPS_17_18_19_20,0.937,1.580356432,NA,NA,1637.933796,1038.156388,Parapenaeus longirostris,Deep-water rose shrimp,4850,Bmsy,0.214052863,2023,29_07_2024,Y,GFCM
Central Med.,DPS,17_18_19_20,2000,NA,NA,2002.739356,1.363351995,spict,https://www.fao.org/gfcm/data/star/en/,NA,Fmsy,DPS_17_18_19_20,0.937,1.455018138,NA,NA,2002.739356,1245.737831,Parapenaeus longirostris,Deep-water rose shrimp,4850,Bmsy,0.256853161,2023,29_07_2024,Y,GFCM
Central Med.,DPS,17_18_19_20,2001,NA,NA,2514.258457,1.311280645,spict,https://www.fao.org/gfcm/data/star/en/,NA,Fmsy,DPS_17_18_19_20,0.937,1.399445726,NA,NA,2514.258457,1641.743882,Parapenaeus longirostris,Deep-water rose shrimp,4850,Bmsy,0.338503893,2023,29_07_2024,Y,GFCM
Central Med.,DPS,17_18_19_20,2002,NA,NA,2921.968919,1.297548037,spict,https://www.fao.org/gfcm/data/star/en/,NA,Fmsy,DPS_17_18_19_20,0.937,1.384789794,NA,NA,2921.968919,2171.001066,Parapenaeus longirostris,Deep-water rose shrimp,4850,Bmsy,0.447629086,2023,29_07_2024,Y,GFCM
Central Med.,DPS,17_18_19_20,2003,NA,NA,3783.899379,1.283620777,spict,https://www.fao.org/gfcm/data/star/en/,NA,Fmsy,DPS_17_18_19_20,0.937,1.369926122,NA,NA,3783.899379,2648.778051,Parapenaeus longirostris,Deep-water rose shrimp,4850,Bmsy,0.546139804,2023,29_07_2024,Y,GFCM
Central Med.,DPS,17_18_19_20,2004,NA,NA,3588.022121,1.173224315,spict,https://www.fao.org/gfcm/data/star/en/,NA,Fmsy,DPS_17_18_19_20,0.937,1.25210706,NA,NA,3588.022121,2925.178749,Parapenaeus longirostris,Deep-water rose shrimp,4850,Bmsy,0.603129639,2023,29_07_2024,Y,GFCM
Central Med.,DPS,17_18_19_20,2005,NA,NA,3201.183691,1.253179855,spict,https://www.fao.org/gfcm/data/star/en/,NA,Fmsy,DPS_17_18_19_20,0.937,1.33743848,NA,NA,3201.183691,3149.516812,Parapenaeus longirostris,Deep-water rose shrimp,4850,Bmsy,0.64938491,2023,29_07_2024,Y,GFCM
Central Med.,DPS,17_18_19_20,2006,NA,NA,3604.344135,1.490805415,spict,https://www.fao.org/gfcm/data/star/en/,NA,Fmsy,DPS_17_18_19_20,0.937,1.591040998,NA,NA,3604.344135,2376.339086,Parapenaeus longirostris,Deep-water rose shrimp,4850,Bmsy,0.489966822,2023,29_07_2024,Y,GFCM
Central Med.,DPS,17_18_19_20,2007,NA,NA,2380.251892,1.179695548,spict,https://www.fao.org/gfcm/data/star/en/,NA,Fmsy,DPS_17_18_19_20,0.937,1.259013392,NA,NA,2380.251892,1820.555498,Parapenaeus longirostris,Deep-water rose shrimp,4850,Bmsy,0.375372268,2023,29_07_2024,Y,GFCM
Central Med.,DPS,17_18_19_20,2008,NA,NA,2244.38547,1.147296405,spict,https://www.fao.org/gfcm/data/star/en/,NA,Fmsy,DPS_17_18_19_20,0.937,1.224435864,NA,NA,2244.38547,2327.122446,Parapenaeus longirostris,Deep-water rose shrimp,4850,Bmsy,0.479819061,2023,29_07_2024,Y,GFCM
Central Med.,DPS,17_18_19_20,2009,NA,NA,2557.36335,1.267741136,spict,https://www.fao.org/gfcm/data/star/en/,NA,Fmsy,DPS_17_18_19_20,0.937,1.3529788,NA,NA,2557.36335,2247.774162,Parapenaeus longirostris,Deep-water rose shrimp,4850,Bmsy,0.46345859,2023,29_07_2024,Y,GFCM
Central Med.,DPS,17_18_19_20,2010,NA,NA,2158.82234,1.403405066,spict,https://www.fao.org/gfcm/data/star/en/,NA,Fmsy,DPS_17_18_19_20,0.937,1.497764211,NA,NA,2158.82234,1903.08684,Parapenaeus longirostris,Deep-water rose shrimp,4850,Bmsy,0.392389039,2023,29_07_2024,Y,GFCM
Central Med.,DPS,17_18_19_20,2011,NA,NA,2182.38235,1.401427277,spict,https://www.fao.org/gfcm/data/star/en/,NA,Fmsy,DPS_17_18_19_20,0.937,1.495653443,NA,NA,2182.38235,1633.141781,Parapenaeus longirostris,Deep-water rose shrimp,4850,Bmsy,0.336730264,2023,29_07_2024,Y,GFCM
Central Med.,DPS,17_18_19_20,2012,NA,NA,2670.26548,1.64073487,spict,https://www.fao.org/gfcm/data/star/en/,NA,Fmsy,DPS_17_18_19_20,0.937,1.751051089,NA,NA,2670.26548,1741.355803,Parapenaeus longirostris,Deep-water rose shrimp,4850,Bmsy,0.359042434,2023,29_07_2024,Y,GFCM
Central Med.,DPS,17_18_19_20,2013,NA,NA,2968.57128,1.596329435,spict,https://www.fao.org/gfcm/data/star/en/,NA,Fmsy,DPS_17_18_19_20,0.937,1.703660016,NA,NA,2968.57128,1577.183173,Parapenaeus longirostris,Deep-water rose shrimp,4850,Bmsy,0.325192407,2023,29_07_2024,Y,GFCM
Central Med.,DPS,17_18_19_20,2014,NA,NA,3280.90216,1.450106707,spict,https://www.fao.org/gfcm/data/star/en/,NA,Fmsy,DPS_17_18_19_20,0.937,1.547605878,NA,NA,3280.90216,1979.885475,Parapenaeus longirostris,Deep-water rose shrimp,4850,Bmsy,0.408223809,2023,29_07_2024,Y,GFCM
Central Med.,DPS,17_18_19_20,2015,NA,NA,3556.03132,1.04496304,spict,https://www.fao.org/gfcm/data/star/en/,NA,Fmsy,DPS_17_18_19_20,0.937,1.115222028,NA,NA,3556.03132,3012.7332,Parapenaeus longirostris,Deep-water rose shrimp,4850,Bmsy,0.621182103,2023,29_07_2024,Y,GFCM
Central Med.,DPS,17_18_19_20,2016,NA,NA,4410.6728,0.804814398,spict,https://www.fao.org/gfcm/data/star/en/,NA,Fmsy,DPS_17_18_19_20,0.937,0.858926785,NA,NA,4410.6728,5643.654545,Parapenaeus longirostris,Deep-water rose shrimp,4850,Bmsy,1.163640112,2023,29_07_2024,Y,GFCM
Central Med.,DPS,17_18_19_20,2017,NA,NA,4979.60449,0.853670149,spict,https://www.fao.org/gfcm/data/star/en/,NA,Fmsy,DPS_17_18_19_20,0.937,0.911067395,NA,NA,4979.60449,6854.586036,Parapenaeus longirostris,Deep-water rose shrimp,4850,Bmsy,1.413316708,2023,29_07_2024,Y,GFCM
Central Med.,DPS,17_18_19_20,2018,NA,NA,5948.78011,0.984274084,spict,https://www.fao.org/gfcm/data/star/en/,NA,Fmsy,DPS_17_18_19_20,0.937,1.050452598,NA,NA,5948.78011,5529.357231,Parapenaeus longirostris,Deep-water rose shrimp,4850,Bmsy,1.140073656,2023,29_07_2024,Y,GFCM
Central Med.,DPS,17_18_19_20,2019,NA,NA,5733.6562,1.121501492,spict,https://www.fao.org/gfcm/data/star/en/,NA,Fmsy,DPS_17_18_19_20,0.937,1.196906609,NA,NA,5733.6562,5188.764687,Parapenaeus longirostris,Deep-water rose shrimp,4850,Bmsy,1.069848389,2023,29_07_2024,Y,GFCM
Central Med.,DPS,17_18_19_20,2020,NA,NA,5072.72166,1.18383952,spict,https://www.fao.org/gfcm/data/star/en/,NA,Fmsy,DPS_17_18_19_20,0.937,1.263435988,NA,NA,5072.72166,4176.470218,Parapenaeus longirostris,Deep-water rose shrimp,4850,Bmsy,0.86112788,2023,29_07_2024,Y,GFCM
Central Med.,DPS,17_18_19_20,2021,NA,NA,5074.9036,1.241558565,spict,https://www.fao.org/gfcm/data/star/en/,NA,Fmsy,DPS_17_18_19_20,0.937,1.325035822,NA,NA,5074.9036,3870.708974,Parapenaeus longirostris,Deep-water rose shrimp,4850,Bmsy,0.798084324,2023,29_07_2024,Y,GFCM
Central Med.,DPS,17_18_19_20,2022,NA,NA,4741.76,1.291,spict,https://www.fao.org/gfcm/data/star/en/,NA,Fmsy,DPS_17_18_19_20,0.937,1.377801494,NA,NA,4741.76,3581.64,Parapenaeus longirostris,Deep-water rose shrimp,4850,Bmsy,0.738482474,2023,29_07_2024,Y,GFCM
Central Med.,MUT,17_18,1973,4075810,32105.6,2021.61,0.039,SS3,https://www.fao.org/gfcm/data/star/en/,NA,Fb35,MUT_17_18,0.306989,0.127040383,NA,3197.692,2021.61,NA,Mullus barbatus,Red mullet,12790.8,B35,2.510054101,2024,3_12_2024,Y,GFCM
Central Med.,MUT,17_18,1974,4067820,31769.4,2806,0.055,SS3,https://www.fao.org/gfcm/data/star/en/,NA,Fb35,MUT_17_18,0.306989,0.179159514,NA,3197.692,2806,NA,Mullus barbatus,Red mullet,12790.8,B35,2.483769584,2024,3_12_2024,Y,GFCM
Central Med.,MUT,17_18,1975,4053430,31177.5,2201.54,0.043,SS3,https://www.fao.org/gfcm/data/star/en/,NA,Fb35,MUT_17_18,0.306989,0.140070165,NA,3197.692,2201.54,NA,Mullus barbatus,Red mullet,12790.8,B35,2.437494136,2024,3_12_2024,Y,GFCM
Central Med.,MUT,17_18,1976,4047730,30948,2632.27,0.052,SS3,https://www.fao.org/gfcm/data/star/en/,NA,Fb35,MUT_17_18,0.306989,0.169387177,NA,3197.692,2632.27,NA,Mullus barbatus,Red mullet,12790.8,B35,2.419551553,2024,3_12_2024,Y,GFCM
Central Med.,MUT,17_18,1977,4037680,30550,2785.77,0.056,SS3,https://www.fao.org/gfcm/data/star/en/,NA,Fb35,MUT_17_18,0.306989,0.18241696,NA,3197.692,2785.77,NA,Mullus barbatus,Red mullet,12790.8,B35,2.388435438,2024,3_12_2024,Y,GFCM
Central Med.,MUT,17_18,1978,4029480,30231.4,1861.79,0.037,SS3,https://www.fao.org/gfcm/data/star/en/,NA,Fb35,MUT_17_18,0.306989,0.120525491,NA,3197.692,1861.79,NA,Mullus barbatus,Red mullet,12790.8,B35,2.36352691,2024,3_12_2024,Y,GFCM
Central Med.,MUT,17_18,1979,4032720,30356.7,3047.25,0.06,SS3,https://www.fao.org/gfcm/data/star/en/,NA,Fb35,MUT_17_18,0.306989,0.195446742,NA,3197.692,3047.25,NA,Mullus barbatus,Red mullet,12790.8,B35,2.373323013,2024,3_12_2024,Y,GFCM
Central Med.,MUT,17_18,1980,4020600,29892.3,2964.25,0.06,SS3,https://www.fao.org/gfcm/data/star/en/,NA,Fb35,MUT_17_18,0.306989,0.195446742,NA,3197.692,2964.25,NA,Mullus barbatus,Red mullet,12790.8,B35,2.337015668,2024,3_12_2024,Y,GFCM
Central Med.,MUT,17_18,1981,4014670,29669.2,1413.06,0.028,SS3,https://www.fao.org/gfcm/data/star/en/,NA,Fb35,MUT_17_18,0.306989,0.09120848,NA,3197.692,1413.06,NA,Mullus barbatus,Red mullet,12790.8,B35,2.319573443,2024,3_12_2024,Y,GFCM
Central Med.,MUT,17_18,1982,4025050,30061.5,2854.35,0.059,SS3,https://www.fao.org/gfcm/data/star/en/,NA,Fb35,MUT_17_18,0.306989,0.192189297,NA,3197.692,2854.35,NA,Mullus barbatus,Red mullet,12790.8,B35,2.350243925,2024,3_12_2024,Y,GFCM
Central Med.,MUT,17_18,1983,4017150,29762,2628.18,0.054,SS3,https://www.fao.org/gfcm/data/star/en/,NA,Fb35,MUT_17_18,0.306989,0.175902068,NA,3197.692,2628.18,NA,Mullus barbatus,Red mullet,12790.8,B35,2.326828658,2024,3_12_2024,Y,GFCM
Central Med.,MUT,17_18,1984,4012860,29601.7,2607.88,0.054,SS3,https://www.fao.org/gfcm/data/star/en/,NA,Fb35,MUT_17_18,0.306989,0.175902068,NA,3197.692,2607.88,NA,Mullus barbatus,Red mullet,12790.8,B35,2.314296213,2024,3_12_2024,Y,GFCM
Central Med.,MUT,17_18,1985,4008730,29448.4,2851.57,0.059,SS3,https://www.fao.org/gfcm/data/star/en/,NA,Fb35,MUT_17_18,0.306989,0.192189297,NA,3197.692,2851.57,NA,Mullus barbatus,Red mullet,12790.8,B35,2.302311036,2024,3_12_2024,Y,GFCM
Central Med.,MUT,17_18,1986,4003220,29246.1,2545.43,0.053,SS3,https://www.fao.org/gfcm/data/star/en/,NA,Fb35,MUT_17_18,0.306989,0.172644622,NA,3197.692,2545.43,NA,Mullus barbatus,Red mullet,12790.8,B35,2.286494981,2024,3_12_2024,Y,GFCM
Central Med.,MUT,17_18,1987,3999750,29119.5,3637.36,0.077,SS3,https://www.fao.org/gfcm/data/star/en/,NA,Fb35,MUT_17_18,0.306989,0.250823319,NA,3197.692,3637.36,NA,Mullus barbatus,Red mullet,12790.8,B35,2.276597242,2024,3_12_2024,Y,GFCM
Central Med.,MUT,17_18,1988,3980340,28428.6,4316.25,0.093,SS3,https://www.fao.org/gfcm/data/star/en/,NA,Fb35,MUT_17_18,0.306989,0.302942451,NA,3197.692,4316.25,NA,Mullus barbatus,Red mullet,12790.8,B35,2.222581856,2024,3_12_2024,Y,GFCM
Central Med.,MUT,17_18,1989,3958230,27672.7,2984.69,0.065,SS3,https://www.fao.org/gfcm/data/star/en/,NA,Fb35,MUT_17_18,0.306989,0.211733971,NA,3197.692,2984.69,NA,Mullus barbatus,Red mullet,12790.8,B35,2.163484692,2024,3_12_2024,Y,GFCM
Central Med.,MUT,17_18,1990,1924350,27552.7,4585.91,0.109,SS3,https://www.fao.org/gfcm/data/star/en/,NA,Fb35,MUT_17_18,0.306989,0.355061582,NA,3197.692,4585.91,NA,Mullus barbatus,Red mullet,12790.8,B35,2.154102949,2024,3_12_2024,Y,GFCM
Central Med.,MUT,17_18,1991,1686000,23286.8,4035.77,0.117,SS3,https://www.fao.org/gfcm/data/star/en/,NA,Fb35,MUT_17_18,0.306989,0.381121148,NA,3197.692,4035.77,NA,Mullus barbatus,Red mullet,12790.8,B35,1.820589799,2024,3_12_2024,Y,GFCM
Central Med.,MUT,17_18,1992,1474050,19032.4,5141.55,0.19,SS3,https://www.fao.org/gfcm/data/star/en/,NA,Fb35,MUT_17_18,0.306989,0.618914684,NA,3197.692,5141.55,NA,Mullus barbatus,Red mullet,12790.8,B35,1.487975733,2024,3_12_2024,Y,GFCM
Central Med.,MUT,17_18,1993,1304320,14606.9,4673.05,0.225,SS3,https://www.fao.org/gfcm/data/star/en/,NA,Fb35,MUT_17_18,0.306989,0.732925284,NA,3197.692,4673.05,NA,Mullus barbatus,Red mullet,12790.8,B35,1.141984864,2024,3_12_2024,Y,GFCM
Central Med.,MUT,17_18,1994,1226120,10997.8,5229.94,0.337,SS3,https://www.fao.org/gfcm/data/star/en/,NA,Fb35,MUT_17_18,0.306989,1.097759203,NA,3197.692,5229.94,NA,Mullus barbatus,Red mullet,12790.8,B35,0.859821121,2024,3_12_2024,Y,GFCM
Central Med.,MUT,17_18,1995,1232130,7973.1,3751.16,0.307,SS3,https://www.fao.org/gfcm/data/star/en/,NA,Fb35,MUT_17_18,0.306989,1.000035832,NA,3197.692,3751.16,NA,Mullus barbatus,Red mullet,12790.8,B35,0.623346468,2024,3_12_2024,Y,GFCM
Central Med.,MUT,17_18,1996,1522000,6329.9,4434.77,0.439,SS3,https://www.fao.org/gfcm/data/star/en/,NA,Fb35,MUT_17_18,0.306989,1.430018665,NA,3197.692,4434.77,NA,Mullus barbatus,Red mullet,12790.8,B35,0.494879132,2024,3_12_2024,Y,GFCM
Central Med.,MUT,17_18,1997,847672,5477.8,3345.32,0.384,SS3,https://www.fao.org/gfcm/data/star/en/,NA,Fb35,MUT_17_18,0.306989,1.250859151,NA,3197.692,3345.32,NA,Mullus barbatus,Red mullet,12790.8,B35,0.428260938,2024,3_12_2024,Y,GFCM
Central Med.,MUT,17_18,1998,1695960,4291.6,3659.96,0.464,SS3,https://www.fao.org/gfcm/data/star/en/,NA,Fb35,MUT_17_18,0.306989,1.511454808,NA,3197.692,3659.96,NA,Mullus barbatus,Red mullet,12790.8,B35,0.335522407,2024,3_12_2024,Y,GFCM
Central Med.,MUT,17_18,1999,2168210,4537.3,4150.18,0.456,SS3,https://www.fao.org/gfcm/data/star/en/,NA,Fb35,MUT_17_18,0.306989,1.485395242,NA,3197.692,4150.18,NA,Mullus barbatus,Red mullet,12790.8,B35,0.354731526,2024,3_12_2024,Y,GFCM
Central Med.,MUT,17_18,2000,2425290,5572.2,4601.72,0.403,SS3,https://www.fao.org/gfcm/data/star/en/,NA,Fb35,MUT_17_18,0.306989,1.31275062,NA,3197.692,4601.72,NA,Mullus barbatus,Red mullet,12790.8,B35,0.435641242,2024,3_12_2024,Y,GFCM
Central Med.,MUT,17_18,2001,2054230,6720.1,5900.05,0.47,SS3,https://www.fao.org/gfcm/data/star/en/,NA,Fb35,MUT_17_18,0.306989,1.530999482,NA,3197.692,5900.05,NA,Mullus barbatus,Red mullet,12790.8,B35,0.525385433,2024,3_12_2024,Y,GFCM
Central Med.,MUT,17_18,2002,2121250,6612.2,5066.75,0.397,SS3,https://www.fao.org/gfcm/data/star/en/,NA,Fb35,MUT_17_18,0.306989,1.293205945,NA,3197.692,5066.75,NA,Mullus barbatus,Red mullet,12790.8,B35,0.516949683,2024,3_12_2024,Y,GFCM
Central Med.,MUT,17_18,2003,2083420,6832.5,6103.23,0.476,SS3,https://www.fao.org/gfcm/data/star/en/,NA,Fb35,MUT_17_18,0.306989,1.550544156,NA,3197.692,6103.23,NA,Mullus barbatus,Red mullet,12790.8,B35,0.534172999,2024,3_12_2024,Y,GFCM
Central Med.,MUT,17_18,2004,1846650,6445.6,7084.44,0.628,SS3,https://www.fao.org/gfcm/data/star/en/,NA,Fb35,MUT_17_18,0.306989,2.045675904,NA,3197.692,7084.44,NA,Mullus barbatus,Red mullet,12790.8,B35,0.503924696,2024,3_12_2024,Y,GFCM
Central Med.,MUT,17_18,2005,2869600,5259.4,6316.62,0.586,SS3,https://www.fao.org/gfcm/data/star/en/,NA,Fb35,MUT_17_18,0.306989,1.908863184,NA,3197.692,6316.62,NA,Mullus barbatus,Red mullet,12790.8,B35,0.411186165,2024,3_12_2024,Y,GFCM
Central Med.,MUT,17_18,2006,2131520,6479.9,6281.21,0.503,SS3,https://www.fao.org/gfcm/data/star/en/,NA,Fb35,MUT_17_18,0.306989,1.63849519,NA,3197.692,6281.21,NA,Mullus barbatus,Red mullet,12790.8,B35,0.506606311,2024,3_12_2024,Y,GFCM
Central Med.,MUT,17_18,2007,3379590,6546.9,6452.24,0.464,SS3,https://www.fao.org/gfcm/data/star/en/,NA,Fb35,MUT_17_18,0.306989,1.511454808,NA,3197.692,6452.24,NA,Mullus barbatus,Red mullet,12790.8,B35,0.511844451,2024,3_12_2024,Y,GFCM
Central Med.,MUT,17_18,2008,1896410,8407.4,5265.02,0.343,SS3,https://www.fao.org/gfcm/data/star/en/,NA,Fb35,MUT_17_18,0.306989,1.117303877,NA,3197.692,5265.02,NA,Mullus barbatus,Red mullet,12790.8,B35,0.65730056,2024,3_12_2024,Y,GFCM
Central Med.,MUT,17_18,2009,1796240,8232,4656.94,0.319,SS3,https://www.fao.org/gfcm/data/star/en/,NA,Fb35,MUT_17_18,0.306989,1.03912518,NA,3197.692,4656.94,NA,Mullus barbatus,Red mullet,12790.8,B35,0.643587579,2024,3_12_2024,Y,GFCM
Central Med.,MUT,17_18,2010,4633370,7760.3,3612.47,0.218,SS3,https://www.fao.org/gfcm/data/star/en/,NA,Fb35,MUT_17_18,0.306989,0.710123164,NA,3197.692,3612.47,NA,Mullus barbatus,Red mullet,12790.8,B35,0.60670951,2024,3_12_2024,Y,GFCM
Central Med.,MUT,17_18,2011,2799470,12664.8,3865.02,0.163,SS3,https://www.fao.org/gfcm/data/star/en/,NA,Fb35,MUT_17_18,0.306989,0.53096365,NA,3197.692,3865.02,NA,Mullus barbatus,Red mullet,12790.8,B35,0.99014917,2024,3_12_2024,Y,GFCM
Central Med.,MUT,17_18,2012,4294170,14106,5241.46,0.186,SS3,https://www.fao.org/gfcm/data/star/en/,NA,Fb35,MUT_17_18,0.306989,0.605884901,NA,3197.692,5241.46,NA,Mullus barbatus,Red mullet,12790.8,B35,1.102823905,2024,3_12_2024,Y,GFCM
Central Med.,MUT,17_18,2013,2716390,16668.9,4701.19,0.159,SS3,https://www.fao.org/gfcm/data/star/en/,NA,Fb35,MUT_17_18,0.306989,0.517933867,NA,3197.692,4701.19,NA,Mullus barbatus,Red mullet,12790.8,B35,1.303194484,2024,3_12_2024,Y,GFCM
Central Med.,MUT,17_18,2014,2608340,16597.2,5173.05,0.183,SS3,https://www.fao.org/gfcm/data/star/en/,NA,Fb35,MUT_17_18,0.306989,0.596112564,NA,3197.692,5173.05,NA,Mullus barbatus,Red mullet,12790.8,B35,1.297588892,2024,3_12_2024,Y,GFCM
Central Med.,MUT,17_18,2015,2355950,15449.1,5352.58,0.206,SS3,https://www.fao.org/gfcm/data/star/en/,NA,Fb35,MUT_17_18,0.306989,0.671033816,NA,3197.692,5352.58,NA,Mullus barbatus,Red mullet,12790.8,B35,1.207829065,2024,3_12_2024,Y,GFCM
Central Med.,MUT,17_18,2016,2727140,14101.8,4915.1,0.203,SS3,https://www.fao.org/gfcm/data/star/en/,NA,Fb35,MUT_17_18,0.306989,0.661261478,NA,3197.692,4915.1,NA,Mullus barbatus,Red mullet,12790.8,B35,1.102495544,2024,3_12_2024,Y,GFCM
Central Med.,MUT,17_18,2017,4583590,13621.9,4798.61,0.19,SS3,https://www.fao.org/gfcm/data/star/en/,NA,Fb35,MUT_17_18,0.306989,0.618914684,NA,3197.692,4798.61,NA,Mullus barbatus,Red mullet,12790.8,B35,1.064976389,2024,3_12_2024,Y,GFCM
Central Med.,MUT,17_18,2018,4094540,16716.9,4728.49,0.155,SS3,https://www.fao.org/gfcm/data/star/en/,NA,Fb35,MUT_17_18,0.306989,0.504904085,NA,3197.692,4728.49,NA,Mullus barbatus,Red mullet,12790.8,B35,1.306947181,2024,3_12_2024,Y,GFCM
Central Med.,MUT,17_18,2019,2950820,18984.6,3605.23,0.108,SS3,https://www.fao.org/gfcm/data/star/en/,NA,Fb35,MUT_17_18,0.306989,0.351804136,NA,3197.692,3605.23,NA,Mullus barbatus,Red mullet,12790.8,B35,1.484238672,2024,3_12_2024,Y,GFCM
Central Med.,MUT,17_18,2020,4287690,19368.2,2795.07,0.08,SS3,https://www.fao.org/gfcm/data/star/en/,NA,Fb35,MUT_17_18,0.306989,0.260595657,NA,3197.692,2795.07,NA,Mullus barbatus,Red mullet,12790.8,B35,1.514228977,2024,3_12_2024,Y,GFCM
Central Med.,MUT,17_18,2021,3749370,21847.8,3373.52,0.088,SS3,https://www.fao.org/gfcm/data/star/en/,NA,Fb35,MUT_17_18,0.306989,0.286655222,NA,3197.692,3373.52,NA,Mullus barbatus,Red mullet,12790.8,B35,1.708087063,2024,3_12_2024,Y,GFCM
Central Med.,MUT,17_18,2022,3797600,23013.9,2688.1,0.068,SS3,https://www.fao.org/gfcm/data/star/en/,NA,Fb35,MUT_17_18,0.306989,0.221506308,NA,3197.692,2688.1,NA,Mullus barbatus,Red mullet,12790.8,B35,1.799254151,2024,3_12_2024,Y,GFCM
Central Med.,MUT,19,2002,204419,2458.26,2273,0.98796,XSA,https://www.fao.org/gfcm/data/star/en/,NA,Fmsy,MUT_19,0.38,2.599894737,NA,NA,2273,NA,Mullus barbatus,Red mullet,NA,Bmsy,NA,2023,01_08_2024,Y,GFCM
Central Med.,MUT,19,2003,103136,1376.53,2452,1.74153,XSA,https://www.fao.org/gfcm/data/star/en/,NA,Fmsy,MUT_19,0.38,4.582973684,NA,NA,2452,NA,Mullus barbatus,Red mullet,NA,Bmsy,NA,2023,01_08_2024,Y,GFCM
Central Med.,MUT,19,2004,161048,815.71,951,1.29218,XSA,https://www.fao.org/gfcm/data/star/en/,NA,Fmsy,MUT_19,0.38,3.400473684,NA,NA,951,NA,Mullus barbatus,Red mullet,NA,Bmsy,NA,2023,01_08_2024,Y,GFCM
Central Med.,MUT,19,2005,101700,808.98,1114,1.45102,XSA,https://www.fao.org/gfcm/data/star/en/,NA,Fmsy,MUT_19,0.38,3.818473684,NA,NA,1114,NA,Mullus barbatus,Red mullet,NA,Bmsy,NA,2023,01_08_2024,Y,GFCM
Central Med.,MUT,19,2006,68635,655.62,887,1.47393,XSA,https://www.fao.org/gfcm/data/star/en/,NA,Fmsy,MUT_19,0.38,3.878763158,NA,NA,887,NA,Mullus barbatus,Red mullet,NA,Bmsy,NA,2023,01_08_2024,Y,GFCM
Central Med.,MUT,19,2007,56707,514.52,541,0.93434,XSA,https://www.fao.org/gfcm/data/star/en/,NA,Fmsy,MUT_19,0.38,2.458789474,NA,NA,541,NA,Mullus barbatus,Red mullet,NA,Bmsy,NA,2023,01_08_2024,Y,GFCM
Central Med.,MUT,19,2008,78237,445.47,448,1.11788,XSA,https://www.fao.org/gfcm/data/star/en/,NA,Fmsy,MUT_19,0.38,2.941789474,NA,NA,448,NA,Mullus barbatus,Red mullet,NA,Bmsy,NA,2023,01_08_2024,Y,GFCM
Central Med.,MUT,19,2009,83443,531.79,529.5,1.01148,XSA,https://www.fao.org/gfcm/data/star/en/,NA,Fmsy,MUT_19,0.38,2.661789474,NA,NA,529.5,NA,Mullus barbatus,Red mullet,NA,Bmsy,NA,2023,01_08_2024,Y,GFCM
Central Med.,MUT,19,2010,69939,533.32,538.1,1.08282,XSA,https://www.fao.org/gfcm/data/star/en/,NA,Fmsy,MUT_19,0.38,2.849526316,NA,NA,538.1,NA,Mullus barbatus,Red mullet,NA,Bmsy,NA,2023,01_08_2024,Y,GFCM
Central Med.,MUT,19,2011,60811,477.43,588,1.22347,XSA,https://www.fao.org/gfcm/data/star/en/,NA,Fmsy,MUT_19,0.38,3.219657895,NA,NA,597.96,NA,Mullus barbatus,Red mullet,NA,Bmsy,NA,2023,01_08_2024,Y,GFCM
Central Med.,MUT,19,2012,51539,396.73,483,1.19554,XSA,https://www.fao.org/gfcm/data/star/en/,NA,Fmsy,MUT_19,0.38,3.146157895,NA,NA,483.06,NA,Mullus barbatus,Red mullet,NA,Bmsy,NA,2023,01_08_2024,Y,GFCM
Central Med.,MUT,19,2013,41388,437.26,274,0.5539,XSA,https://www.fao.org/gfcm/data/star/en/,NA,Fmsy,MUT_19,0.38,1.457631579,NA,NA,277.29,NA,Mullus barbatus,Red mullet,NA,Bmsy,NA,2023,01_08_2024,Y,GFCM
Central Med.,MUT,19,2014,58717,441.57,251,0.52669,XSA,https://www.fao.org/gfcm/data/star/en/,NA,Fmsy,MUT_19,0.38,1.386026316,NA,NA,251.02,NA,Mullus barbatus,Red mullet,NA,Bmsy,NA,2023,01_08_2024,Y,GFCM
Central Med.,MUT,19,2015,49851,494.35,304,0.60518,XSA,https://www.fao.org/gfcm/data/star/en/,NA,Fmsy,MUT_19,0.38,1.592578947,NA,NA,305.45,NA,Mullus barbatus,Red mullet,NA,Bmsy,NA,2023,01_08_2024,Y,GFCM
Central Med.,MUT,19,2016,59669,681.94,278,0.47294,XSA,https://www.fao.org/gfcm/data/star/en/,NA,Fmsy,MUT_19,0.38,1.244578947,NA,NA,278.08,NA,Mullus barbatus,Red mullet,NA,Bmsy,NA,2023,01_08_2024,Y,GFCM
Central Med.,MUT,19,2017,69548,754.99,295,0.32665,XSA,https://www.fao.org/gfcm/data/star/en/,NA,Fmsy,MUT_19,0.38,0.859605263,NA,NA,295.12,NA,Mullus barbatus,Red mullet,NA,Bmsy,NA,2023,01_08_2024,Y,GFCM
Central Med.,MUT,19,2018,55186,778.94,551,0.66358,XSA,https://www.fao.org/gfcm/data/star/en/,NA,Fmsy,MUT_19,0.38,1.746263158,NA,NA,554.88,NA,Mullus barbatus,Red mullet,NA,Bmsy,NA,2023,01_08_2024,Y,GFCM
Central Med.,MUT,19,2019,46510,564.9,461,0.85964,XSA,https://www.fao.org/gfcm/data/star/en/,NA,Fmsy,MUT_19,0.38,2.262210526,NA,NA,462.12,NA,Mullus barbatus,Red mullet,NA,Bmsy,NA,2023,01_08_2024,Y,GFCM
Central Med.,MUT,19,2020,43194,580.26,235,0.42875,XSA,https://www.fao.org/gfcm/data/star/en/,NA,Fmsy,MUT_19,0.38,1.128289474,NA,NA,236.47,NA,Mullus barbatus,Red mullet,NA,Bmsy,NA,2023,01_08_2024,Y,GFCM
Central Med.,MUT,19,2021,50527,689.3,219,0.31253,XSA,https://www.fao.org/gfcm/data/star/en/,NA,Fmsy,MUT_19,0.38,0.822447368,NA,NA,219.08,NA,Mullus barbatus,Red mullet,NA,Bmsy,NA,2023,01_08_2024,Y,GFCM
Central Med.,MUT,19,2022,68657,955.96,131,0.14084,XSA,https://www.fao.org/gfcm/data/star/en/,NA,Fmsy,MUT_19,0.38,0.370631579,NA,NA,131.05,NA,Mullus barbatus,Red mullet,NA,Bmsy,NA,2023,01_08_2024,Y,GFCM
Eastern Med.,MUT,25,2005,2829,46,NA,1.043,SAM,https://gfcm.sharepoint.com/EG/_layouts/15/download.aspx?share=EfqzBFsoO4hJqQwIoyQETNIBFF-M0Kh84MZAbxmNSseYyg,NA,Fmsy,MUT_25,0.27,3.862962963,NA,NA,NA,NA,Mullus barbatus,Red mullet,NA,NA,NA,2022,29_06_2023,N,GFCM
Eastern Med.,MUT,25,2006,2719,38,NA,1.147,SAM,https://gfcm.sharepoint.com/EG/_layouts/15/download.aspx?share=EfqzBFsoO4hJqQwIoyQETNIBFF-M0Kh84MZAbxmNSseYyg,NA,Fmsy,MUT_25,0.27,4.248148148,NA,NA,NA,NA,Mullus barbatus,Red mullet,NA,NA,NA,2022,29_06_2023,N,GFCM
Eastern Med.,MUT,25,2007,2488,33,NA,1.36,SAM,https://gfcm.sharepoint.com/EG/_layouts/15/download.aspx?share=EfqzBFsoO4hJqQwIoyQETNIBFF-M0Kh84MZAbxmNSseYyg,NA,Fmsy,MUT_25,0.27,5.037037037,NA,NA,NA,NA,Mullus barbatus,Red mullet,NA,NA,NA,2022,29_06_2023,N,GFCM
Eastern Med.,MUT,25,2008,2490,29,NA,1.415,SAM,https://gfcm.sharepoint.com/EG/_layouts/15/download.aspx?share=EfqzBFsoO4hJqQwIoyQETNIBFF-M0Kh84MZAbxmNSseYyg,NA,Fmsy,MUT_25,0.27,5.240740741,NA,NA,NA,NA,Mullus barbatus,Red mullet,NA,NA,NA,2022,29_06_2023,N,GFCM
Eastern Med.,MUT,25,2009,2384,28,NA,1.225,SAM,https://gfcm.sharepoint.com/EG/_layouts/15/download.aspx?share=EfqzBFsoO4hJqQwIoyQETNIBFF-M0Kh84MZAbxmNSseYyg,NA,Fmsy,MUT_25,0.27,4.537037037,NA,NA,NA,NA,Mullus barbatus,Red mullet,NA,NA,NA,2022,29_06_2023,N,GFCM
Eastern Med.,MUT,25,2010,1934,30,NA,1.087,SAM,https://gfcm.sharepoint.com/EG/_layouts/15/download.aspx?share=EfqzBFsoO4hJqQwIoyQETNIBFF-M0Kh84MZAbxmNSseYyg,NA,Fmsy,MUT_25,0.27,4.025925926,NA,NA,NA,NA,Mullus barbatus,Red mullet,NA,NA,NA,2022,29_06_2023,N,GFCM
Eastern Med.,MUT,25,2011,1542,35,NA,1.017,SAM,https://gfcm.sharepoint.com/EG/_layouts/15/download.aspx?share=EfqzBFsoO4hJqQwIoyQETNIBFF-M0Kh84MZAbxmNSseYyg,NA,Fmsy,MUT_25,0.27,3.766666667,NA,NA,NA,NA,Mullus barbatus,Red mullet,NA,NA,NA,2022,29_06_2023,N,GFCM
Eastern Med.,MUT,25,2012,1581,31,NA,0.963,SAM,https://gfcm.sharepoint.com/EG/_layouts/15/download.aspx?share=EfqzBFsoO4hJqQwIoyQETNIBFF-M0Kh84MZAbxmNSseYyg,NA,Fmsy,MUT_25,0.27,3.566666667,NA,NA,NA,NA,Mullus barbatus,Red mullet,NA,NA,NA,2022,29_06_2023,N,GFCM
Eastern Med.,MUT,25,2013,1518,33,NA,1.043,SAM,https://gfcm.sharepoint.com/EG/_layouts/15/download.aspx?share=EfqzBFsoO4hJqQwIoyQETNIBFF-M0Kh84MZAbxmNSseYyg,NA,Fmsy,MUT_25,0.27,3.862962963,NA,NA,NA,NA,Mullus barbatus,Red mullet,NA,NA,NA,2022,29_06_2023,N,GFCM
Eastern Med.,MUT,25,2014,1397,28,NA,1.106,SAM,https://gfcm.sharepoint.com/EG/_layouts/15/download.aspx?share=EfqzBFsoO4hJqQwIoyQETNIBFF-M0Kh84MZAbxmNSseYyg,NA,Fmsy,MUT_25,0.27,4.096296296,NA,NA,NA,NA,Mullus barbatus,Red mullet,NA,NA,NA,2022,29_06_2023,N,GFCM
Eastern Med.,MUT,25,2015,1305,26,NA,1.187,SAM,https://gfcm.sharepoint.com/EG/_layouts/15/download.aspx?share=EfqzBFsoO4hJqQwIoyQETNIBFF-M0Kh84MZAbxmNSseYyg,NA,Fmsy,MUT_25,0.27,4.396296296,NA,NA,NA,NA,Mullus barbatus,Red mullet,NA,NA,NA,2022,29_06_2023,N,GFCM
Eastern Med.,MUT,25,2016,1167,22,NA,1.193,SAM,https://gfcm.sharepoint.com/EG/_layouts/15/download.aspx?share=EfqzBFsoO4hJqQwIoyQETNIBFF-M0Kh84MZAbxmNSseYyg,NA,Fmsy,MUT_25,0.27,4.418518519,NA,NA,NA,NA,Mullus barbatus,Red mullet,NA,NA,NA,2022,29_06_2023,N,GFCM
Eastern Med.,MUT,25,2017,921,21,NA,1.085,SAM,https://gfcm.sharepoint.com/EG/_layouts/15/download.aspx?share=EfqzBFsoO4hJqQwIoyQETNIBFF-M0Kh84MZAbxmNSseYyg,NA,Fmsy,MUT_25,0.27,4.018518519,NA,NA,NA,NA,Mullus barbatus,Red mullet,NA,NA,NA,2022,29_06_2023,N,GFCM
Eastern Med.,MUT,25,2018,944,17,NA,0.903,SAM,https://gfcm.sharepoint.com/EG/_layouts/15/download.aspx?share=EfqzBFsoO4hJqQwIoyQETNIBFF-M0Kh84MZAbxmNSseYyg,NA,Fmsy,MUT_25,0.27,3.344444444,NA,NA,NA,NA,Mullus barbatus,Red mullet,NA,NA,NA,2022,29_06_2023,N,GFCM
Eastern Med.,MUT,25,2019,1073,17,NA,0.84,SAM,https://gfcm.sharepoint.com/EG/_layouts/15/download.aspx?share=EfqzBFsoO4hJqQwIoyQETNIBFF-M0Kh84MZAbxmNSseYyg,NA,Fmsy,MUT_25,0.27,3.111111111,NA,NA,NA,NA,Mullus barbatus,Red mullet,NA,NA,NA,2022,29_06_2023,N,GFCM
Eastern Med.,MUT,25,2020,1457,21,NA,0.714,SAM,https://gfcm.sharepoint.com/EG/_layouts/15/download.aspx?share=EfqzBFsoO4hJqQwIoyQETNIBFF-M0Kh84MZAbxmNSseYyg,NA,Fmsy,MUT_25,0.27,2.644444444,NA,NA,NA,NA,Mullus barbatus,Red mullet,NA,NA,NA,2022,29_06_2023,N,GFCM
Eastern Med.,MUT,25,2021,1564,24,NA,0.748,SAM,https://gfcm.sharepoint.com/EG/_layouts/15/download.aspx?share=EfqzBFsoO4hJqQwIoyQETNIBFF-M0Kh84MZAbxmNSseYyg,NA,Fmsy,MUT_25,0.27,0.588976378,NA,NA,NA,NA,Mullus barbatus,Red mullet,NA,NA,NA,2022,29_06_2023,N,GFCM
Eastern Med.,MUT,25,2022,1476,27,NA,0.761,SAM,https://gfcm.sharepoint.com/EG/_layouts/15/download.aspx?share=EfqzBFsoO4hJqQwIoyQETNIBFF-M0Kh84MZAbxmNSseYyg,NA,Fmsy,MUT_25,0.27,0.335242291,NA,NA,NA,NA,Mullus barbatus,Red mullet,NA,NA,NA,2022,29_06_2023,N,GFCM
Western Med.,ANE,7,2002,11160498,51389,6563,0.086,a4a,https://gfcm.sharepoint.com/EG/_layouts/15/download.aspx?share=EZnbqaWUHSxGtMH0VkxpHigBbEwbihB7-TB4IrAkHZMI7w,NA,Fmsy,ANE_7,0.49,0.175510204,NA,22889,NA,87552,Engraulis encrasicolus,European anchovy,NA,NA,NA,2023,09_08_2024,Y,GFCM
Western Med.,ANE,7,2003,8198739,27860,3104,0.077,a4a,https://gfcm.sharepoint.com/EG/_layouts/15/download.aspx?share=EZnbqaWUHSxGtMH0VkxpHigBbEwbihB7-TB4IrAkHZMI7w,NA,Fmsy,ANE_7,0.49,0.157142857,NA,22889,NA,61555,Engraulis encrasicolus,European anchovy,NA,NA,NA,2023,09_08_2024,Y,GFCM
Western Med.,ANE,7,2004,5893565,25954,3047,0.073,a4a,https://gfcm.sharepoint.com/EG/_layouts/15/download.aspx?share=EZnbqaWUHSxGtMH0VkxpHigBbEwbihB7-TB4IrAkHZMI7w,NA,Fmsy,ANE_7,0.49,0.148979592,NA,22889,NA,46518,Engraulis encrasicolus,European anchovy,NA,NA,NA,2023,09_08_2024,Y,GFCM
Western Med.,ANE,7,2005,4808728,15962,2410,0.073,a4a,https://gfcm.sharepoint.com/EG/_layouts/15/download.aspx?share=EZnbqaWUHSxGtMH0VkxpHigBbEwbihB7-TB4IrAkHZMI7w,NA,Fmsy,ANE_7,0.49,0.148979592,NA,22889,NA,33738,Engraulis encrasicolus,European anchovy,NA,NA,NA,2023,09_08_2024,Y,GFCM
Western Med.,ANE,7,2006,5325501,25658,2596,0.081,a4a,https://gfcm.sharepoint.com/EG/_layouts/15/download.aspx?share=EZnbqaWUHSxGtMH0VkxpHigBbEwbihB7-TB4IrAkHZMI7w,NA,Fmsy,ANE_7,0.49,0.165306122,NA,22889,NA,37857,Engraulis encrasicolus,European anchovy,NA,NA,NA,2023,09_08_2024,Y,GFCM
Western Med.,ANE,7,2007,4458537,13654,2504,0.097,a4a,https://gfcm.sharepoint.com/EG/_layouts/15/download.aspx?share=EZnbqaWUHSxGtMH0VkxpHigBbEwbihB7-TB4IrAkHZMI7w,NA,Fmsy,ANE_7,0.49,0.197959184,NA,22889,NA,30921,Engraulis encrasicolus,European anchovy,NA,NA,NA,2023,09_08_2024,Y,GFCM
Western Med.,ANE,7,2008,2681621,23395,2264,0.121,a4a,https://gfcm.sharepoint.com/EG/_layouts/15/download.aspx?share=EZnbqaWUHSxGtMH0VkxpHigBbEwbihB7-TB4IrAkHZMI7w,NA,Fmsy,ANE_7,0.49,0.246938776,NA,22889,NA,19326,Engraulis encrasicolus,European anchovy,NA,NA,NA,2023,09_08_2024,Y,GFCM
Western Med.,ANE,7,2009,3104881,30424,1875,0.148,a4a,https://gfcm.sharepoint.com/EG/_layouts/15/download.aspx?share=EZnbqaWUHSxGtMH0VkxpHigBbEwbihB7-TB4IrAkHZMI7w,NA,Fmsy,ANE_7,0.49,0.302040816,NA,22889,NA,16378,Engraulis encrasicolus,European anchovy,NA,NA,NA,2023,09_08_2024,Y,GFCM
Western Med.,ANE,7,2010,3137040,23519,2285,0.168,a4a,https://gfcm.sharepoint.com/EG/_layouts/15/download.aspx?share=EZnbqaWUHSxGtMH0VkxpHigBbEwbihB7-TB4IrAkHZMI7w,NA,Fmsy,ANE_7,0.49,0.342857143,NA,22889,NA,16766,Engraulis encrasicolus,European anchovy,NA,NA,NA,2023,09_08_2024,Y,GFCM
Western Med.,ANE,7,2011,3234774,25911,2853,0.169,a4a,https://gfcm.sharepoint.com/EG/_layouts/15/download.aspx?share=EZnbqaWUHSxGtMH0VkxpHigBbEwbihB7-TB4IrAkHZMI7w,NA,Fmsy,ANE_7,0.49,0.344897959,NA,22889,NA,17188,Engraulis encrasicolus,European anchovy,NA,NA,NA,2023,09_08_2024,Y,GFCM
Western Med.,ANE,7,2012,2958974,39017,2240,0.149,a4a,https://gfcm.sharepoint.com/EG/_layouts/15/download.aspx?share=EZnbqaWUHSxGtMH0VkxpHigBbEwbihB7-TB4IrAkHZMI7w,NA,Fmsy,ANE_7,0.49,0.304081633,NA,22889,NA,15725,Engraulis encrasicolus,European anchovy,NA,NA,NA,2023,09_08_2024,Y,GFCM
Western Med.,ANE,7,2013,5618561,18371,1753,0.114,a4a,https://gfcm.sharepoint.com/EG/_layouts/15/download.aspx?share=EZnbqaWUHSxGtMH0VkxpHigBbEwbihB7-TB4IrAkHZMI7w,NA,Fmsy,ANE_7,0.49,0.232653061,NA,22889,NA,28007,Engraulis encrasicolus,European anchovy,NA,NA,NA,2023,09_08_2024,Y,GFCM
Western Med.,ANE,7,2014,5747606,30939,2109,0.08,a4a,https://gfcm.sharepoint.com/EG/_layouts/15/download.aspx?share=EZnbqaWUHSxGtMH0VkxpHigBbEwbihB7-TB4IrAkHZMI7w,NA,Fmsy,ANE_7,0.49,0.163265306,NA,22889,NA,27127,Engraulis encrasicolus,European anchovy,NA,NA,NA,2023,09_08_2024,Y,GFCM
Western Med.,ANE,7,2015,5985845,41855,1518,0.053,a4a,https://gfcm.sharepoint.com/EG/_layouts/15/download.aspx?share=EZnbqaWUHSxGtMH0VkxpHigBbEwbihB7-TB4IrAkHZMI7w,NA,Fmsy,ANE_7,0.49,0.108163265,NA,22889,NA,26133,Engraulis encrasicolus,European anchovy,NA,NA,NA,2023,09_08_2024,Y,GFCM
Western Med.,ANE,7,2016,6458396,22740,1065,0.034,a4a,https://gfcm.sharepoint.com/EG/_layouts/15/download.aspx?share=EZnbqaWUHSxGtMH0VkxpHigBbEwbihB7-TB4IrAkHZMI7w,NA,Fmsy,ANE_7,0.49,0.069387755,NA,22889,NA,29341,Engraulis encrasicolus,European anchovy,NA,NA,NA,2023,09_08_2024,Y,GFCM
Western Med.,ANE,7,2017,7508854,57933,820,0.023,a4a,https://gfcm.sharepoint.com/EG/_layouts/15/download.aspx?share=EZnbqaWUHSxGtMH0VkxpHigBbEwbihB7-TB4IrAkHZMI7w,NA,Fmsy,ANE_7,0.49,0.046938776,NA,22889,NA,31640,Engraulis encrasicolus,European anchovy,NA,NA,NA,2023,09_08_2024,Y,GFCM
Western Med.,ANE,7,2018,8349215,32342,661,0.016,a4a,https://gfcm.sharepoint.com/EG/_layouts/15/download.aspx?share=EZnbqaWUHSxGtMH0VkxpHigBbEwbihB7-TB4IrAkHZMI7w,NA,Fmsy,ANE_7,0.49,0.032653061,NA,22889,NA,36209,Engraulis encrasicolus,European anchovy,NA,NA,NA,2023,09_08_2024,Y,GFCM
Western Med.,ANE,7,2019,12319790,36470,555,0.012,a4a,https://gfcm.sharepoint.com/EG/_layouts/15/download.aspx?share=EZnbqaWUHSxGtMH0VkxpHigBbEwbihB7-TB4IrAkHZMI7w,NA,Fmsy,ANE_7,0.49,0.024489796,NA,22889,NA,54563,Engraulis encrasicolus,European anchovy,NA,NA,NA,2023,09_08_2024,Y,GFCM
Western Med.,ANE,7,2020,19068731,17644,596,0.01,a4a,https://gfcm.sharepoint.com/EG/_layouts/15/download.aspx?share=EZnbqaWUHSxGtMH0VkxpHigBbEwbihB7-TB4IrAkHZMI7w,NA,Fmsy,ANE_7,0.49,0.020408163,NA,22889,NA,77205,Engraulis encrasicolus,European anchovy,NA,NA,NA,2023,09_08_2024,Y,GFCM
Western Med.,ANE,7,2021,27545875,42712,729,0.008,a4a,https://gfcm.sharepoint.com/EG/_layouts/15/download.aspx?share=EZnbqaWUHSxGtMH0VkxpHigBbEwbihB7-TB4IrAkHZMI7w,NA,Fmsy,ANE_7,0.49,0.016326531,NA,22889,NA,109441,Engraulis encrasicolus,European anchovy,NA,NA,NA,2023,09_08_2024,Y,GFCM
Western Med.,ANE,7,2022,41132867,73604,850,0.007,a4a,https://gfcm.sharepoint.com/EG/_layouts/15/download.aspx?share=EZnbqaWUHSxGtMH0VkxpHigBbEwbihB7-TB4IrAkHZMI7w,NA,Fmsy,ANE_7,0.49,0.014285714,NA,22889,NA,161839,Engraulis encrasicolus,European anchovy,NA,NA,NA,2023,09_08_2024,Y,GFCM
Western Med.,ANE,5,1995,NA,0.54,0.08,0.317,spict,https://www.fao.org/gfcm/data/star/en/,NA,Fmsy,ANE_5,1.086,0.291896869,,104.396,0.08,0.54,Engraulis encrasicolus,European anchovy,347.987,Bmsy,0.001551782,2023,3_12_2024,N,GFCM
Western Med.,ANE,5,1996,NA,1.754,2.766,3.266,spict,https://www.fao.org/gfcm/data/star/en/,NA,Fmsy,ANE_5,1.086,3.007366483,,104.396,2.766,1.754,Engraulis encrasicolus,European anchovy,348.987,Bmsy,0.005025975,2023,3_12_2025,N,GFCM
Western Med.,ANE,5,1997,NA,1.072,2.606,1.7,spict,https://www.fao.org/gfcm/data/star/en/,NA,Fmsy,ANE_5,1.086,1.565377532,,104.396,2.606,1.072,Engraulis encrasicolus,European anchovy,349.987,Bmsy,0.003062971,2023,3_12_2026,N,GFCM
Western Med.,ANE,5,1998,NA,2.237,2.164,1.261,spict,https://www.fao.org/gfcm/data/star/en/,NA,Fmsy,ANE_5,1.086,1.161141805,,104.396,2.164,2.237,Engraulis encrasicolus,European anchovy,350.987,Bmsy,0.006373455,2023,3_12_2027,N,GFCM
Western Med.,ANE,5,1999,NA,4.281,5.893,1.732,spict,https://www.fao.org/gfcm/data/star/en/,NA,Fmsy,ANE_5,1.086,1.594843462,,104.396,5.893,4.281,Engraulis encrasicolus,European anchovy,351.987,Bmsy,0.012162381,2023,3_12_2028,N,GFCM
Western Med.,ANE,5,2000,NA,8.1,9.367,1.611,spict,https://www.fao.org/gfcm/data/star/en/,NA,Fmsy,ANE_5,1.086,1.483425414,,104.396,9.367,8.1,Engraulis encrasicolus,European anchovy,352.987,Bmsy,0.022947021,2023,3_12_2029,N,GFCM
Western Med.,ANE,5,2001,NA,4.6,22.588,3.282,spict,https://www.fao.org/gfcm/data/star/en/,NA,Fmsy,ANE_5,1.086,3.022099448,,104.396,22.588,4.6,Engraulis encrasicolus,European anchovy,353.987,Bmsy,0.012994827,2023,3_12_2030,N,GFCM
Western Med.,ANE,5,2002,NA,4.795,6.163,1.301,spict,https://www.fao.org/gfcm/data/star/en/,NA,Fmsy,ANE_5,1.086,1.197974217,,104.396,6.163,4.795,Engraulis encrasicolus,European anchovy,354.987,Bmsy,0.013507537,2023,3_12_2031,N,GFCM
Western Med.,ANE,5,2003,NA,7.45,13.786,2.285,spict,https://www.fao.org/gfcm/data/star/en/,NA,Fmsy,ANE_5,1.086,2.104051565,,104.396,13.786,7.45,Engraulis encrasicolus,European anchovy,355.987,Bmsy,0.020927731,2023,3_12_2032,N,GFCM
Western Med.,ANE,5,2004,NA,8.523,14.652,1.858,spict,https://www.fao.org/gfcm/data/star/en/,NA,Fmsy,ANE_5,1.086,1.710865562,,104.396,14.652,8.523,Engraulis encrasicolus,European anchovy,356.987,Bmsy,0.023874819,2023,3_12_2033,N,GFCM
Western Med.,ANE,5,2005,NA,8.161,21.241,2.77,spict,https://www.fao.org/gfcm/data/star/en/,NA,Fmsy,ANE_5,1.086,2.550644567,,104.396,21.241,8.161,Engraulis encrasicolus,European anchovy,357.987,Bmsy,0.022796917,2023,3_12_2034,N,GFCM
Western Med.,ANE,5,2006,NA,0.987,17.844,5.562,spict,https://www.fao.org/gfcm/data/star/en/,NA,Fmsy,ANE_5,1.086,5.121546961,,104.396,17.844,0.987,Engraulis encrasicolus,European anchovy,358.987,Bmsy,0.002749403,2023,3_12_2035,N,GFCM
Western Med.,ANE,5,2007,NA,0.449,0.776,1.481,spict,https://www.fao.org/gfcm/data/star/en/,NA,Fmsy,ANE_5,1.086,1.363720074,,104.396,0.776,0.449,Engraulis encrasicolus,European anchovy,359.987,Bmsy,0.001247267,2023,3_12_2036,N,GFCM
Western Med.,ANE,5,2008,NA,0.791,0.851,0.757,spict,https://www.fao.org/gfcm/data/star/en/,NA,Fmsy,ANE_5,1.086,0.697053407,,104.396,0.851,0.791,Engraulis encrasicolus,European anchovy,360.987,Bmsy,0.002191215,2023,3_12_2037,N,GFCM
Western Med.,ANE,5,2009,NA,4.552,0.674,0.221,spict,https://www.fao.org/gfcm/data/star/en/,NA,Fmsy,ANE_5,1.086,0.203499079,,104.396,0.674,4.552,Engraulis encrasicolus,European anchovy,361.987,Bmsy,0.012575037,2023,3_12_2038,N,GFCM
Western Med.,ANE,5,2010,NA,29.702,6.105,0.394,spict,https://www.fao.org/gfcm/data/star/en/,NA,Fmsy,ANE_5,1.086,0.362799263,,104.396,6.105,29.702,Engraulis encrasicolus,European anchovy,362.987,Bmsy,0.081826622,2023,3_12_2039,N,GFCM
Western Med.,ANE,5,2011,NA,154.23,30.262,0.335,spict,https://www.fao.org/gfcm/data/star/en/,NA,Fmsy,ANE_5,1.086,0.308471455,,104.396,30.262,154.23,Engraulis encrasicolus,European anchovy,363.987,Bmsy,0.423723924,2023,3_12_2040,N,GFCM
Western Med.,ANE,5,2012,NA,393.233,173.396,0.631,spict,https://www.fao.org/gfcm/data/star/en/,NA,Fmsy,ANE_5,1.086,0.581031308,,104.396,173.396,393.233,Engraulis encrasicolus,European anchovy,364.987,Bmsy,1.077389058,2023,3_12_2041,N,GFCM
Western Med.,ANE,5,2013,NA,510.518,224.648,0.394,spict,https://www.fao.org/gfcm/data/star/en/,NA,Fmsy,ANE_5,1.086,0.362799263,,104.396,224.648,510.518,Engraulis encrasicolus,European anchovy,365.987,Bmsy,1.394907469,2023,3_12_2042,N,GFCM
Western Med.,ANE,5,2014,NA,596.43,152.949,0.229,spict,https://www.fao.org/gfcm/data/star/en/,NA,Fmsy,ANE_5,1.086,0.210865562,,104.396,152.949,596.43,Engraulis encrasicolus,European anchovy,366.987,Bmsy,1.625207432,2023,3_12_2043,N,GFCM
Western Med.,ANE,5,2015,NA,628.083,140.039,0.225,spict,https://www.fao.org/gfcm/data/star/en/,NA,Fmsy,ANE_5,1.086,0.20718232,,104.396,140.039,628.083,Engraulis encrasicolus,European anchovy,367.987,Bmsy,1.706807577,2023,3_12_2044,N,GFCM
Western Med.,ANE,5,2016,NA,633.595,127.448,0.176,spict,https://www.fao.org/gfcm/data/star/en/,NA,Fmsy,ANE_5,1.086,0.162062615,,104.396,127.448,633.595,Engraulis encrasicolus,European anchovy,368.987,Bmsy,1.717120115,2023,3_12_2045,N,GFCM
Western Med.,ANE,5,2017,NA,655.132,87.46,0.123,spict,https://www.fao.org/gfcm/data/star/en/,NA,Fmsy,ANE_5,1.086,0.113259669,,104.396,87.46,655.132,Engraulis encrasicolus,European anchovy,369.987,Bmsy,1.77068924,2023,3_12_2046,N,GFCM
Western Med.,ANE,5,2018,NA,658.518,90.434,0.159,spict,https://www.fao.org/gfcm/data/star/en/,NA,Fmsy,ANE_5,1.086,0.14640884,,104.396,90.434,658.518,Engraulis encrasicolus,European anchovy,370.987,Bmsy,1.77504333,2023,3_12_2047,N,GFCM
Western Med.,ANE,5,2019,NA,631.572,145.457,0.247,spict,https://www.fao.org/gfcm/data/star/en/,NA,Fmsy,ANE_5,1.086,0.227440147,,104.396,145.457,631.572,Engraulis encrasicolus,European anchovy,371.987,Bmsy,1.697833526,2023,3_12_2048,N,GFCM
Western Med.,ANE,5,2020,NA,629.692,139.653,0.21,spict,https://www.fao.org/gfcm/data/star/en/,NA,Fmsy,ANE_5,1.086,0.193370166,,104.396,139.653,629.692,Engraulis encrasicolus,European anchovy,372.987,Bmsy,1.688241145,2023,3_12_2049,N,GFCM
Western Med.,ANE,5,2021,NA,639.286,117.748,0.168,spict,https://www.fao.org/gfcm/data/star/en/,NA,Fmsy,ANE_5,1.086,0.154696133,,104.396,117.748,639.286,Engraulis encrasicolus,European anchovy,373.987,Bmsy,1.709380273,2023,3_12_2050,N,GFCM
Western Med.,ANE,5,2022,NA,654.169,98.086,0.147,spict,https://www.fao.org/gfcm/data/star/en/,NA,Fmsy,ANE_5,1.086,0.135359116,,104.396,98.086,654.169,Engraulis encrasicolus,European anchovy,374.987,Bmsy,1.744511143,2023,3_12_2051,N,GFCM
Western Med.,ANE,9,1994,NA,NA,4715.826,0.6205363,spict,https://gfcm.sharepoint.com/EG/_layouts/15/download.aspx?share=EVvkMr4PrC1Lo7kG_v7JFX8BT9uIyN7CDpKBOVgHGd-f5A,NA,Fmsy,ANE_9,0.42,1.477467381,NA,3546.77,4715.826,7022.775,Engraulis encrasicolus,European anchovy,11822.57,Bmsy,0.594014246,2023,09_08_2024,Y,GFCM
Western Med.,ANE,9,1995,NA,NA,3235.943,0.5138248,spict,https://gfcm.sharepoint.com/EG/_layouts/15/download.aspx?share=EVvkMr4PrC1Lo7kG_v7JFX8BT9uIyN7CDpKBOVgHGd-f5A,NA,Fmsy,ANE_9,0.42,1.223392381,NA,3546.77,3235.943,4613.441,Engraulis encrasicolus,European anchovy,11822.57,Bmsy,0.390223192,2023,09_08_2024,Y,GFCM
Western Med.,ANE,9,1996,NA,NA,1768.336,0.4435921,spict,https://gfcm.sharepoint.com/EG/_layouts/15/download.aspx?share=EVvkMr4PrC1Lo7kG_v7JFX8BT9uIyN7CDpKBOVgHGd-f5A,NA,Fmsy,ANE_9,0.42,1.056171667,NA,3546.77,1768.336,4231.159,Engraulis encrasicolus,European anchovy,11822.57,Bmsy,0.357888259,2023,09_08_2024,Y,GFCM
Western Med.,ANE,9,1997,NA,NA,2728.973,0.5322839,spict,https://gfcm.sharepoint.com/EG/_layouts/15/download.aspx?share=EVvkMr4PrC1Lo7kG_v7JFX8BT9uIyN7CDpKBOVgHGd-f5A,NA,Fmsy,ANE_9,0.42,1.267342619,NA,3546.77,2728.973,5378.467,Engraulis encrasicolus,European anchovy,11822.57,Bmsy,0.454932134,2023,09_08_2024,Y,GFCM
Western Med.,ANE,9,1998,NA,NA,2701.443,0.5134912,spict,https://gfcm.sharepoint.com/EG/_layouts/15/download.aspx?share=EVvkMr4PrC1Lo7kG_v7JFX8BT9uIyN7CDpKBOVgHGd-f5A,NA,Fmsy,ANE_9,0.42,1.222598095,NA,3546.77,2701.443,6231.074,Engraulis encrasicolus,European anchovy,11822.57,Bmsy,0.527049026,2023,09_08_2024,Y,GFCM
Western Med.,ANE,9,1999,NA,NA,6113.635,0.6750189,spict,https://gfcm.sharepoint.com/EG/_layouts/15/download.aspx?share=EVvkMr4PrC1Lo7kG_v7JFX8BT9uIyN7CDpKBOVgHGd-f5A,NA,Fmsy,ANE_9,0.42,1.607187857,NA,3546.77,6113.635,10876.098,Engraulis encrasicolus,European anchovy,11822.57,Bmsy,0.919943633,2023,09_08_2024,Y,GFCM
Western Med.,ANE,9,2000,NA,NA,5491.656,0.560107,spict,https://gfcm.sharepoint.com/EG/_layouts/15/download.aspx?share=EVvkMr4PrC1Lo7kG_v7JFX8BT9uIyN7CDpKBOVgHGd-f5A,NA,Fmsy,ANE_9,0.42,1.333588095,NA,3546.77,5491.656,7042.008,Engraulis encrasicolus,European anchovy,11822.57,Bmsy,0.595641049,2023,09_08_2024,Y,GFCM
Western Med.,ANE,9,2001,NA,NA,3035.258,0.4762838,spict,https://gfcm.sharepoint.com/EG/_layouts/15/download.aspx?share=EVvkMr4PrC1Lo7kG_v7JFX8BT9uIyN7CDpKBOVgHGd-f5A,NA,Fmsy,ANE_9,0.42,1.134009048,NA,3546.77,3035.258,7112.9,Engraulis encrasicolus,European anchovy,11822.57,Bmsy,0.601637377,2023,09_08_2024,Y,GFCM
Western Med.,ANE,9,2002,NA,NA,6231.791,0.6903613,spict,https://gfcm.sharepoint.com/EG/_layouts/15/download.aspx?share=EVvkMr4PrC1Lo7kG_v7JFX8BT9uIyN7CDpKBOVgHGd-f5A,NA,Fmsy,ANE_9,0.42,1.643717381,NA,3546.77,6231.791,10317.231,Engraulis encrasicolus,European anchovy,11822.57,Bmsy,0.872672439,2023,09_08_2024,Y,GFCM
Western Med.,ANE,9,2003,NA,NA,4810.201,0.6211284,spict,https://gfcm.sharepoint.com/EG/_layouts/15/download.aspx?share=EVvkMr4PrC1Lo7kG_v7JFX8BT9uIyN7CDpKBOVgHGd-f5A,NA,Fmsy,ANE_9,0.42,1.478877143,NA,3546.77,4810.201,4766.073,Engraulis encrasicolus,European anchovy,11822.57,Bmsy,0.403133413,2023,09_08_2024,Y,GFCM
Western Med.,ANE,9,2004,NA,NA,1524.025,0.5235586,spict,https://gfcm.sharepoint.com/EG/_layouts/15/download.aspx?share=EVvkMr4PrC1Lo7kG_v7JFX8BT9uIyN7CDpKBOVgHGd-f5A,NA,Fmsy,ANE_9,0.42,1.246568095,NA,3546.77,1524.025,2622.849,Engraulis encrasicolus,European anchovy,11822.57,Bmsy,0.221851002,2023,09_08_2024,Y,GFCM
Western Med.,ANE,9,2005,NA,NA,2099.38,0.7109606,spict,https://gfcm.sharepoint.com/EG/_layouts/15/download.aspx?share=EVvkMr4PrC1Lo7kG_v7JFX8BT9uIyN7CDpKBOVgHGd-f5A,NA,Fmsy,ANE_9,0.42,1.692763333,NA,3546.77,2099.38,3815,Engraulis encrasicolus,European anchovy,11822.57,Bmsy,0.322687876,2023,09_08_2024,Y,GFCM
Western Med.,ANE,9,2006,NA,NA,3683.333,0.9030153,spict,https://gfcm.sharepoint.com/EG/_layouts/15/download.aspx?share=EVvkMr4PrC1Lo7kG_v7JFX8BT9uIyN7CDpKBOVgHGd-f5A,NA,Fmsy,ANE_9,0.42,2.150036429,NA,3546.77,3683.333,4029.813,Engraulis encrasicolus,European anchovy,11822.57,Bmsy,0.340857614,2023,09_08_2024,Y,GFCM
Western Med.,ANE,9,2007,NA,NA,2281.374,0.705465,spict,https://gfcm.sharepoint.com/EG/_layouts/15/download.aspx?share=EVvkMr4PrC1Lo7kG_v7JFX8BT9uIyN7CDpKBOVgHGd-f5A,NA,Fmsy,ANE_9,0.42,1.679678571,NA,3546.77,2281.374,2332.438,Engraulis encrasicolus,European anchovy,11822.57,Bmsy,0.197286884,2023,09_08_2024,Y,GFCM
Western Med.,ANE,9,2008,NA,NA,1364.628,0.5449371,spict,https://gfcm.sharepoint.com/EG/_layouts/15/download.aspx?share=EVvkMr4PrC1Lo7kG_v7JFX8BT9uIyN7CDpKBOVgHGd-f5A,NA,Fmsy,ANE_9,0.42,1.297469286,NA,3546.77,1364.628,2724.035,Engraulis encrasicolus,European anchovy,11822.57,Bmsy,0.230409716,2023,09_08_2024,Y,GFCM
Western Med.,ANE,9,2009,NA,NA,2489.765,0.5884349,spict,https://gfcm.sharepoint.com/EG/_layouts/15/download.aspx?share=EVvkMr4PrC1Lo7kG_v7JFX8BT9uIyN7CDpKBOVgHGd-f5A,NA,Fmsy,ANE_9,0.42,1.401035476,NA,3546.77,2489.765,5184.563,Engraulis encrasicolus,European anchovy,11822.57,Bmsy,0.438530962,2023,09_08_2024,Y,GFCM
Western Med.,ANE,9,2010,NA,NA,3020.682,0.618845,spict,https://gfcm.sharepoint.com/EG/_layouts/15/download.aspx?share=EVvkMr4PrC1Lo7kG_v7JFX8BT9uIyN7CDpKBOVgHGd-f5A,NA,Fmsy,ANE_9,0.42,1.473440476,NA,3546.77,3020.682,5550.896,Engraulis encrasicolus,European anchovy,11822.57,Bmsy,0.469516865,2023,09_08_2024,Y,GFCM
Western Med.,ANE,9,2011,NA,NA,4372.159,0.6463472,spict,https://gfcm.sharepoint.com/EG/_layouts/15/download.aspx?share=EVvkMr4PrC1Lo7kG_v7JFX8BT9uIyN7CDpKBOVgHGd-f5A,NA,Fmsy,ANE_9,0.42,1.538921905,NA,3546.77,4372.159,6438.613,Engraulis encrasicolus,European anchovy,11822.57,Bmsy,0.5446035,2023,09_08_2024,Y,GFCM
Western Med.,ANE,9,2012,NA,NA,4921.655,0.5007565,spict,https://gfcm.sharepoint.com/EG/_layouts/15/download.aspx?share=EVvkMr4PrC1Lo7kG_v7JFX8BT9uIyN7CDpKBOVgHGd-f5A,NA,Fmsy,ANE_9,0.42,1.192277381,NA,3546.77,4921.655,10814.866,Engraulis encrasicolus,European anchovy,11822.57,Bmsy,0.914764387,2023,09_08_2024,Y,GFCM
Western Med.,ANE,9,2013,NA,NA,5355.141,0.3869994,spict,https://gfcm.sharepoint.com/EG/_layouts/15/download.aspx?share=EVvkMr4PrC1Lo7kG_v7JFX8BT9uIyN7CDpKBOVgHGd-f5A,NA,Fmsy,ANE_9,0.42,0.921427143,NA,3546.77,5355.141,11998.13,Engraulis encrasicolus,European anchovy,11822.57,Bmsy,1.014849563,2023,09_08_2024,Y,GFCM
Western Med.,ANE,9,2014,NA,NA,3465.737,0.2645541,spict,https://gfcm.sharepoint.com/EG/_layouts/15/download.aspx?share=EVvkMr4PrC1Lo7kG_v7JFX8BT9uIyN7CDpKBOVgHGd-f5A,NA,Fmsy,ANE_9,0.42,0.629890714,NA,3546.77,3465.737,12947.251,Engraulis encrasicolus,European anchovy,11822.57,Bmsy,1.095129993,2023,09_08_2024,Y,GFCM
Western Med.,ANE,9,2015,NA,NA,3950.619,0.2187974,spict,https://gfcm.sharepoint.com/EG/_layouts/15/download.aspx?share=EVvkMr4PrC1Lo7kG_v7JFX8BT9uIyN7CDpKBOVgHGd-f5A,NA,Fmsy,ANE_9,0.42,0.52094619,NA,3546.77,3950.619,19192.626,Engraulis encrasicolus,European anchovy,11822.57,Bmsy,1.623388654,2023,09_08_2024,Y,GFCM
Western Med.,ANE,9,2016,NA,NA,4444.096,0.1917315,spict,https://gfcm.sharepoint.com/EG/_layouts/15/download.aspx?share=EVvkMr4PrC1Lo7kG_v7JFX8BT9uIyN7CDpKBOVgHGd-f5A,NA,Fmsy,ANE_9,0.42,0.456503571,NA,3546.77,4444.096,24793.831,Engraulis encrasicolus,European anchovy,11822.57,Bmsy,2.097160854,2023,09_08_2024,Y,GFCM
Western Med.,ANE,9,2017,NA,NA,5334.558,0.1883515,spict,https://gfcm.sharepoint.com/EG/_layouts/15/download.aspx?share=EVvkMr4PrC1Lo7kG_v7JFX8BT9uIyN7CDpKBOVgHGd-f5A,NA,Fmsy,ANE_9,0.42,0.448455952,NA,3546.77,5334.558,29892.192,Engraulis encrasicolus,European anchovy,11822.57,Bmsy,2.528400509,2023,09_08_2024,Y,GFCM
Western Med.,ANE,9,2018,NA,NA,5168.668,0.182863,spict,https://gfcm.sharepoint.com/EG/_layouts/15/download.aspx?share=EVvkMr4PrC1Lo7kG_v7JFX8BT9uIyN7CDpKBOVgHGd-f5A,NA,Fmsy,ANE_9,0.42,0.435388095,NA,3546.77,5168.668,26955.677,Engraulis encrasicolus,European anchovy,11822.57,Bmsy,2.280018389,2023,09_08_2024,Y,GFCM
Western Med.,ANE,9,2019,NA,NA,4099.323,0.1762934,spict,https://gfcm.sharepoint.com/EG/_layouts/15/download.aspx?share=EVvkMr4PrC1Lo7kG_v7JFX8BT9uIyN7CDpKBOVgHGd-f5A,NA,Fmsy,ANE_9,0.42,0.41974619,NA,3546.77,4099.323,19341.147,Engraulis encrasicolus,European anchovy,11822.57,Bmsy,1.635951151,2023,09_08_2024,Y,GFCM
Western Med.,ANE,9,2020,NA,NA,3045.456,0.1757854,spict,https://gfcm.sharepoint.com/EG/_layouts/15/download.aspx?share=EVvkMr4PrC1Lo7kG_v7JFX8BT9uIyN7CDpKBOVgHGd-f5A,NA,Fmsy,ANE_9,0.42,0.418536667,NA,3546.77,3045.456,18065.09,Engraulis encrasicolus,European anchovy,11822.57,Bmsy,1.528017174,2023,09_08_2024,Y,GFCM
Western Med.,ANE,9,2021,NA,NA,3570.97,0.2149642,spict,https://gfcm.sharepoint.com/EG/_layouts/15/download.aspx?share=EVvkMr4PrC1Lo7kG_v7JFX8BT9uIyN7CDpKBOVgHGd-f5A,NA,Fmsy,ANE_9,0.42,0.511819524,NA,3546.77,3570.97,16868.412,Engraulis encrasicolus,European anchovy,11822.57,Bmsy,1.426797388,2023,09_08_2024,Y,GFCM
Western Med.,ANE,9,2022,NA,NA,3569.776,0.2202855,spict,https://gfcm.sharepoint.com/EG/_layouts/15/download.aspx?share=EVvkMr4PrC1Lo7kG_v7JFX8BT9uIyN7CDpKBOVgHGd-f5A,NA,Fmsy,ANE_9,0.42,0.524489286,NA,3546.77,3569.776,15729.844,Engraulis encrasicolus,European anchovy,11822.57,Bmsy,1.330492778,2023,09_08_2024,Y,GFCM
Western Med.,MUT,10,1972,NA,3175.385882,456.984,0.177362364,spict,https://gfcm.sharepoint.com/EG/_layouts/15/download.aspx?share=EQk--O88ZWBLmscesx-bEXMBgczsuwffJC3YRWHSKtEOoA,NA,Fmsy,MUT_10,0.26,0.682162938,NA,NA,456.984,3175.385882,Mullus barbatus,Red mullet,NA,Bmsy,NA,2023,3_12_2024,Y,GFCM
Western Med.,MUT,10,1973,NA,3510.229822,701.9839386,0.216705019,spict,https://gfcm.sharepoint.com/EG/_layouts/15/download.aspx?share=ESPBHWDrVcdPtyAbOx6KKWcBxs8Gp4aWMxZpSw066XIjaA,NA,Fmsy,MUT_10,0.26,0.833480842,NA,NA,701.9839386,3510.229822,Mullus barbatus,Red mullet,NA,Bmsy,NA,2023,3_12_2024,Y,GFCM
Western Med.,MUT,10,1974,NA,3667.850689,887.9160484,0.219119494,spict,https://gfcm.sharepoint.com/EG/_layouts/15/download.aspx?share=ESPBHWDrVcdPtyAbOx6KKWcBxs8Gp4aWMxZpSw066XIjaA,NA,Fmsy,MUT_10,0.26,0.842767286,NA,NA,887.9160484,3667.850689,Mullus barbatus,Red mullet,NA,Bmsy,NA,2023,3_12_2024,Y,GFCM
Western Med.,MUT,10,1975,NA,3834.418893,675.4534599,0.257025633,spict,https://gfcm.sharepoint.com/EG/_layouts/15/download.aspx?share=ESPBHWDrVcdPtyAbOx6KKWcBxs8Gp4aWMxZpSw066XIjaA,NA,Fmsy,MUT_10,0.26,0.988560127,NA,NA,675.4534599,3834.418893,Mullus barbatus,Red mullet,NA,Bmsy,NA,2023,3_12_2024,Y,GFCM
Western Med.,MUT,10,1976,NA,3693.642733,1584.790672,0.303804076,spict,https://gfcm.sharepoint.com/EG/_layouts/15/download.aspx?share=ESPBHWDrVcdPtyAbOx6KKWcBxs8Gp4aWMxZpSw066XIjaA,NA,Fmsy,MUT_10,0.26,1.168477215,NA,NA,1584.790672,3693.642733,Mullus barbatus,Red mullet,NA,Bmsy,NA,2023,3_12_2024,Y,GFCM
Western Med.,MUT,10,1977,NA,3624.985285,862.6663798,0.233969567,spict,https://gfcm.sharepoint.com/EG/_layouts/15/download.aspx?share=ESPBHWDrVcdPtyAbOx6KKWcBxs8Gp4aWMxZpSw066XIjaA,NA,Fmsy,MUT_10,0.26,0.899882951,NA,NA,862.6663798,3624.985285,Mullus barbatus,Red mullet,NA,Bmsy,NA,2023,3_12_2024,Y,GFCM
Western Med.,MUT,10,1978,NA,3748.211649,762.0285399,0.225645198,spict,https://gfcm.sharepoint.com/EG/_layouts/15/download.aspx?share=ESPBHWDrVcdPtyAbOx6KKWcBxs8Gp4aWMxZpSw066XIjaA,NA,Fmsy,MUT_10,0.26,0.867866144,NA,NA,762.0285399,3748.211649,Mullus barbatus,Red mullet,NA,Bmsy,NA,2023,3_12_2024,Y,GFCM
Western Med.,MUT,10,1979,NA,3836.186331,935.1549975,0.229895039,spict,https://gfcm.sharepoint.com/EG/_layouts/15/download.aspx?share=ESPBHWDrVcdPtyAbOx6KKWcBxs8Gp4aWMxZpSw066XIjaA,NA,Fmsy,MUT_10,0.26,0.884211689,NA,NA,935.1549975,3836.186331,Mullus barbatus,Red mullet,NA,Bmsy,NA,2023,3_12_2024,Y,GFCM
Western Med.,MUT,10,1980,NA,3918.66574,823.0385128,0.232943,spict,https://gfcm.sharepoint.com/EG/_layouts/15/download.aspx?share=ESPBHWDrVcdPtyAbOx6KKWcBxs8Gp4aWMxZpSw066XIjaA,NA,Fmsy,MUT_10,0.26,0.895934614,NA,NA,823.0385128,3918.66574,Mullus barbatus,Red mullet,NA,Bmsy,NA,2023,3_12_2024,Y,GFCM
Western Med.,MUT,10,1981,NA,3936.232103,1001.868642,0.260891752,spict,https://gfcm.sharepoint.com/EG/_layouts/15/download.aspx?share=ESPBHWDrVcdPtyAbOx6KKWcBxs8Gp4aWMxZpSw066XIjaA,NA,Fmsy,MUT_10,0.26,1.003429814,NA,NA,1001.868642,3936.232103,Mullus barbatus,Red mullet,NA,Bmsy,NA,2023,3_12_2024,Y,GFCM
Western Med.,MUT,10,1982,NA,3859.446064,1091.454232,0.270726953,spict,https://gfcm.sharepoint.com/EG/_layouts/15/download.aspx?share=ESPBHWDrVcdPtyAbOx6KKWcBxs8Gp4aWMxZpSw066XIjaA,NA,Fmsy,MUT_10,0.26,1.041257512,NA,NA,1091.454232,3859.446064,Mullus barbatus,Red mullet,NA,Bmsy,NA,2023,3_12_2024,Y,GFCM
Western Med.,MUT,10,1983,NA,3786.804047,975.8,0.30300464,spict,https://gfcm.sharepoint.com/EG/_layouts/15/download.aspx?share=ESPBHWDrVcdPtyAbOx6KKWcBxs8Gp4aWMxZpSw066XIjaA,NA,Fmsy,MUT_10,0.26,1.16540246,NA,NA,975.8,3786.804047,Mullus barbatus,Red mullet,NA,Bmsy,NA,2023,3_12_2024,Y,GFCM
Western Med.,MUT,10,1984,NA,3548.827918,1389.854205,0.363807015,spict,https://gfcm.sharepoint.com/EG/_layouts/15/download.aspx?share=ESPBHWDrVcdPtyAbOx6KKWcBxs8Gp4aWMxZpSw066XIjaA,NA,Fmsy,MUT_10,0.26,1.399257749,NA,NA,1389.854205,3548.827918,Mullus barbatus,Red mullet,NA,Bmsy,NA,2023,3_12_2024,Y,GFCM
Western Med.,MUT,10,1985,NA,3251.824662,1267.724433,0.368933466,spict,https://gfcm.sharepoint.com/EG/_layouts/15/download.aspx?share=ESPBHWDrVcdPtyAbOx6KKWcBxs8Gp4aWMxZpSw066XIjaA,NA,Fmsy,MUT_10,0.26,1.41897487,NA,NA,1267.724433,3251.824662,Mullus barbatus,Red mullet,NA,Bmsy,NA,2023,3_12_2024,Y,GFCM
Western Med.,MUT,10,1986,NA,3043.250589,1178.047903,0.322720975,spict,https://gfcm.sharepoint.com/EG/_layouts/15/download.aspx?share=ESPBHWDrVcdPtyAbOx6KKWcBxs8Gp4aWMxZpSw066XIjaA,NA,Fmsy,MUT_10,0.26,1.241234519,NA,NA,1178.047903,3043.250589,Mullus barbatus,Red mullet,NA,Bmsy,NA,2023,3_12_2024,Y,GFCM
Western Med.,MUT,10,1987,NA,3051.381992,824.8167193,0.248116119,spict,https://gfcm.sharepoint.com/EG/_layouts/15/download.aspx?share=ESPBHWDrVcdPtyAbOx6KKWcBxs8Gp4aWMxZpSw066XIjaA,NA,Fmsy,MUT_10,0.26,0.954292766,NA,NA,824.8167193,3051.381992,Mullus barbatus,Red mullet,NA,Bmsy,NA,2023,3_12_2024,Y,GFCM
Western Med.,MUT,10,1988,NA,3250.556098,619.9,0.252614747,spict,https://gfcm.sharepoint.com/EG/_layouts/15/download.aspx?share=ESPBHWDrVcdPtyAbOx6KKWcBxs8Gp4aWMxZpSw066XIjaA,NA,Fmsy,MUT_10,0.26,0.971595179,NA,NA,619.9,3250.556098,Mullus barbatus,Red mullet,NA,Bmsy,NA,2023,3_12_2024,Y,GFCM
Western Med.,MUT,10,1989,NA,3308.165964,1124.8,0.284571456,spict,https://gfcm.sharepoint.com/EG/_layouts/15/download.aspx?share=ESPBHWDrVcdPtyAbOx6KKWcBxs8Gp4aWMxZpSw066XIjaA,NA,Fmsy,MUT_10,0.26,1.094505599,NA,NA,1124.8,3308.165964,Mullus barbatus,Red mullet,NA,Bmsy,NA,2023,3_12_2024,Y,GFCM
Western Med.,MUT,10,1990,NA,3348.984501,785.4,0.298446349,spict,https://gfcm.sharepoint.com/EG/_layouts/15/download.aspx?share=ESPBHWDrVcdPtyAbOx6KKWcBxs8Gp4aWMxZpSw066XIjaA,NA,Fmsy,MUT_10,0.26,1.147870575,NA,NA,785.4,3348.984501,Mullus barbatus,Red mullet,NA,Bmsy,NA,2023,3_12_2024,Y,GFCM
Western Med.,MUT,10,1991,NA,3216.563771,1267.4,0.395719777,spict,https://gfcm.sharepoint.com/EG/_layouts/15/download.aspx?share=ESPBHWDrVcdPtyAbOx6KKWcBxs8Gp4aWMxZpSw066XIjaA,NA,Fmsy,MUT_10,0.26,1.521999141,NA,NA,1267.4,3216.563771,Mullus barbatus,Red mullet,NA,Bmsy,NA,2023,3_12_2024,Y,GFCM
Western Med.,MUT,10,1992,NA,2858.132152,1361,0.470721581,spict,https://gfcm.sharepoint.com/EG/_layouts/15/download.aspx?share=ESPBHWDrVcdPtyAbOx6KKWcBxs8Gp4aWMxZpSw066XIjaA,NA,Fmsy,MUT_10,0.26,1.810467618,NA,NA,1361,2858.132152,Mullus barbatus,Red mullet,NA,Bmsy,NA,2023,3_12_2024,Y,GFCM
Western Med.,MUT,10,1993,NA,2414.003345,1373.5,0.528584052,spict,https://gfcm.sharepoint.com/EG/_layouts/15/download.aspx?share=ESPBHWDrVcdPtyAbOx6KKWcBxs8Gp4aWMxZpSw066XIjaA,NA,Fmsy,MUT_10,0.26,2.033015585,NA,NA,1373.5,2414.003345,Mullus barbatus,Red mullet,NA,Bmsy,NA,2023,3_12_2024,Y,GFCM
Western Med.,MUT,10,1994,NA,2020.182153,1245.7,0.533148608,spict,https://gfcm.sharepoint.com/EG/_layouts/15/download.aspx?share=ESPBHWDrVcdPtyAbOx6KKWcBxs8Gp4aWMxZpSw066XIjaA,NA,Fmsy,MUT_10,0.26,2.050571568,NA,NA,1245.7,2020.182153,Mullus barbatus,Red mullet,NA,Bmsy,NA,2023,3_12_2024,Y,GFCM
Western Med.,MUT,10,1995,NA,1732.275909,939,0.552885326,spict,https://gfcm.sharepoint.com/EG/_layouts/15/download.aspx?share=ESPBHWDrVcdPtyAbOx6KKWcBxs8Gp4aWMxZpSw066XIjaA,NA,Fmsy,MUT_10,0.26,2.126482023,NA,NA,939,1732.275909,Mullus barbatus,Red mullet,NA,Bmsy,NA,2023,3_12_2024,Y,GFCM
Western Med.,MUT,10,1996,NA,1452.490519,1040.165794,0.541466811,spict,https://gfcm.sharepoint.com/EG/_layouts/15/download.aspx?share=ESPBHWDrVcdPtyAbOx6KKWcBxs8Gp4aWMxZpSw066XIjaA,NA,Fmsy,MUT_10,0.26,2.082564656,NA,NA,1040.165794,1452.490519,Mullus barbatus,Red mullet,NA,Bmsy,NA,2023,3_12_2024,Y,GFCM
Western Med.,MUT,10,1997,NA,1304.080383,606.6898382,0.424784309,spict,https://gfcm.sharepoint.com/EG/_layouts/15/download.aspx?share=ESPBHWDrVcdPtyAbOx6KKWcBxs8Gp4aWMxZpSw066XIjaA,NA,Fmsy,MUT_10,0.26,1.633785805,NA,NA,606.6898382,1304.080383,Mullus barbatus,Red mullet,NA,Bmsy,NA,2023,3_12_2024,Y,GFCM
Western Med.,MUT,10,1998,NA,1245.345885,421.3,0.353167197,spict,https://gfcm.sharepoint.com/EG/_layouts/15/download.aspx?share=ESPBHWDrVcdPtyAbOx6KKWcBxs8Gp4aWMxZpSw066XIjaA,NA,Fmsy,MUT_10,0.26,1.358335374,NA,NA,421.3,1245.345885,Mullus barbatus,Red mullet,NA,Bmsy,NA,2023,3_12_2024,Y,GFCM
Western Med.,MUT,10,1999,NA,1264.675744,392.4,0.261291994,spict,https://gfcm.sharepoint.com/EG/_layouts/15/download.aspx?share=ESPBHWDrVcdPtyAbOx6KKWcBxs8Gp4aWMxZpSw066XIjaA,NA,Fmsy,MUT_10,0.26,1.004969206,NA,NA,392.4,1264.675744,Mullus barbatus,Red mullet,NA,Bmsy,NA,2023,3_12_2024,Y,GFCM
Western Med.,MUT,10,2000,NA,1404.308153,212.8,0.248175592,spict,https://gfcm.sharepoint.com/EG/_layouts/15/download.aspx?share=ESPBHWDrVcdPtyAbOx6KKWcBxs8Gp4aWMxZpSw066XIjaA,NA,Fmsy,MUT_10,0.26,0.95452151,NA,NA,212.8,1404.308153,Mullus barbatus,Red mullet,NA,Bmsy,NA,2023,3_12_2024,Y,GFCM
Western Med.,MUT,10,2001,NA,1414.130654,387.6,0.515562079,spict,https://gfcm.sharepoint.com/EG/_layouts/15/download.aspx?share=ESPBHWDrVcdPtyAbOx6KKWcBxs8Gp4aWMxZpSw066XIjaA,NA,Fmsy,MUT_10,0.26,1.982931072,NA,NA,387.6,1414.130654,Mullus barbatus,Red mullet,NA,Bmsy,NA,2023,3_12_2024,Y,GFCM
Western Med.,MUT,10,2002,NA,1021.205555,839.40319,0.593807557,spict,https://gfcm.sharepoint.com/EG/_layouts/15/download.aspx?share=ESPBHWDrVcdPtyAbOx6KKWcBxs8Gp4aWMxZpSw066XIjaA,NA,Fmsy,MUT_10,0.26,2.283875218,NA,NA,839.40319,1021.205555,Mullus barbatus,Red mullet,NA,Bmsy,NA,2023,3_12_2024,Y,GFCM
Western Med.,MUT,10,2003,NA,977.5274738,419.00692,0.435460037,spict,https://gfcm.sharepoint.com/EG/_layouts/15/download.aspx?share=ESPBHWDrVcdPtyAbOx6KKWcBxs8Gp4aWMxZpSw066XIjaA,NA,Fmsy,MUT_10,0.26,1.674846295,NA,NA,419.00692,977.5274738,Mullus barbatus,Red mullet,NA,Bmsy,NA,2023,3_12_2024,Y,GFCM
Western Med.,MUT,10,2004,NA,912.9315244,524.37879,0.553179166,spict,https://gfcm.sharepoint.com/EG/_layouts/15/download.aspx?share=ESPBHWDrVcdPtyAbOx6KKWcBxs8Gp4aWMxZpSw066XIjaA,NA,Fmsy,MUT_10,0.26,2.127612175,NA,NA,524.37879,912.9315244,Mullus barbatus,Red mullet,NA,Bmsy,NA,2023,3_12_2024,Y,GFCM
Western Med.,MUT,10,2005,NA,874.6842488,421.37741,0.429593907,spict,https://gfcm.sharepoint.com/EG/_layouts/15/download.aspx?share=ESPBHWDrVcdPtyAbOx6KKWcBxs8Gp4aWMxZpSw066XIjaA,NA,Fmsy,MUT_10,0.26,1.652284256,NA,NA,421.37741,874.6842488,Mullus barbatus,Red mullet,NA,Bmsy,NA,2023,3_12_2024,Y,GFCM
Western Med.,MUT,10,2006,NA,889.4294767,393.01805,0.521882486,spict,https://gfcm.sharepoint.com/EG/_layouts/15/download.aspx?share=ESPBHWDrVcdPtyAbOx6KKWcBxs8Gp4aWMxZpSw066XIjaA,NA,Fmsy,MUT_10,0.26,2.00724033,NA,NA,393.01805,889.4294767,Mullus barbatus,Red mullet,NA,Bmsy,NA,2023,3_12_2024,Y,GFCM
Western Med.,MUT,10,2007,NA,724.6338376,501.87702,0.564500351,spict,https://gfcm.sharepoint.com/EG/_layouts/15/download.aspx?share=ESPBHWDrVcdPtyAbOx6KKWcBxs8Gp4aWMxZpSw066XIjaA,NA,Fmsy,MUT_10,0.26,2.171155198,NA,NA,501.87702,724.6338376,Mullus barbatus,Red mullet,NA,Bmsy,NA,2023,3_12_2024,Y,GFCM
Western Med.,MUT,10,2008,NA,713.7276236,314.96393,0.413099695,spict,https://gfcm.sharepoint.com/EG/_layouts/15/download.aspx?share=ESPBHWDrVcdPtyAbOx6KKWcBxs8Gp4aWMxZpSw066XIjaA,NA,Fmsy,MUT_10,0.26,1.58884498,NA,NA,314.96393,713.7276236,Mullus barbatus,Red mullet,NA,Bmsy,NA,2023,3_12_2024,Y,GFCM
Western Med.,MUT,10,2009,NA,749.5118415,278.52004,0.294083554,spict,https://gfcm.sharepoint.com/EG/_layouts/15/download.aspx?share=ESPBHWDrVcdPtyAbOx6KKWcBxs8Gp4aWMxZpSw066XIjaA,NA,Fmsy,MUT_10,0.26,1.131090593,NA,NA,278.52004,749.5118415,Mullus barbatus,Red mullet,NA,Bmsy,NA,2023,3_12_2024,Y,GFCM
Western Med.,MUT,10,2010,NA,915.0586712,177.10676,0.192898985,spict,https://gfcm.sharepoint.com/EG/_layouts/15/download.aspx?share=ESPBHWDrVcdPtyAbOx6KKWcBxs8Gp4aWMxZpSw066XIjaA,NA,Fmsy,MUT_10,0.26,0.741919172,NA,NA,177.10676,915.0586712,Mullus barbatus,Red mullet,NA,Bmsy,NA,2023,3_12_2024,Y,GFCM
Western Med.,MUT,10,2011,NA,1188.074066,209.5644,0.196881601,spict,https://gfcm.sharepoint.com/EG/_layouts/15/download.aspx?share=ESPBHWDrVcdPtyAbOx6KKWcBxs8Gp4aWMxZpSw066XIjaA,NA,Fmsy,MUT_10,0.26,0.757236927,NA,NA,209.5644,1188.074066,Mullus barbatus,Red mullet,NA,Bmsy,NA,2023,3_12_2024,Y,GFCM
Western Med.,MUT,10,2012,NA,1462.835418,264.27017,0.211619176,spict,https://gfcm.sharepoint.com/EG/_layouts/15/download.aspx?share=ESPBHWDrVcdPtyAbOx6KKWcBxs8Gp4aWMxZpSw066XIjaA,NA,Fmsy,MUT_10,0.26,0.813919909,NA,NA,264.27017,1462.835418,Mullus barbatus,Red mullet,NA,Bmsy,NA,2023,3_12_2024,Y,GFCM
Western Med.,MUT,10,2013,NA,1731.067394,380.66303,0.246640538,spict,https://gfcm.sharepoint.com/EG/_layouts/15/download.aspx?share=ESPBHWDrVcdPtyAbOx6KKWcBxs8Gp4aWMxZpSw066XIjaA,NA,Fmsy,MUT_10,0.26,0.948617455,NA,NA,380.66303,1731.067394,Mullus barbatus,Red mullet,NA,Bmsy,NA,2023,3_12_2024,Y,GFCM
Western Med.,MUT,10,2014,NA,1934.267547,437.87325,0.222903262,spict,https://gfcm.sharepoint.com/EG/_layouts/15/download.aspx?share=ESPBHWDrVcdPtyAbOx6KKWcBxs8Gp4aWMxZpSw066XIjaA,NA,Fmsy,MUT_10,0.26,0.857320238,NA,NA,437.87325,1934.267547,Mullus barbatus,Red mullet,NA,Bmsy,NA,2023,3_12_2024,Y,GFCM
Western Med.,MUT,10,2015,NA,2151.573616,421.27241,0.203243601,spict,https://gfcm.sharepoint.com/EG/_layouts/15/download.aspx?share=ESPBHWDrVcdPtyAbOx6KKWcBxs8Gp4aWMxZpSw066XIjaA,NA,Fmsy,MUT_10,0.26,0.781706159,NA,NA,421.27241,2151.573616,Mullus barbatus,Red mullet,NA,Bmsy,NA,2023,3_12_2024,Y,GFCM
Western Med.,MUT,10,2016,NA,2295.666813,352.53959,0.086317631,spict,https://gfcm.sharepoint.com/EG/_layouts/15/download.aspx?share=ESPBHWDrVcdPtyAbOx6KKWcBxs8Gp4aWMxZpSw066XIjaA,NA,Fmsy,MUT_10,0.26,0.331990887,NA,NA,352.53959,2295.666813,Mullus barbatus,Red mullet,NA,Bmsy,NA,2023,3_12_2024,Y,GFCM
Western Med.,MUT,10,2017,NA,2797.580981,133.54015,0.05318667,spict,https://gfcm.sharepoint.com/EG/_layouts/15/download.aspx?share=ESPBHWDrVcdPtyAbOx6KKWcBxs8Gp4aWMxZpSw066XIjaA,NA,Fmsy,MUT_10,0.26,0.204564117,NA,NA,133.54015,2797.580981,Mullus barbatus,Red mullet,NA,Bmsy,NA,2023,3_12_2024,Y,GFCM
Western Med.,MUT,10,2018,NA,3652.440365,265.18597,0.103963959,spict,https://gfcm.sharepoint.com/EG/_layouts/15/download.aspx?share=ESPBHWDrVcdPtyAbOx6KKWcBxs8Gp4aWMxZpSw066XIjaA,NA,Fmsy,MUT_10,0.26,0.399861383,NA,NA,265.18597,3652.440365,Mullus barbatus,Red mullet,NA,Bmsy,NA,2023,3_12_2024,Y,GFCM
Western Med.,MUT,10,2019,NA,4346.14093,416.47,0.075160669,spict,https://gfcm.sharepoint.com/EG/_layouts/15/download.aspx?share=ESPBHWDrVcdPtyAbOx6KKWcBxs8Gp4aWMxZpSw066XIjaA,NA,Fmsy,MUT_10,0.26,0.289079495,NA,NA,416.47,4346.14093,Mullus barbatus,Red mullet,NA,Bmsy,NA,2023,3_12_2024,Y,GFCM
Western Med.,MUT,10,2020,NA,4922.137739,241.96,0.049832473,spict,https://gfcm.sharepoint.com/EG/_layouts/15/download.aspx?share=ESPBHWDrVcdPtyAbOx6KKWcBxs8Gp4aWMxZpSw066XIjaA,NA,Fmsy,MUT_10,0.26,0.191663358,NA,NA,241.96,4922.137739,Mullus barbatus,Red mullet,NA,Bmsy,NA,2023,3_12_2024,Y,GFCM
Western Med.,MUT,10,2021,NA,5455.542455,301.83,0.059961045,spict,https://gfcm.sharepoint.com/EG/_layouts/15/download.aspx?share=ESPBHWDrVcdPtyAbOx6KKWcBxs8Gp4aWMxZpSw066XIjaA,NA,Fmsy,MUT_10,0.26,0.230619404,NA,NA,301.83,5455.542455,Mullus barbatus,Red mullet,NA,Bmsy,NA,2023,3_12_2024,Y,GFCM
Western Med.,MUT,10,2022,NA,5749.88277,328,0.057743066,spict,https://gfcm.sharepoint.com/EG/_layouts/15/download.aspx?share=ESPBHWDrVcdPtyAbOx6KKWcBxs8Gp4aWMxZpSw066XIjaA,NA,Fmsy,MUT_10,0.26,0.222088716,NA,NA,328,5749.88277,Mullus barbatus,Red mullet,NA,Bmsy,NA,2023,3_12_2024,Y,GFCM
Western Med.,MUT,11,2005,47155,633.05,115.66335,0.224595,XSA,https://gfcm.sharepoint.com/EG/_layouts/15/download.aspx?share=EYRnsOaE5bZMrV7BoSor80ABA5Zp3ojvTQ4SqC6jdSdv-Q,NA,Fmsy,MUT_11,0.3,0.74865,NA,NA,121.25,NA,Mullus barbatus,Red mullet,NA,NA,NA,2022,29_06_2023,N,GFCM
Western Med.,MUT,11,2006,49600,564.23,177.55018,0.362058,XSA,https://gfcm.sharepoint.com/EG/_layouts/15/download.aspx?share=EYRnsOaE5bZMrV7BoSor80ABA5Zp3ojvTQ4SqC6jdSdv-Q,NA,Fmsy,MUT_11,0.3,1.20686,NA,NA,186.126,NA,Mullus barbatus,Red mullet,NA,NA,NA,2022,29_06_2023,N,GFCM
Western Med.,MUT,11,2007,64809,666.83,185.0144,0.30298,XSA,https://gfcm.sharepoint.com/EG/_layouts/15/download.aspx?share=EYRnsOaE5bZMrV7BoSor80ABA5Zp3ojvTQ4SqC6jdSdv-Q,NA,Fmsy,MUT_11,0.3,1.009933333,NA,NA,193.95,NA,Mullus barbatus,Red mullet,NA,NA,NA,2022,29_06_2023,N,GFCM
Western Med.,MUT,11,2008,36578,580.25,193.29022,0.248355,XSA,https://gfcm.sharepoint.com/EG/_layouts/15/download.aspx?share=EYRnsOaE5bZMrV7BoSor80ABA5Zp3ojvTQ4SqC6jdSdv-Q,NA,Fmsy,MUT_11,0.3,0.82785,NA,NA,202.626,NA,Mullus barbatus,Red mullet,NA,NA,NA,2022,29_06_2023,N,GFCM
Western Med.,MUT,11,2009,30359,542.35,222.05754,0.392922,XSA,https://gfcm.sharepoint.com/EG/_layouts/15/download.aspx?share=EYRnsOaE5bZMrV7BoSor80ABA5Zp3ojvTQ4SqC6jdSdv-Q,NA,Fmsy,MUT_11,0.3,1.30974,NA,NA,222.058,NA,Mullus barbatus,Red mullet,NA,NA,NA,2022,29_06_2023,N,GFCM
Western Med.,MUT,11,2010,35446,669.36,47.038621,0.075147,XSA,https://gfcm.sharepoint.com/EG/_layouts/15/download.aspx?share=EYRnsOaE5bZMrV7BoSor80ABA5Zp3ojvTQ4SqC6jdSdv-Q,NA,Fmsy,MUT_11,0.3,0.25049,NA,NA,51.176,NA,Mullus barbatus,Red mullet,NA,NA,NA,2022,29_06_2023,N,GFCM
Western Med.,MUT,11,2011,28028,389.2,169.768049,0.452081,XSA,https://gfcm.sharepoint.com/EG/_layouts/15/download.aspx?share=EYRnsOaE5bZMrV7BoSor80ABA5Zp3ojvTQ4SqC6jdSdv-Q,NA,Fmsy,MUT_11,0.3,1.506936667,NA,NA,179.436,NA,Mullus barbatus,Red mullet,NA,NA,NA,2022,29_06_2023,N,GFCM
Western Med.,MUT,11,2012,56339,394.55,101.802972,0.259959,XSA,https://gfcm.sharepoint.com/EG/_layouts/15/download.aspx?share=EYRnsOaE5bZMrV7BoSor80ABA5Zp3ojvTQ4SqC6jdSdv-Q,NA,Fmsy,MUT_11,0.3,0.86653,NA,NA,101.803,NA,Mullus barbatus,Red mullet,NA,NA,NA,2022,29_06_2023,N,GFCM
Western Med.,MUT,11,2013,40751,507.92,128.508,0.301405,XSA,https://gfcm.sharepoint.com/EG/_layouts/15/download.aspx?share=EYRnsOaE5bZMrV7BoSor80ABA5Zp3ojvTQ4SqC6jdSdv-Q,NA,Fmsy,MUT_11,0.3,1.004683333,NA,NA,128.508,NA,Mullus barbatus,Red mullet,NA,NA,NA,2022,29_06_2023,N,GFCM
Western Med.,MUT,11,2014,56451,504.07,264.03299,0.580861,XSA,https://gfcm.sharepoint.com/EG/_layouts/15/download.aspx?share=EYRnsOaE5bZMrV7BoSor80ABA5Zp3ojvTQ4SqC6jdSdv-Q,NA,Fmsy,MUT_11,0.3,1.936203333,NA,NA,274.511,NA,Mullus barbatus,Red mullet,NA,NA,NA,2022,29_06_2023,N,GFCM
Western Med.,MUT,11,2015,45572,562.59,265.617,0.538651,XSA,https://gfcm.sharepoint.com/EG/_layouts/15/download.aspx?share=EYRnsOaE5bZMrV7BoSor80ABA5Zp3ojvTQ4SqC6jdSdv-Q,NA,Fmsy,MUT_11,0.3,1.795503333,NA,NA,295.88,NA,Mullus barbatus,Red mullet,NA,NA,NA,2022,29_06_2023,N,GFCM
Western Med.,MUT,11,2016,57237,396.2,232.36343,0.677326,XSA,https://gfcm.sharepoint.com/EG/_layouts/15/download.aspx?share=EYRnsOaE5bZMrV7BoSor80ABA5Zp3ojvTQ4SqC6jdSdv-Q,NA,Fmsy,MUT_11,0.3,2.257753333,NA,NA,283.824,NA,Mullus barbatus,Red mullet,NA,NA,NA,2022,29_06_2023,N,GFCM
Western Med.,MUT,11,2017,83206,500.14,96.2,0.242968,XSA,https://gfcm.sharepoint.com/EG/_layouts/15/download.aspx?share=EYRnsOaE5bZMrV7BoSor80ABA5Zp3ojvTQ4SqC6jdSdv-Q,NA,Fmsy,MUT_11,0.3,0.809893333,NA,NA,97.861,NA,Mullus barbatus,Red mullet,NA,NA,NA,2022,29_06_2023,N,GFCM
Western Med.,MUT,11,2018,30525,699.73,289.307,0.555277,XSA,https://gfcm.sharepoint.com/EG/_layouts/15/download.aspx?share=EYRnsOaE5bZMrV7BoSor80ABA5Zp3ojvTQ4SqC6jdSdv-Q,NA,Fmsy,MUT_11,0.3,1.850923333,NA,NA,293.056,NA,Mullus barbatus,Red mullet,NA,NA,NA,2022,29_06_2023,N,GFCM
Western Med.,MUT,11,2019,27013,684.8,199.841,0.308608,XSA,https://gfcm.sharepoint.com/EG/_layouts/15/download.aspx?share=EYRnsOaE5bZMrV7BoSor80ABA5Zp3ojvTQ4SqC6jdSdv-Q,NA,Fmsy,MUT_11,0.3,1.028693333,NA,NA,202.422,NA,Mullus barbatus,Red mullet,NA,NA,NA,2022,29_06_2023,N,GFCM
Western Med.,MUT,11,2020,62410,663.73,114.114,0.216499,XSA,https://gfcm.sharepoint.com/EG/_layouts/15/download.aspx?share=EYRnsOaE5bZMrV7BoSor80ABA5Zp3ojvTQ4SqC6jdSdv-Q,NA,Fmsy,MUT_11,0.3,0.721663333,NA,NA,115.26,NA,Mullus barbatus,Red mullet,NA,NA,NA,2022,29_06_2023,N,GFCM
Western Med.,MUT,11,2021,39242,566.39,77.7803,0.196576,XSA,https://gfcm.sharepoint.com/EG/_layouts/15/download.aspx?share=EYRnsOaE5bZMrV7BoSor80ABA5Zp3ojvTQ4SqC6jdSdv-Q,NA,Fmsy,MUT_11,0.3,0.655253333,NA,NA,77.78,NA,Mullus barbatus,Red mullet,NA,NA,NA,2022,29_06_2023,N,GFCM
Western Med.,NEP,9,1994,54484.9,622.8,325.52,0.413,a4a,https://www.fao.org/gfcm/data/star/en/,NA,Fmsy,NEP_9,0.13,3.176923077,NA,255,325.52,,Nephrops norvegicus,Norway lobster,1022,Bmsy,0.609393346,2023,3_12_2024_06_2023,Y,GFCM
Western Med.,NEP,9,1995,52751.1,607.7,305.89,0.405,a4a,https://www.fao.org/gfcm/data/star/en/,NA,Fmsy,NEP_9,0.13,3.115384615,NA,255,305.89,,Nephrops norvegicus,Norway lobster,1022,Bmsy,0.594618395,2023,3_12_2024_06_2023,Y,GFCM
Western Med.,NEP,9,1996,54619.8,581.9,294.39,0.396,a4a,https://www.fao.org/gfcm/data/star/en/,NA,Fmsy,NEP_9,0.13,3.046153846,NA,255,294.39,,Nephrops norvegicus,Norway lobster,1022,Bmsy,0.569373777,2023,3_12_2024_06_2023,Y,GFCM
Western Med.,NEP,9,1997,49810.8,557,267.02,0.382,a4a,https://www.fao.org/gfcm/data/star/en/,NA,Fmsy,NEP_9,0.13,2.938461538,NA,255,267.02,,Nephrops norvegicus,Norway lobster,1022,Bmsy,0.545009785,2023,3_12_2024_06_2023,Y,GFCM
Western Med.,NEP,9,1998,55065.2,553,248.16,0.362,a4a,https://www.fao.org/gfcm/data/star/en/,NA,Fmsy,NEP_9,0.13,2.784615385,NA,255,248.16,,Nephrops norvegicus,Norway lobster,1022,Bmsy,0.54109589,2023,3_12_2024_06_2023,Y,GFCM
Western Med.,NEP,9,1999,50154.4,555,235.06,0.337,a4a,https://www.fao.org/gfcm/data/star/en/,NA,Fmsy,NEP_9,0.13,2.592307692,NA,255,235.06,,Nephrops norvegicus,Norway lobster,1022,Bmsy,0.543052838,2023,3_12_2024_06_2023,Y,GFCM
Western Med.,NEP,9,2000,55934.9,575.8,230.53,0.314,a4a,https://www.fao.org/gfcm/data/star/en/,NA,Fmsy,NEP_9,0.13,2.415384615,NA,255,230.53,,Nephrops norvegicus,Norway lobster,1022,Bmsy,0.563405088,2023,3_12_2024_06_2023,Y,GFCM
Western Med.,NEP,9,2001,62976.5,601,231.55,0.298,a4a,https://www.fao.org/gfcm/data/star/en/,NA,Fmsy,NEP_9,0.13,2.292307692,NA,255,231.55,,Nephrops norvegicus,Norway lobster,1022,Bmsy,0.588062622,2023,3_12_2024_06_2023,Y,GFCM
Western Med.,NEP,9,2002,48844,630.7,239.73,0.296,a4a,https://www.fao.org/gfcm/data/star/en/,NA,Fmsy,NEP_9,0.13,2.276923077,NA,255,239.73,,Nephrops norvegicus,Norway lobster,1022,Bmsy,0.617123288,2023,3_12_2024_06_2023,Y,GFCM
Western Med.,NEP,9,2003,42664.5,657.6,264.51,0.305,a4a,https://www.fao.org/gfcm/data/star/en/,NA,Fmsy,NEP_9,0.13,2.346153846,NA,255,264.51,,Nephrops norvegicus,Norway lobster,1022,Bmsy,0.643444227,2023,3_12_2024_06_2023,Y,GFCM
Western Med.,NEP,9,2004,38699,648.4,284.61,0.321,a4a,https://www.fao.org/gfcm/data/star/en/,NA,Fmsy,NEP_9,0.13,2.469230769,NA,255,284.61,,Nephrops norvegicus,Norway lobster,1022,Bmsy,0.63444227,2023,3_12_2024_06_2023,Y,GFCM
Western Med.,NEP,9,2005,38751.9,601.6,277.39,0.335,a4a,https://www.fao.org/gfcm/data/star/en/,NA,Fmsy,NEP_9,0.13,2.576923077,NA,255,277.39,,Nephrops norvegicus,Norway lobster,1022,Bmsy,0.588649706,2023,3_12_2024_06_2023,Y,GFCM
Western Med.,NEP,9,2006,40967,564.1,265.14,0.341,a4a,https://www.fao.org/gfcm/data/star/en/,NA,Fmsy,NEP_9,0.13,2.623076923,NA,255,265.14,,Nephrops norvegicus,Norway lobster,1022,Bmsy,0.551956947,2023,3_12_2024_06_2023,Y,GFCM
Western Med.,NEP,9,2007,43178.5,503,234.75,0.344,a4a,https://www.fao.org/gfcm/data/star/en/,NA,Fmsy,NEP_9,0.13,2.646153846,NA,255,234.75,,Nephrops norvegicus,Norway lobster,1022,Bmsy,0.492172211,2023,3_12_2024_06_2023,Y,GFCM
Western Med.,NEP,9,2008,38764.3,466.9,220.39,0.353,a4a,https://www.fao.org/gfcm/data/star/en/,NA,Fmsy,NEP_9,0.13,2.715384615,NA,255,220.39,,Nephrops norvegicus,Norway lobster,1022,Bmsy,0.456849315,2023,3_12_2024_06_2023,Y,GFCM
Western Med.,NEP,9,2009,35414.1,439.7,232.64,0.432,a4a,https://www.fao.org/gfcm/data/star/en/,NA,Fmsy,NEP_9,0.13,3.323076923,NA,255,232.64,,Nephrops norvegicus,Norway lobster,1022,Bmsy,0.430234834,2023,3_12_2024_06_2023,Y,GFCM
Western Med.,NEP,9,2010,31413.5,393.5,219.67,0.457,a4a,https://www.fao.org/gfcm/data/star/en/,NA,Fmsy,NEP_9,0.13,3.515384615,NA,255,219.67,,Nephrops norvegicus,Norway lobster,1022,Bmsy,0.385029354,2023,3_12_2024_06_2023,Y,GFCM
Western Med.,NEP,9,2011,30418.6,344.5,197.55,0.466,a4a,https://www.fao.org/gfcm/data/star/en/,NA,Fmsy,NEP_9,0.13,3.584615385,NA,255,197.55,,Nephrops norvegicus,Norway lobster,1022,Bmsy,0.337084149,2023,3_12_2024_06_2023,Y,GFCM
Western Med.,NEP,9,2012,31715.3,317.1,171.12,0.444,a4a,https://www.fao.org/gfcm/data/star/en/,NA,Fmsy,NEP_9,0.13,3.415384615,NA,255,171.12,,Nephrops norvegicus,Norway lobster,1022,Bmsy,0.310273973,2023,3_12_2024_06_2023,Y,GFCM
Western Med.,NEP,9,2013,36649.5,303.5,146.13,0.401,a4a,https://www.fao.org/gfcm/data/star/en/,NA,Fmsy,NEP_9,0.13,3.084615385,NA,255,146.13,,Nephrops norvegicus,Norway lobster,1022,Bmsy,0.296966732,2023,3_12_2024_06_2023,Y,GFCM
Western Med.,NEP,9,2014,41394,325.5,139.17,0.367,a4a,https://www.fao.org/gfcm/data/star/en/,NA,Fmsy,NEP_9,0.13,2.823076923,NA,255,139.17,,Nephrops norvegicus,Norway lobster,1022,Bmsy,0.318493151,2023,3_12_2024_06_2023,Y,GFCM
Western Med.,NEP,9,2015,39386.4,347.9,144.3,0.363,a4a,https://www.fao.org/gfcm/data/star/en/,NA,Fmsy,NEP_9,0.13,2.792307692,NA,255,144.3,,Nephrops norvegicus,Norway lobster,1022,Bmsy,0.340410959,2023,3_12_2024_06_2023,Y,GFCM
Western Med.,NEP,9,2016,35676.8,366.1,166.31,0.392,a4a,https://www.fao.org/gfcm/data/star/en/,NA,Fmsy,NEP_9,0.13,3.015384615,NA,255,166.31,,Nephrops norvegicus,Norway lobster,1022,Bmsy,0.358219178,2023,3_12_2024_06_2023,Y,GFCM
Western Med.,NEP,9,2017,33497.5,356.3,183.65,0.434,a4a,https://www.fao.org/gfcm/data/star/en/,NA,Fmsy,NEP_9,0.13,3.338461538,NA,255,183.65,,Nephrops norvegicus,Norway lobster,1022,Bmsy,0.348630137,2023,3_12_2024_06_2023,Y,GFCM
Western Med.,NEP,9,2018,34866.6,344.5,178.96,0.438,a4a,https://www.fao.org/gfcm/data/star/en/,NA,Fmsy,NEP_9,0.13,3.369230769,NA,255,178.96,,Nephrops norvegicus,Norway lobster,1022,Bmsy,0.337084149,2023,3_12_2024_06_2023,Y,GFCM
Western Med.,NEP,9,2019,38150.2,346,148.81,0.365,a4a,https://www.fao.org/gfcm/data/star/en/,NA,Fmsy,NEP_9,0.13,2.807692308,NA,255,148.81,,Nephrops norvegicus,Norway lobster,1022,Bmsy,0.338551859,2023,3_12_2024_06_2023,Y,GFCM
Western Med.,NEP,9,2020,43412.9,392.9,114.73,0.249,a4a,https://www.fao.org/gfcm/data/star/en/,NA,Fmsy,NEP_9,0.13,1.915384615,NA,255,114.73,,Nephrops norvegicus,Norway lobster,1022,Bmsy,0.38444227,2023,3_12_2024_06_2023,Y,GFCM
Western Med.,NEP,9,2021,47244.3,459.8,82.49,0.151,a4a,https://www.fao.org/gfcm/data/star/en/,NA,Fmsy,NEP_9,0.13,1.161538462,NA,255,82.49,,Nephrops norvegicus,Norway lobster,1022,Bmsy,0.449902153,2023,3_12_2024_06_2023,Y,GFCM
Western Med.,NEP,9,2022,41887.5,577.2,101.16,0.144,a4a,https://www.fao.org/gfcm/data/star/en/,NA,Fmsy,NEP_9,0.13,1.107692308,NA,255,101.16,,Nephrops norvegicus,Norway lobster,1022,Bmsy,0.564774951,2023,3_12_2024_06_2023,Y,GFCM
Western Med.,NEP,5,2002,3656.46,52.567,16.7804,0.22285,a4a,https://gfcm.sharepoint.com/EG/_layouts/15/download.aspx?share=EUJYqbVPTCJKqiCDrVWRuE0BjrLyDY9jpdRgXfxddSI_Pg,NA,Fmsy,NEP_5,0.24,0.928541667,NA,NA,16.7804,52.567,Nephrops norvegicus,Norway lobster,NA,NA,NA,2022,29_06_2023,Y,GFCM
Western Med.,NEP,5,2003,3382.75,58.16,16.5564,0.20674,a4a,https://gfcm.sharepoint.com/EG/_layouts/15/download.aspx?share=EUJYqbVPTCJKqiCDrVWRuE0BjrLyDY9jpdRgXfxddSI_Pg,NA,Fmsy,NEP_5,0.24,0.861416667,NA,NA,16.5564,58.16,Nephrops norvegicus,Norway lobster,NA,NA,NA,2022,29_06_2023,Y,GFCM
Western Med.,NEP,5,2004,2888.47,61.693,16.2272,0.19732,a4a,https://gfcm.sharepoint.com/EG/_layouts/15/download.aspx?share=EUJYqbVPTCJKqiCDrVWRuE0BjrLyDY9jpdRgXfxddSI_Pg,NA,Fmsy,NEP_5,0.24,0.822166667,NA,NA,16.2272,61.693,Nephrops norvegicus,Norway lobster,NA,NA,NA,2022,29_06_2023,Y,GFCM
Western Med.,NEP,5,2005,3621.81,62.964,16.3402,0.19965,a4a,https://gfcm.sharepoint.com/EG/_layouts/15/download.aspx?share=EUJYqbVPTCJKqiCDrVWRuE0BjrLyDY9jpdRgXfxddSI_Pg,NA,Fmsy,NEP_5,0.24,0.831875,NA,NA,16.3402,62.964,Nephrops norvegicus,Norway lobster,NA,NA,NA,2022,29_06_2023,Y,GFCM
Western Med.,NEP,5,2006,4132.22,64.52,17.6874,0.21787,a4a,https://gfcm.sharepoint.com/EG/_layouts/15/download.aspx?share=EUJYqbVPTCJKqiCDrVWRuE0BjrLyDY9jpdRgXfxddSI_Pg,NA,Fmsy,NEP_5,0.24,0.907791667,NA,NA,17.6874,64.52,Nephrops norvegicus,Norway lobster,NA,NA,NA,2022,29_06_2023,Y,GFCM
Western Med.,NEP,5,2007,4458.44,62.373,19.5514,0.25376,a4a,https://gfcm.sharepoint.com/EG/_layouts/15/download.aspx?share=EUJYqbVPTCJKqiCDrVWRuE0BjrLyDY9jpdRgXfxddSI_Pg,NA,Fmsy,NEP_5,0.24,1.057333333,NA,NA,19.5514,62.373,Nephrops norvegicus,Norway lobster,NA,NA,NA,2022,29_06_2023,Y,GFCM
Western Med.,NEP,5,2008,3946.83,57.933,21.8984,0.30266,a4a,https://gfcm.sharepoint.com/EG/_layouts/15/download.aspx?share=EUJYqbVPTCJKqiCDrVWRuE0BjrLyDY9jpdRgXfxddSI_Pg,NA,Fmsy,NEP_5,0.24,1.261083333,NA,NA,21.8984,57.933,Nephrops norvegicus,Norway lobster,NA,NA,NA,2022,29_06_2023,Y,GFCM
Western Med.,NEP,5,2009,3246.14,55.17,24.5302,0.34869,a4a,https://gfcm.sharepoint.com/EG/_layouts/15/download.aspx?share=EUJYqbVPTCJKqiCDrVWRuE0BjrLyDY9jpdRgXfxddSI_Pg,NA,Fmsy,NEP_5,0.24,1.452875,NA,NA,24.5302,55.17,Nephrops norvegicus,Norway lobster,NA,NA,NA,2022,29_06_2023,Y,GFCM
Western Med.,NEP,5,2010,2927.9,51.057,24.3044,0.37025,a4a,https://gfcm.sharepoint.com/EG/_layouts/15/download.aspx?share=EUJYqbVPTCJKqiCDrVWRuE0BjrLyDY9jpdRgXfxddSI_Pg,NA,Fmsy,NEP_5,0.24,1.542708333,NA,NA,24.3044,51.057,Nephrops norvegicus,Norway lobster,NA,NA,NA,2022,29_06_2023,Y,GFCM
Western Med.,NEP,5,2011,2906.36,46.256,21.22,0.35901,a4a,https://gfcm.sharepoint.com/EG/_layouts/15/download.aspx?share=EUJYqbVPTCJKqiCDrVWRuE0BjrLyDY9jpdRgXfxddSI_Pg,NA,Fmsy,NEP_5,0.24,1.495875,NA,NA,21.22,46.256,Nephrops norvegicus,Norway lobster,NA,NA,NA,2022,29_06_2023,Y,GFCM
Western Med.,NEP,5,2012,2437.98,41.854,17.6214,0.32874,a4a,https://gfcm.sharepoint.com/EG/_layouts/15/download.aspx?share=EUJYqbVPTCJKqiCDrVWRuE0BjrLyDY9jpdRgXfxddSI_Pg,NA,Fmsy,NEP_5,0.24,1.36975,NA,NA,17.6214,41.854,Nephrops norvegicus,Norway lobster,NA,NA,NA,2022,29_06_2023,Y,GFCM
Western Med.,NEP,5,2013,2214.81,39.691,15.5397,0.30012,a4a,https://gfcm.sharepoint.com/EG/_layouts/15/download.aspx?share=EUJYqbVPTCJKqiCDrVWRuE0BjrLyDY9jpdRgXfxddSI_Pg,NA,Fmsy,NEP_5,0.24,1.2505,NA,NA,15.5397,39.691,Nephrops norvegicus,Norway lobster,NA,NA,NA,2022,29_06_2023,Y,GFCM
Western Med.,NEP,5,2014,1967.71,37.957,14.0786,0.28414,a4a,https://gfcm.sharepoint.com/EG/_layouts/15/download.aspx?share=EUJYqbVPTCJKqiCDrVWRuE0BjrLyDY9jpdRgXfxddSI_Pg,NA,Fmsy,NEP_5,0.24,1.183916667,NA,NA,14.0786,37.957,Nephrops norvegicus,Norway lobster,NA,NA,NA,2022,29_06_2023,Y,GFCM
Western Med.,NEP,5,2015,1843.92,36.516,13.114,0.27923,a4a,https://gfcm.sharepoint.com/EG/_layouts/15/download.aspx?share=EUJYqbVPTCJKqiCDrVWRuE0BjrLyDY9jpdRgXfxddSI_Pg,NA,Fmsy,NEP_5,0.24,1.163458333,NA,NA,13.114,36.516,Nephrops norvegicus,Norway lobster,NA,NA,NA,2022,29_06_2023,Y,GFCM
Western Med.,NEP,5,2016,2296,34.145,11.9282,0.2758,a4a,https://gfcm.sharepoint.com/EG/_layouts/15/download.aspx?share=EUJYqbVPTCJKqiCDrVWRuE0BjrLyDY9jpdRgXfxddSI_Pg,NA,Fmsy,NEP_5,0.24,1.149166667,NA,NA,11.9282,34.145,Nephrops norvegicus,Norway lobster,NA,NA,NA,2022,29_06_2023,Y,GFCM
Western Med.,NEP,5,2017,1959.38,32.104,10.7218,0.26432,a4a,https://gfcm.sharepoint.com/EG/_layouts/15/download.aspx?share=EUJYqbVPTCJKqiCDrVWRuE0BjrLyDY9jpdRgXfxddSI_Pg,NA,Fmsy,NEP_5,0.24,1.101333333,NA,NA,10.7218,32.104,Nephrops norvegicus,Norway lobster,NA,NA,NA,2022,29_06_2023,Y,GFCM
Western Med.,NEP,5,2018,1544.84,30.716,9.6671,0.24396,a4a,https://gfcm.sharepoint.com/EG/_layouts/15/download.aspx?share=EUJYqbVPTCJKqiCDrVWRuE0BjrLyDY9jpdRgXfxddSI_Pg,NA,Fmsy,NEP_5,0.24,1.0165,NA,NA,9.6671,30.716,Nephrops norvegicus,Norway lobster,NA,NA,NA,2022,29_06_2023,Y,GFCM
Western Med.,NEP,5,2019,1171.68,30.994,9.1484,0.22282,a4a,https://gfcm.sharepoint.com/EG/_layouts/15/download.aspx?share=EUJYqbVPTCJKqiCDrVWRuE0BjrLyDY9jpdRgXfxddSI_Pg,NA,Fmsy,NEP_5,0.24,0.928416667,NA,NA,9.1484,30.994,Nephrops norvegicus,Norway lobster,NA,NA,NA,2022,29_06_2023,Y,GFCM
Western Med.,NEP,5,2020,467.39,30.878,8.4778,0.20961,a4a,https://gfcm.sharepoint.com/EG/_layouts/15/download.aspx?share=EUJYqbVPTCJKqiCDrVWRuE0BjrLyDY9jpdRgXfxddSI_Pg,NA,Fmsy,NEP_5,0.24,0.873375,NA,NA,8.4778,30.878,Nephrops norvegicus,Norway lobster,NA,NA,NA,2022,29_06_2023,Y,GFCM
Western Med.,NEP,5,2021,1006.06,30.169,7.7933,0.20714,a4a,https://gfcm.sharepoint.com/EG/_layouts/15/download.aspx?share=EUJYqbVPTCJKqiCDrVWRuE0BjrLyDY9jpdRgXfxddSI_Pg,NA,Fmsy,NEP_5,0.24,0.863083333,NA,NA,7.7933,30.169,Nephrops norvegicus,Norway lobster,NA,NA,NA,2022,29_06_2023,Y,GFCM
Western Med.,NEP,5,2022,451.34,27.761,6.7649,0.21191,a4a,https://gfcm.sharepoint.com/EG/_layouts/15/download.aspx?share=EUJYqbVPTCJKqiCDrVWRuE0BjrLyDY9jpdRgXfxddSI_Pg,NA,Fmsy,NEP_5,0.24,0.882958333,NA,NA,6.7649,27.761,Nephrops norvegicus,Norway lobster,NA,NA,NA,2022,29_06_2023,Y,GFCM
Western Med.,PIL,6,2004,3614171,79486.1,23167.25,0.71,a4a,https://gfcm.sharepoint.com/EG/_layouts/15/download.aspx?share=EWRqUt-FxnxBqvwioBx_8yoBkZh968-OZesqAaR9T4nV6Q,NA,Fe40,PIL_6,0.47,1.510638298,NA,NA,23167.25,99563,Sardina pilchardus,European pilchard(=Sardine),NA,NA,NA,2023,09_08_2024,Y,GFCM
Western Med.,PIL,6,2005,2142065,90402.2,27158.21,0.602,a4a,https://gfcm.sharepoint.com/EG/_layouts/15/download.aspx?share=EWRqUt-FxnxBqvwioBx_8yoBkZh968-OZesqAaR9T4nV6Q,NA,Fe40,PIL_6,0.47,1.280851064,NA,NA,27158.21,106996.4,Sardina pilchardus,European pilchard(=Sardine),NA,NA,NA,2023,09_08_2024,Y,GFCM
Western Med.,PIL,6,2006,1352896,66357.1,26940.11,0.729,a4a,https://gfcm.sharepoint.com/EG/_layouts/15/download.aspx?share=EWRqUt-FxnxBqvwioBx_8yoBkZh968-OZesqAaR9T4nV6Q,NA,Fe40,PIL_6,0.47,1.55106383,NA,NA,26940.11,74597.1,Sardina pilchardus,European pilchard(=Sardine),NA,NA,NA,2023,09_08_2024,Y,GFCM
Western Med.,PIL,6,2007,970421,41185.1,21635.67,1.232,a4a,https://gfcm.sharepoint.com/EG/_layouts/15/download.aspx?share=EWRqUt-FxnxBqvwioBx_8yoBkZh968-OZesqAaR9T4nV6Q,NA,Fe40,PIL_6,0.47,2.621276596,NA,NA,21635.67,47264,Sardina pilchardus,European pilchard(=Sardine),NA,NA,NA,2023,09_08_2024,Y,GFCM
Western Med.,PIL,6,2008,821568,25427,14734.79,1.911,a4a,https://gfcm.sharepoint.com/EG/_layouts/15/download.aspx?share=EWRqUt-FxnxBqvwioBx_8yoBkZh968-OZesqAaR9T4nV6Q,NA,Fe40,PIL_6,0.47,4.065957447,NA,NA,14734.79,30435.4,Sardina pilchardus,European pilchard(=Sardine),NA,NA,NA,2023,09_08_2024,Y,GFCM
Western Med.,PIL,6,2009,818263,21434.6,11203.93,1.895,a4a,https://gfcm.sharepoint.com/EG/_layouts/15/download.aspx?share=EWRqUt-FxnxBqvwioBx_8yoBkZh968-OZesqAaR9T4nV6Q,NA,Fe40,PIL_6,0.47,4.031914894,NA,NA,11203.93,26657.7,Sardina pilchardus,European pilchard(=Sardine),NA,NA,NA,2023,09_08_2024,Y,GFCM
Western Med.,PIL,6,2010,917158,19193.1,8168.29,1.327,a4a,https://gfcm.sharepoint.com/EG/_layouts/15/download.aspx?share=EWRqUt-FxnxBqvwioBx_8yoBkZh968-OZesqAaR9T4nV6Q,NA,Fe40,PIL_6,0.47,2.823404255,NA,NA,8168.29,24000.8,Sardina pilchardus,European pilchard(=Sardine),NA,NA,NA,2023,09_08_2024,Y,GFCM
Western Med.,PIL,6,2011,1077244,21453.2,7556.93,1,a4a,https://gfcm.sharepoint.com/EG/_layouts/15/download.aspx?share=EWRqUt-FxnxBqvwioBx_8yoBkZh968-OZesqAaR9T4nV6Q,NA,Fe40,PIL_6,0.47,2.127659574,NA,NA,7556.93,27057.2,Sardina pilchardus,European pilchard(=Sardine),NA,NA,NA,2023,09_08_2024,Y,GFCM
Western Med.,PIL,6,2012,1227940,23729.6,8625.95,1.051,a4a,https://gfcm.sharepoint.com/EG/_layouts/15/download.aspx?share=EWRqUt-FxnxBqvwioBx_8yoBkZh968-OZesqAaR9T4nV6Q,NA,Fe40,PIL_6,0.47,2.236170213,NA,NA,8625.95,30079.7,Sardina pilchardus,European pilchard(=Sardine),NA,NA,NA,2023,09_08_2024,Y,GFCM
Western Med.,PIL,6,2013,1279635,25149.3,10971.94,1.321,a4a,https://gfcm.sharepoint.com/EG/_layouts/15/download.aspx?share=EWRqUt-FxnxBqvwioBx_8yoBkZh968-OZesqAaR9T4nV6Q,NA,Fe40,PIL_6,0.47,2.810638298,NA,NA,10971.94,31349.7,Sardina pilchardus,European pilchard(=Sardine),NA,NA,NA,2023,09_08_2024,Y,GFCM
Western Med.,PIL,6,2014,1187894,21831.5,9898.07,1.418,a4a,https://gfcm.sharepoint.com/EG/_layouts/15/download.aspx?share=EWRqUt-FxnxBqvwioBx_8yoBkZh968-OZesqAaR9T4nV6Q,NA,Fe40,PIL_6,0.47,3.017021277,NA,NA,9898.07,27161.2,Sardina pilchardus,European pilchard(=Sardine),NA,NA,NA,2023,09_08_2024,Y,GFCM
Western Med.,PIL,6,2015,996796,21800.5,8893.52,1.16,a4a,https://gfcm.sharepoint.com/EG/_layouts/15/download.aspx?share=EWRqUt-FxnxBqvwioBx_8yoBkZh968-OZesqAaR9T4nV6Q,NA,Fe40,PIL_6,0.47,2.468085106,NA,NA,8893.52,27029,Sardina pilchardus,European pilchard(=Sardine),NA,NA,NA,2023,09_08_2024,Y,GFCM
Western Med.,PIL,6,2016,794976,18025,6058.39,0.898,a4a,https://gfcm.sharepoint.com/EG/_layouts/15/download.aspx?share=EWRqUt-FxnxBqvwioBx_8yoBkZh968-OZesqAaR9T4nV6Q,NA,Fe40,PIL_6,0.47,1.910638298,NA,NA,6058.39,22727.7,Sardina pilchardus,European pilchard(=Sardine),NA,NA,NA,2023,09_08_2024,Y,GFCM
Western Med.,PIL,6,2017,646475,14309.1,5436.85,0.857,a4a,https://gfcm.sharepoint.com/EG/_layouts/15/download.aspx?share=EWRqUt-FxnxBqvwioBx_8yoBkZh968-OZesqAaR9T4nV6Q,NA,Fe40,PIL_6,0.47,1.823404255,NA,NA,5436.85,17041,Sardina pilchardus,European pilchard(=Sardine),NA,NA,NA,2023,09_08_2024,Y,GFCM
Western Med.,PIL,6,2018,574322,14569,5849.74,1.026,a4a,https://gfcm.sharepoint.com/EG/_layouts/15/download.aspx?share=EWRqUt-FxnxBqvwioBx_8yoBkZh968-OZesqAaR9T4nV6Q,NA,Fe40,PIL_6,0.47,2.182978723,NA,NA,5849.74,17803.9,Sardina pilchardus,European pilchard(=Sardine),NA,NA,NA,2023,09_08_2024,Y,GFCM
Western Med.,PIL,6,2019,583785,11980.3,5298.38,1.218,a4a,https://gfcm.sharepoint.com/EG/_layouts/15/download.aspx?share=EWRqUt-FxnxBqvwioBx_8yoBkZh968-OZesqAaR9T4nV6Q,NA,Fe40,PIL_6,0.47,2.591489362,NA,NA,5298.38,14620,Sardina pilchardus,European pilchard(=Sardine),NA,NA,NA,2023,09_08_2024,Y,GFCM
Western Med.,PIL,6,2020,685013,12218.3,4613.14,1.132,a4a,https://gfcm.sharepoint.com/EG/_layouts/15/download.aspx?share=EWRqUt-FxnxBqvwioBx_8yoBkZh968-OZesqAaR9T4nV6Q,NA,Fe40,PIL_6,0.47,2.408510638,NA,NA,4613.14,15508.2,Sardina pilchardus,European pilchard(=Sardine),NA,NA,NA,2023,09_08_2024,Y,GFCM
Western Med.,PIL,6,2021,899889,15474.4,4435.85,0.787,a4a,https://gfcm.sharepoint.com/EG/_layouts/15/download.aspx?share=EWRqUt-FxnxBqvwioBx_8yoBkZh968-OZesqAaR9T4nV6Q,NA,Fe40,PIL_6,0.47,1.674468085,NA,NA,4435.85,19789.4,Sardina pilchardus,European pilchard(=Sardine),NA,NA,NA,2023,09_08_2024,Y,GFCM
Western Med.,PIL,6,2022,1251817,27799.5,4625.9,0.465,a4a,https://gfcm.sharepoint.com/EG/_layouts/15/download.aspx?share=EWRqUt-FxnxBqvwioBx_8yoBkZh968-OZesqAaR9T4nV6Q,NA,Fe40,PIL_6,0.47,0.989361702,NA,NA,4625.9,37163.3,Sardina pilchardus,European pilchard(=Sardine),NA,NA,NA,2023,09_08_2024,Y,GFCM
Western Med.,PIL,7,1995,NA,89816,13450,0.225,2-stageB,https://gfcm.sharepoint.com/EG/_layouts/15/download.aspx?share=EW07v8Z0ah9Et_DSWG0MrqcBS206iIICupeHktrc8d3iqQ,NA,Hrpa,PIL_7,0.35,0.642857143,NA,9861,13450,NA,Sardina pilchardus,European pilchard(=Sardine),NA,NA,NA,2023,09_08_2024,Y,GFCM
Western Med.,PIL,7,1996,NA,38033,12000,0.324,2-stageB,https://gfcm.sharepoint.com/EG/_layouts/15/download.aspx?share=EW07v8Z0ah9Et_DSWG0MrqcBS206iIICupeHktrc8d3iqQ,NA,Hrpa,PIL_7,0.35,0.925714286,NA,9861,12000,NA,Sardina pilchardus,European pilchard(=Sardine),NA,NA,NA,2023,09_08_2024,Y,GFCM
Western Med.,PIL,7,1997,NA,20487,11000,0.453,2-stageB,https://gfcm.sharepoint.com/EG/_layouts/15/download.aspx?share=EW07v8Z0ah9Et_DSWG0MrqcBS206iIICupeHktrc8d3iqQ,NA,Hrpa,PIL_7,0.35,1.294285714,NA,9861,11000,NA,Sardina pilchardus,European pilchard(=Sardine),NA,NA,NA,2023,09_08_2024,Y,GFCM
Western Med.,PIL,7,1998,NA,10871,10000,0.177,2-stageB,https://gfcm.sharepoint.com/EG/_layouts/15/download.aspx?share=EW07v8Z0ah9Et_DSWG0MrqcBS206iIICupeHktrc8d3iqQ,NA,Hrpa,PIL_7,0.35,0.505714286,NA,9861,10000,NA,Sardina pilchardus,European pilchard(=Sardine),NA,NA,NA,2023,09_08_2024,Y,GFCM
Western Med.,PIL,7,1999,NA,38103,10000,0.106,2-stageB,https://gfcm.sharepoint.com/EG/_layouts/15/download.aspx?share=EW07v8Z0ah9Et_DSWG0MrqcBS206iIICupeHktrc8d3iqQ,NA,Hrpa,PIL_7,0.35,0.302857143,NA,9861,10000,NA,Sardina pilchardus,European pilchard(=Sardine),NA,NA,NA,2023,09_08_2024,Y,GFCM
Western Med.,PIL,7,2000,NA,69266,12000,0.146,2-stageB,https://gfcm.sharepoint.com/EG/_layouts/15/download.aspx?share=EW07v8Z0ah9Et_DSWG0MrqcBS206iIICupeHktrc8d3iqQ,NA,Hrpa,PIL_7,0.35,0.417142857,NA,9861,12000,NA,Sardina pilchardus,European pilchard(=Sardine),NA,NA,NA,2023,09_08_2024,Y,GFCM
Western Med.,PIL,7,2001,NA,57609,11948,0.235,2-stageB,https://gfcm.sharepoint.com/EG/_layouts/15/download.aspx?share=EW07v8Z0ah9Et_DSWG0MrqcBS206iIICupeHktrc8d3iqQ,NA,Hrpa,PIL_7,0.35,0.671428571,NA,9861,11948,NA,Sardina pilchardus,European pilchard(=Sardine),NA,NA,NA,2023,09_08_2024,Y,GFCM
Western Med.,PIL,7,2002,NA,31909,7764,0.085,2-stageB,https://gfcm.sharepoint.com/EG/_layouts/15/download.aspx?share=EW07v8Z0ah9Et_DSWG0MrqcBS206iIICupeHktrc8d3iqQ,NA,Hrpa,PIL_7,0.35,0.242857143,NA,9861,7764,NA,Sardina pilchardus,European pilchard(=Sardine),NA,NA,NA,2023,09_08_2024,Y,GFCM
Western Med.,PIL,7,2003,NA,68599,7111,0.057,2-stageB,https://gfcm.sharepoint.com/EG/_layouts/15/download.aspx?share=EW07v8Z0ah9Et_DSWG0MrqcBS206iIICupeHktrc8d3iqQ,NA,Hrpa,PIL_7,0.35,0.162857143,NA,9861,7111,NA,Sardina pilchardus,European pilchard(=Sardine),NA,NA,NA,2023,09_08_2024,Y,GFCM
Western Med.,PIL,7,2004,NA,95916,7493,0.053,2-stageB,https://gfcm.sharepoint.com/EG/_layouts/15/download.aspx?share=EW07v8Z0ah9Et_DSWG0MrqcBS206iIICupeHktrc8d3iqQ,NA,Hrpa,PIL_7,0.35,0.151428571,NA,9861,7493,NA,Sardina pilchardus,European pilchard(=Sardine),NA,NA,NA,2023,09_08_2024,Y,GFCM
Western Med.,PIL,7,2005,NA,108864,9472,0.062,2-stageB,https://gfcm.sharepoint.com/EG/_layouts/15/download.aspx?share=EW07v8Z0ah9Et_DSWG0MrqcBS206iIICupeHktrc8d3iqQ,NA,Hrpa,PIL_7,0.35,0.177142857,NA,9861,9472,NA,Sardina pilchardus,European pilchard(=Sardine),NA,NA,NA,2023,09_08_2024,Y,GFCM
Western Med.,PIL,7,2006,NA,116518,10384,0.103,2-stageB,https://gfcm.sharepoint.com/EG/_layouts/15/download.aspx?share=EW07v8Z0ah9Et_DSWG0MrqcBS206iIICupeHktrc8d3iqQ,NA,Hrpa,PIL_7,0.35,0.294285714,NA,9861,10384,NA,Sardina pilchardus,European pilchard(=Sardine),NA,NA,NA,2023,09_08_2024,Y,GFCM
Western Med.,PIL,7,2007,NA,74362,13340,0.162,2-stageB,https://gfcm.sharepoint.com/EG/_layouts/15/download.aspx?share=EW07v8Z0ah9Et_DSWG0MrqcBS206iIICupeHktrc8d3iqQ,NA,Hrpa,PIL_7,0.35,0.462857143,NA,9861,13340,NA,Sardina pilchardus,European pilchard(=Sardine),NA,NA,NA,2023,09_08_2024,Y,GFCM
Western Med.,PIL,7,2008,NA,56525,6740,0.081,2-stageB,https://gfcm.sharepoint.com/EG/_layouts/15/download.aspx?share=EW07v8Z0ah9Et_DSWG0MrqcBS206iIICupeHktrc8d3iqQ,NA,Hrpa,PIL_7,0.35,0.231428571,NA,9861,6740,NA,Sardina pilchardus,European pilchard(=Sardine),NA,NA,NA,2023,09_08_2024,Y,GFCM
Western Med.,PIL,7,2009,NA,62245,3620,0.045,2-stageB,https://gfcm.sharepoint.com/EG/_layouts/15/download.aspx?share=EW07v8Z0ah9Et_DSWG0MrqcBS206iIICupeHktrc8d3iqQ,NA,Hrpa,PIL_7,0.35,0.128571429,NA,9861,3620,NA,Sardina pilchardus,European pilchard(=Sardine),NA,NA,NA,2023,09_08_2024,Y,GFCM
Western Med.,PIL,7,2010,NA,63092,693,0.009,2-stageB,https://gfcm.sharepoint.com/EG/_layouts/15/download.aspx?share=EW07v8Z0ah9Et_DSWG0MrqcBS206iIICupeHktrc8d3iqQ,NA,Hrpa,PIL_7,0.35,0.025714286,NA,9861,693,NA,Sardina pilchardus,European pilchard(=Sardine),NA,NA,NA,2023,09_08_2024,Y,GFCM
Western Med.,PIL,7,2011,NA,60522,757,0.011,2-stageB,https://gfcm.sharepoint.com/EG/_layouts/15/download.aspx?share=EW07v8Z0ah9Et_DSWG0MrqcBS206iIICupeHktrc8d3iqQ,NA,Hrpa,PIL_7,0.35,0.031428571,NA,9861,757,NA,Sardina pilchardus,European pilchard(=Sardine),NA,NA,NA,2023,09_08_2024,Y,GFCM
Western Med.,PIL,7,2012,NA,58260,836,0.009,2-stageB,https://gfcm.sharepoint.com/EG/_layouts/15/download.aspx?share=EW07v8Z0ah9Et_DSWG0MrqcBS206iIICupeHktrc8d3iqQ,NA,Hrpa,PIL_7,0.35,0.025714286,NA,9861,836,NA,Sardina pilchardus,European pilchard(=Sardine),NA,NA,NA,2023,09_08_2024,Y,GFCM
Western Med.,PIL,7,2013,NA,75774,989,0.01,2-stageB,https://gfcm.sharepoint.com/EG/_layouts/15/download.aspx?share=EW07v8Z0ah9Et_DSWG0MrqcBS206iIICupeHktrc8d3iqQ,NA,Hrpa,PIL_7,0.35,0.028571429,NA,9861,989,NA,Sardina pilchardus,European pilchard(=Sardine),NA,NA,NA,2023,09_08_2024,Y,GFCM
Western Med.,PIL,7,2014,NA,79056,633,0.009,2-stageB,https://gfcm.sharepoint.com/EG/_layouts/15/download.aspx?share=EW07v8Z0ah9Et_DSWG0MrqcBS206iIICupeHktrc8d3iqQ,NA,Hrpa,PIL_7,0.35,0.025714286,NA,9861,633,NA,Sardina pilchardus,European pilchard(=Sardine),NA,NA,NA,2023,09_08_2024,Y,GFCM
Western Med.,PIL,7,2015,NA,58472,342,0.005,2-stageB,https://gfcm.sharepoint.com/EG/_layouts/15/download.aspx?share=EW07v8Z0ah9Et_DSWG0MrqcBS206iIICupeHktrc8d3iqQ,NA,Hrpa,PIL_7,0.35,0.014285714,NA,9861,342,NA,Sardina pilchardus,European pilchard(=Sardine),NA,NA,NA,2023,09_08_2024,Y,GFCM
Western Med.,PIL,7,2016,NA,56924,846,0.011,2-stageB,https://gfcm.sharepoint.com/EG/_layouts/15/download.aspx?share=EW07v8Z0ah9Et_DSWG0MrqcBS206iIICupeHktrc8d3iqQ,NA,Hrpa,PIL_7,0.35,0.031428571,NA,9861,846,NA,Sardina pilchardus,European pilchard(=Sardine),NA,NA,NA,2023,09_08_2024,Y,GFCM
Western Med.,PIL,7,2017,NA,59655,876,0.014,2-stageB,https://gfcm.sharepoint.com/EG/_layouts/15/download.aspx?share=EW07v8Z0ah9Et_DSWG0MrqcBS206iIICupeHktrc8d3iqQ,NA,Hrpa,PIL_7,0.35,0.04,NA,9861,876,NA,Sardina pilchardus,European pilchard(=Sardine),NA,NA,NA,2023,09_08_2024,Y,GFCM
Western Med.,PIL,7,2018,NA,49591,790,0.013,2-stageB,https://gfcm.sharepoint.com/EG/_layouts/15/download.aspx?share=EW07v8Z0ah9Et_DSWG0MrqcBS206iIICupeHktrc8d3iqQ,NA,Hrpa,PIL_7,0.35,0.037142857,NA,9861,790,NA,Sardina pilchardus,European pilchard(=Sardine),NA,NA,NA,2023,09_08_2024,Y,GFCM
Western Med.,PIL,7,2019,NA,48778,370,0.006,2-stageB,https://gfcm.sharepoint.com/EG/_layouts/15/download.aspx?share=EW07v8Z0ah9Et_DSWG0MrqcBS206iIICupeHktrc8d3iqQ,NA,Hrpa,PIL_7,0.35,0.017142857,NA,9861,370,NA,Sardina pilchardus,European pilchard(=Sardine),NA,NA,NA,2023,09_08_2024,Y,GFCM
Western Med.,PIL,7,2020,NA,48362,283,0.004,2-stageB,https://gfcm.sharepoint.com/EG/_layouts/15/download.aspx?share=EW07v8Z0ah9Et_DSWG0MrqcBS206iIICupeHktrc8d3iqQ,NA,Hrpa,PIL_7,0.35,0.011428571,NA,9861,283,NA,Sardina pilchardus,European pilchard(=Sardine),NA,NA,NA,2023,09_08_2024,Y,GFCM
Western Med.,PIL,7,2021,NA,57035,37,0.001,2-stageB,https://gfcm.sharepoint.com/EG/_layouts/15/download.aspx?share=EW07v8Z0ah9Et_DSWG0MrqcBS206iIICupeHktrc8d3iqQ,NA,Hrpa,PIL_7,0.35,0.002857143,NA,9861,37,NA,Sardina pilchardus,European pilchard(=Sardine),NA,NA,NA,2023,09_08_2024,Y,GFCM
Western Med.,PIL,7,2022,NA,47815,27,0.001,2-stageB,https://gfcm.sharepoint.com/EG/_layouts/15/download.aspx?share=EW07v8Z0ah9Et_DSWG0MrqcBS206iIICupeHktrc8d3iqQ,NA,Hrpa,PIL_7,0.35,0.002857143,NA,9861,27,NA,Sardina pilchardus,European pilchard(=Sardine),NA,NA,NA,2023,09_08_2024,Y,GFCM
Western Med.,PIL,9,1994,NA,NA,3299.3223,0.139308151,spict,https://www.fao.org/gfcm/data/star/en/,NA,Fmsy,PIL_9,0.33,0.422145912,NA,4401.75,3299.3223,25543.253,Sardina pilchardus,European pilchard(=Sardine),14672.5,Bmsy,1.740893031,2023,09_08_2024,Y,GFCM
Western Med.,PIL,9,1995,NA,NA,4269.8311,0.185851766,spict,https://www.fao.org/gfcm/data/star/en/,NA,Fmsy,PIL_9,0.33,0.563187171,NA,4401.75,4269.8311,24614.263,Sardina pilchardus,European pilchard(=Sardine),14672.5,Bmsy,1.677577986,2023,09_08_2024,Y,GFCM
Western Med.,PIL,9,1996,NA,NA,3976.2148,0.132558803,spict,https://www.fao.org/gfcm/data/star/en/,NA,Fmsy,PIL_9,0.33,0.401693343,NA,4401.75,3976.2148,23366.085,Sardina pilchardus,European pilchard(=Sardine),14672.5,Bmsy,1.592508775,2023,09_08_2024,Y,GFCM
Western Med.,PIL,9,1997,NA,NA,2551.1418,0.135748307,spict,https://www.fao.org/gfcm/data/star/en/,NA,Fmsy,PIL_9,0.33,0.411358508,NA,4401.75,2551.1418,23959.571,Sardina pilchardus,European pilchard(=Sardine),14672.5,Bmsy,1.632957642,2023,09_08_2024,Y,GFCM
Western Med.,PIL,9,1998,NA,NA,10503.4491,0.681299873,spict,https://www.fao.org/gfcm/data/star/en/,NA,Fmsy,PIL_9,0.33,2.064545069,NA,4401.75,10503.4491,20632.606,Sardina pilchardus,European pilchard(=Sardine),14672.5,Bmsy,1.406209303,2023,09_08_2024,Y,GFCM
Western Med.,PIL,9,1999,NA,NA,10397.313,0.641869364,spict,https://www.fao.org/gfcm/data/star/en/,NA,Fmsy,PIL_9,0.33,1.945058678,NA,4401.75,10397.313,14150.592,Sardina pilchardus,European pilchard(=Sardine),14672.5,Bmsy,0.964429511,2023,09_08_2024,Y,GFCM
Western Med.,PIL,9,2000,NA,NA,7380.3244,0.6085372,spict,https://www.fao.org/gfcm/data/star/en/,NA,Fmsy,PIL_9,0.33,1.844052122,NA,4401.75,7380.3244,10880.094,Sardina pilchardus,European pilchard(=Sardine),14672.5,Bmsy,0.741529664,2023,09_08_2024,Y,GFCM
Western Med.,PIL,9,2001,NA,NA,5281.4284,0.48451688,spict,https://www.fao.org/gfcm/data/star/en/,NA,Fmsy,PIL_9,0.33,1.46823297,NA,4401.75,5281.4284,9213.937,Sardina pilchardus,European pilchard(=Sardine),14672.5,Bmsy,0.627973215,2023,09_08_2024,Y,GFCM
Western Med.,PIL,9,2002,NA,NA,3656.6438,0.393969113,spict,https://www.fao.org/gfcm/data/star/en/,NA,Fmsy,PIL_9,0.33,1.193845797,NA,4401.75,3656.6438,9195.185,Sardina pilchardus,European pilchard(=Sardine),14672.5,Bmsy,0.626695178,2023,09_08_2024,Y,GFCM
Western Med.,PIL,9,2003,NA,NA,4194.0033,0.494218538,spict,https://www.fao.org/gfcm/data/star/en/,NA,Fmsy,PIL_9,0.33,1.497631933,NA,4401.75,4194.0033,9124.621,Sardina pilchardus,European pilchard(=Sardine),14672.5,Bmsy,0.621885909,2023,09_08_2024,Y,GFCM
Western Med.,PIL,9,2004,NA,NA,4554.3501,0.490947587,spict,https://www.fao.org/gfcm/data/star/en/,NA,Fmsy,PIL_9,0.33,1.48771996,NA,4401.75,4554.3501,8277.187,Sardina pilchardus,European pilchard(=Sardine),14672.5,Bmsy,0.564129289,2023,09_08_2024,Y,GFCM
Western Med.,PIL,9,2005,NA,NA,3097.3779,0.368551773,spict,https://www.fao.org/gfcm/data/star/en/,NA,Fmsy,PIL_9,0.33,1.116823556,NA,4401.75,3097.3779,8481.975,Sardina pilchardus,European pilchard(=Sardine),14672.5,Bmsy,0.578086556,2023,09_08_2024,Y,GFCM
Western Med.,PIL,9,2006,NA,NA,4391.9077,0.609015328,spict,https://www.fao.org/gfcm/data/star/en/,NA,Fmsy,PIL_9,0.33,1.845500995,NA,4401.75,4391.9077,8503.626,Sardina pilchardus,European pilchard(=Sardine),14672.5,Bmsy,0.579562174,2023,09_08_2024,Y,GFCM
Western Med.,PIL,9,2007,NA,NA,5091.701,0.52454374,spict,https://www.fao.org/gfcm/data/star/en/,NA,Fmsy,PIL_9,0.33,1.589526485,NA,4401.75,5091.701,6880.316,Sardina pilchardus,European pilchard(=Sardine),14672.5,Bmsy,0.46892595,2023,09_08_2024,Y,GFCM
Western Med.,PIL,9,2008,NA,NA,2355.917,0.329859185,spict,https://www.fao.org/gfcm/data/star/en/,NA,Fmsy,PIL_9,0.33,0.999573289,NA,4401.75,2355.917,7857.827,Sardina pilchardus,European pilchard(=Sardine),14672.5,Bmsy,0.53554793,2023,09_08_2024,Y,GFCM
Western Med.,PIL,9,2009,NA,NA,5678.494,0.96802808,spict,https://www.fao.org/gfcm/data/star/en/,NA,Fmsy,PIL_9,0.33,2.933418425,NA,4401.75,5678.494,7400.064,Sardina pilchardus,European pilchard(=Sardine),14672.5,Bmsy,0.504349225,2023,09_08_2024,Y,GFCM
Western Med.,PIL,9,2010,NA,NA,4521.1589,0.662317643,spict,https://www.fao.org/gfcm/data/star/en/,NA,Fmsy,PIL_9,0.33,2.007023159,NA,4401.75,4521.1589,5100.013,Sardina pilchardus,European pilchard(=Sardine),14672.5,Bmsy,0.347589913,2023,09_08_2024,Y,GFCM
Western Med.,PIL,9,2011,NA,NA,2561.8413,0.419012706,spict,https://www.fao.org/gfcm/data/star/en/,NA,Fmsy,PIL_9,0.33,1.269735472,NA,4401.75,2561.8413,4980.336,Sardina pilchardus,European pilchard(=Sardine),14672.5,Bmsy,0.339433362,2023,09_08_2024,Y,GFCM
Western Med.,PIL,9,2012,NA,NA,1724.6022,0.236047373,spict,https://www.fao.org/gfcm/data/star/en/,NA,Fmsy,PIL_9,0.33,0.715295068,NA,4401.75,1724.6022,6237.259,Sardina pilchardus,European pilchard(=Sardine),14672.5,Bmsy,0.425098586,2023,09_08_2024,Y,GFCM
Western Med.,PIL,9,2013,NA,NA,1329.0719,0.17025169,spict,https://www.fao.org/gfcm/data/star/en/,NA,Fmsy,PIL_9,0.33,0.515914212,NA,4401.75,1329.0719,8817.113,Sardina pilchardus,European pilchard(=Sardine),14672.5,Bmsy,0.60092779,2023,09_08_2024,Y,GFCM
Western Med.,PIL,9,2014,NA,NA,1773.5266,0.115113839,spict,https://www.fao.org/gfcm/data/star/en/,NA,Fmsy,PIL_9,0.33,0.348829817,NA,4401.75,1773.5266,11758.668,Sardina pilchardus,European pilchard(=Sardine),14672.5,Bmsy,0.801408622,2023,09_08_2024,Y,GFCM
Western Med.,PIL,9,2015,NA,NA,799.8512,0.048984037,spict,https://www.fao.org/gfcm/data/star/en/,NA,Fmsy,PIL_9,0.33,0.148436475,NA,4401.75,799.8512,16504.077,Sardina pilchardus,European pilchard(=Sardine),14672.5,Bmsy,1.124830601,2023,09_08_2024,Y,GFCM
Western Med.,PIL,9,2016,NA,NA,1174.829,0.057415388,spict,https://www.fao.org/gfcm/data/star/en/,NA,Fmsy,PIL_9,0.33,0.173986024,NA,4401.75,1174.829,20335.237,Sardina pilchardus,European pilchard(=Sardine),14672.5,Bmsy,1.385942205,2023,09_08_2024,Y,GFCM
Western Med.,PIL,9,2017,NA,NA,905.5194,0.042878261,spict,https://www.fao.org/gfcm/data/star/en/,NA,Fmsy,PIL_9,0.33,0.129934125,NA,4401.75,905.5194,22232.545,Sardina pilchardus,European pilchard(=Sardine),14672.5,Bmsy,1.515252684,2023,09_08_2024,Y,GFCM
Western Med.,PIL,9,2018,NA,NA,1655.2713,0.091727079,spict,https://www.fao.org/gfcm/data/star/en/,NA,Fmsy,PIL_9,0.33,0.277960845,NA,4401.75,1655.2713,23552.698,Sardina pilchardus,European pilchard(=Sardine),14672.5,Bmsy,1.60522733,2023,09_08_2024,Y,GFCM
Western Med.,PIL,9,2019,NA,NA,2416.9125,0.085612064,spict,https://www.fao.org/gfcm/data/star/en/,NA,Fmsy,PIL_9,0.33,0.259430497,NA,4401.75,2416.9125,23155.239,Sardina pilchardus,European pilchard(=Sardine),14672.5,Bmsy,1.578138627,2023,09_08_2024,Y,GFCM
Western Med.,PIL,9,2020,NA,NA,1201.5152,0.043280316,spict,https://www.fao.org/gfcm/data/star/en/,NA,Fmsy,PIL_9,0.33,0.131152473,NA,4401.75,1201.5152,23944.192,Sardina pilchardus,European pilchard(=Sardine),14672.5,Bmsy,1.631909491,2023,09_08_2024,Y,GFCM
Western Med.,PIL,9,2021,NA,NA,1148.0439,0.050546013,spict,https://www.fao.org/gfcm/data/star/en/,NA,Fmsy,PIL_9,0.33,0.153169738,NA,4401.75,1148.0439,24828.261,Sardina pilchardus,European pilchard(=Sardine),14672.5,Bmsy,1.692162958,2023,09_08_2024,Y,GFCM
Western Med.,PIL,9,2022,NA,NA,1533.3274,0.063769947,spict,https://www.fao.org/gfcm/data/star/en/,NA,Fmsy,PIL_9,0.33,0.193242263,NA,4401.75,1533.3274,25708.588,Sardina pilchardus,European pilchard(=Sardine),14672.5,Bmsy,1.75216139,2023,09_08_2024,Y,GFCM
Western Med.,WHB,6,2004,228628.4,1876.81,1508.6458,0.78557,a4a,https://www.fao.org/gfcm/data/star/en/,NA,Fmsy,WHB_6,0.11,7.141545455,NA,NA,1508.6458,7352.1,Micromesistius poutassou,Blue whiting,NA,Bmsy,NA,2023,04_08_2024,New,GFCM
Western Med.,WHB,6,2005,175680.3,3421.32,2337.38857,0.45658,a4a,https://www.fao.org/gfcm/data/star/en/,NA,Fmsy,WHB_6,0.11,4.150727273,NA,NA,2337.38857,8998.1,Micromesistius poutassou,Blue whiting,NA,Bmsy,NA,2023,04_08_2024,New,GFCM
Western Med.,WHB,6,2006,52100.3,4030.12,5088.47541,0.55623,a4a,https://www.fao.org/gfcm/data/star/en/,NA,Fmsy,WHB_6,0.11,5.056636364,NA,NA,5088.47541,8249.8,Micromesistius poutassou,Blue whiting,NA,Bmsy,NA,2023,04_08_2024,New,GFCM
Western Med.,WHB,6,2007,46433.9,2823.59,4230.6064,0.7053,a4a,https://www.fao.org/gfcm/data/star/en/,NA,Fmsy,WHB_6,0.11,6.411818182,NA,NA,4230.6064,6255.9,Micromesistius poutassou,Blue whiting,NA,Bmsy,NA,2023,04_08_2024,New,GFCM
Western Med.,WHB,6,2008,83681.4,1775.06,2061.67958,0.74184,a4a,https://www.fao.org/gfcm/data/star/en/,NA,Fmsy,WHB_6,0.11,6.744,NA,NA,2061.67958,4849.8,Micromesistius poutassou,Blue whiting,NA,Bmsy,NA,2023,04_08_2024,New,GFCM
Western Med.,WHB,6,2009,70840.4,1567.21,1676.85289,0.64329,a4a,https://www.fao.org/gfcm/data/star/en/,NA,Fmsy,WHB_6,0.11,5.848090909,NA,NA,1676.85289,4113.2,Micromesistius poutassou,Blue whiting,NA,Bmsy,NA,2023,04_08_2024,New,GFCM
Western Med.,WHB,6,2010,80611.8,1682.73,1325.55199,0.45632,a4a,https://www.fao.org/gfcm/data/star/en/,NA,Fmsy,WHB_6,0.11,4.148363636,NA,NA,1325.55199,3985.8,Micromesistius poutassou,Blue whiting,NA,Bmsy,NA,2023,04_08_2024,New,GFCM
Western Med.,WHB,6,2011,48922.5,1481.86,1912.32291,0.92969,a4a,https://www.fao.org/gfcm/data/star/en/,NA,Fmsy,WHB_6,0.11,8.451727273,NA,NA,1912.32291,4219.8,Micromesistius poutassou,Blue whiting,NA,Bmsy,NA,2023,04_08_2024,New,GFCM
Western Med.,WHB,6,2012,29713.3,1258.81,829.62361,0.45683,a4a,https://www.fao.org/gfcm/data/star/en/,NA,Fmsy,WHB_6,0.11,4.153,NA,NA,829.62361,2610,Micromesistius poutassou,Blue whiting,NA,Bmsy,NA,2023,04_08_2024,New,GFCM
Western Med.,WHB,6,2013,27174.3,1122.65,1032.20176,0.5152,a4a,https://www.fao.org/gfcm/data/star/en/,NA,Fmsy,WHB_6,0.11,4.683636364,NA,NA,1032.20176,2321.4,Micromesistius poutassou,Blue whiting,NA,Bmsy,NA,2023,04_08_2024,New,GFCM
Western Med.,WHB,6,2014,28234.8,781.84,906.89275,0.8609,a4a,https://www.fao.org/gfcm/data/star/en/,NA,Fmsy,WHB_6,0.11,7.826363636,NA,NA,906.89275,2025.9,Micromesistius poutassou,Blue whiting,NA,Bmsy,NA,2023,04_08_2024,New,GFCM
Western Med.,WHB,6,2015,25695.3,590.73,530.77253,0.68481,a4a,https://www.fao.org/gfcm/data/star/en/,NA,Fmsy,WHB_6,0.11,6.225545455,NA,NA,530.77253,1545.4,Micromesistius poutassou,Blue whiting,NA,Bmsy,NA,2023,04_08_2024,New,GFCM
Western Med.,WHB,6,2016,32010.3,597.25,477.88941,0.54936,a4a,https://www.fao.org/gfcm/data/star/en/,NA,Fmsy,WHB_6,0.11,4.994181818,NA,NA,477.88941,1525.9,Micromesistius poutassou,Blue whiting,NA,Bmsy,NA,2023,04_08_2024,New,GFCM
Western Med.,WHB,6,2017,28211.1,669.54,406.40167,0.57161,a4a,https://www.fao.org/gfcm/data/star/en/,NA,Fmsy,WHB_6,0.11,5.196454545,NA,NA,406.40167,1670.2,Micromesistius poutassou,Blue whiting,NA,Bmsy,NA,2023,04_08_2024,New,GFCM
Western Med.,WHB,6,2018,15910.1,694.21,539.0353,0.51895,a4a,https://www.fao.org/gfcm/data/star/en/,NA,Fmsy,WHB_6,0.11,4.717727273,NA,NA,539.0353,1487.9,Micromesistius poutassou,Blue whiting,NA,Bmsy,NA,2023,04_08_2024,New,GFCM
Western Med.,WHB,6,2019,17268.7,508.44,675.30789,0.8729,a4a,https://www.fao.org/gfcm/data/star/en/,NA,Fmsy,WHB_6,0.11,7.935454545,NA,NA,675.30789,1361.6,Micromesistius poutassou,Blue whiting,NA,Bmsy,NA,2023,04_08_2024,New,GFCM
Western Med.,WHB,6,2020,21267.9,412.31,285.87806,0.57899,a4a,https://www.fao.org/gfcm/data/star/en/,NA,Fmsy,WHB_6,0.11,5.263545455,NA,NA,285.87806,1105.5,Micromesistius poutassou,Blue whiting,NA,Bmsy,NA,2023,04_08_2024,New,GFCM
Western Med.,WHB,6,2021,29874,510.09,289.70916,0.38595,a4a,https://www.fao.org/gfcm/data/star/en/,NA,Fmsy,WHB_6,0.11,3.508636364,NA,NA,289.70916,1270.9,Micromesistius poutassou,Blue whiting,NA,Bmsy,NA,2023,04_08_2024,New,GFCM
Western Med.,WHB,6,2022,6129.8,664.95,407.79745,0.53353,a4a,https://www.fao.org/gfcm/data/star/en/,NA,Fmsy,WHB_6,0.11,4.850272727,NA,NA,407.79745,1360.3,Micromesistius poutassou,Blue whiting,NA,Bmsy,NA,2023,04_08_2024,New,GFCM
Western Med.,ARA,1_2,2002,58363,322.4,246.8,0.648,a4a,https://stecf.jrc.ec.europa.eu/documents/d/stecf/stecf_24-10_stock-assess-west-med,NA,Fmsy,ARA_1_2,0.29,2.234482759,NA,NA,246.8,322.4,Aristeus antennatus,Blue and red shrimp,NA,Bmsy,NA,2024,16_12_2024,Y,STECF
Western Med.,ARA,1_2,2003,64246,365.6,450.1,0.692,a4a,https://stecf.jrc.ec.europa.eu/documents/d/stecf/stecf_24-10_stock-assess-west-med,NA,Fmsy,ARA_1_2,0.29,2.386206897,NA,NA,450.1,365.6,Aristeus antennatus,Blue and red shrimp,NA,Bmsy,NA,2024,16_12_2024,Y,STECF
Western Med.,ARA,1_2,2004,64537,351.6,294.5,0.715,a4a,https://stecf.jrc.ec.europa.eu/documents/d/stecf/stecf_24-10_stock-assess-west-med,NA,Fmsy,ARA_1_2,0.29,2.465517241,NA,NA,294.5,351.6,Aristeus antennatus,Blue and red shrimp,NA,Bmsy,NA,2024,16_12_2024,Y,STECF
Western Med.,ARA,1_2,2005,64995,361.6,314.3,0.74,a4a,https://stecf.jrc.ec.europa.eu/documents/d/stecf/stecf_24-10_stock-assess-west-med,NA,Fmsy,ARA_1_2,0.29,2.551724138,NA,NA,314.3,361.6,Aristeus antennatus,Blue and red shrimp,NA,Bmsy,NA,2024,16_12_2024,Y,STECF
Western Med.,ARA,1_2,2006,52168,314,426.3,0.779,a4a,https://stecf.jrc.ec.europa.eu/documents/d/stecf/stecf_24-10_stock-assess-west-med,NA,Fmsy,ARA_1_2,0.29,2.686206897,NA,NA,426.3,314,Aristeus antennatus,Blue and red shrimp,NA,Bmsy,NA,2024,16_12_2024,Y,STECF
Western Med.,ARA,1_2,2007,34049,253.9,257,0.771,a4a,https://stecf.jrc.ec.europa.eu/documents/d/stecf/stecf_24-10_stock-assess-west-med,NA,Fmsy,ARA_1_2,0.29,2.65862069,NA,NA,257,253.9,Aristeus antennatus,Blue and red shrimp,NA,Bmsy,NA,2024,16_12_2024,Y,STECF
Western Med.,ARA,1_2,2008,33328,231.3,182.8,0.682,a4a,https://stecf.jrc.ec.europa.eu/documents/d/stecf/stecf_24-10_stock-assess-west-med,NA,Fmsy,ARA_1_2,0.29,2.351724138,NA,NA,182.8,231.3,Aristeus antennatus,Blue and red shrimp,NA,Bmsy,NA,2024,16_12_2024,Y,STECF
Western Med.,ARA,1_2,2009,35726,238.9,212.3,0.602,a4a,https://stecf.jrc.ec.europa.eu/documents/d/stecf/stecf_24-10_stock-assess-west-med,NA,Fmsy,ARA_1_2,0.29,2.075862069,NA,NA,212.3,238.9,Aristeus antennatus,Blue and red shrimp,NA,Bmsy,NA,2024,16_12_2024,Y,STECF
Western Med.,ARA,1_2,2010,37575,258.2,200.8,0.609,a4a,https://stecf.jrc.ec.europa.eu/documents/d/stecf/stecf_24-10_stock-assess-west-med,NA,Fmsy,ARA_1_2,0.29,2.1,NA,NA,200.8,258.2,Aristeus antennatus,Blue and red shrimp,NA,Bmsy,NA,2024,16_12_2024,Y,STECF
Western Med.,ARA,1_2,2011,32982,227.8,178.8,0.673,a4a,https://stecf.jrc.ec.europa.eu/documents/d/stecf/stecf_24-10_stock-assess-west-med,NA,Fmsy,ARA_1_2,0.29,2.320689655,NA,NA,178.8,227.8,Aristeus antennatus,Blue and red shrimp,NA,Bmsy,NA,2024,16_12_2024,Y,STECF
Western Med.,ARA,1_2,2012,34127,226.2,193.6,0.692,a4a,https://stecf.jrc.ec.europa.eu/documents/d/stecf/stecf_24-10_stock-assess-west-med,NA,Fmsy,ARA_1_2,0.29,2.386206897,NA,NA,193.6,226.2,Aristeus antennatus,Blue and red shrimp,NA,Bmsy,NA,2024,16_12_2024,Y,STECF
Western Med.,ARA,1_2,2013,35200,228.9,188.9,0.646,a4a,https://stecf.jrc.ec.europa.eu/documents/d/stecf/stecf_24-10_stock-assess-west-med,NA,Fmsy,ARA_1_2,0.29,2.227586207,NA,NA,188.9,228.9,Aristeus antennatus,Blue and red shrimp,NA,Bmsy,NA,2024,16_12_2024,Y,STECF
Western Med.,ARA,1_2,2014,33992,240.4,225,0.617,a4a,https://stecf.jrc.ec.europa.eu/documents/d/stecf/stecf_24-10_stock-assess-west-med,NA,Fmsy,ARA_1_2,0.29,2.127586207,NA,NA,225,240.4,Aristeus antennatus,Blue and red shrimp,NA,Bmsy,NA,2024,16_12_2024,Y,STECF
Western Med.,ARA,1_2,2015,30156,209.5,222.1,0.635,a4a,https://stecf.jrc.ec.europa.eu/documents/d/stecf/stecf_24-10_stock-assess-west-med,NA,Fmsy,ARA_1_2,0.29,2.189655172,NA,NA,222.1,209.5,Aristeus antennatus,Blue and red shrimp,NA,Bmsy,NA,2024,16_12_2024,Y,STECF
Western Med.,ARA,1_2,2016,26415,192,178.3,0.659,a4a,https://stecf.jrc.ec.europa.eu/documents/d/stecf/stecf_24-10_stock-assess-west-med,NA,Fmsy,ARA_1_2,0.29,2.272413793,NA,NA,178.3,192,Aristeus antennatus,Blue and red shrimp,NA,Bmsy,NA,2024,16_12_2024,Y,STECF
Western Med.,ARA,1_2,2017,31862,202,147.2,0.659,a4a,https://stecf.jrc.ec.europa.eu/documents/d/stecf/stecf_24-10_stock-assess-west-med,NA,Fmsy,ARA_1_2,0.29,2.272413793,NA,NA,147.2,202,Aristeus antennatus,Blue and red shrimp,NA,Bmsy,NA,2024,16_12_2024,Y,STECF
Western Med.,ARA,1_2,2018,33383,212.3,170.7,0.657,a4a,https://stecf.jrc.ec.europa.eu/documents/d/stecf/stecf_24-10_stock-assess-west-med,NA,Fmsy,ARA_1_2,0.29,2.265517241,NA,NA,170.7,212.3,Aristeus antennatus,Blue and red shrimp,NA,Bmsy,NA,2024,16_12_2024,Y,STECF
Western Med.,ARA,1_2,2019,25480,185.7,204.1,0.643,a4a,https://stecf.jrc.ec.europa.eu/documents/d/stecf/stecf_24-10_stock-assess-west-med,NA,Fmsy,ARA_1_2,0.29,2.217241379,NA,NA,204.1,185.7,Aristeus antennatus,Blue and red shrimp,NA,Bmsy,NA,2024,16_12_2024,Y,STECF
Western Med.,ARA,1_2,2020,25311,204.8,169.1,0.57,a4a,https://stecf.jrc.ec.europa.eu/documents/d/stecf/stecf_24-10_stock-assess-west-med,NA,Fmsy,ARA_1_2,0.29,1.965517241,NA,NA,169.1,204.8,Aristeus antennatus,Blue and red shrimp,NA,Bmsy,NA,2024,16_12_2024,Y,STECF
Western Med.,ARA,1_2,2021,30024,226,134.6,0.47,a4a,https://stecf.jrc.ec.europa.eu/documents/d/stecf/stecf_24-10_stock-assess-west-med,NA,Fmsy,ARA_1_2,0.29,1.620689655,NA,NA,134.6,226,Aristeus antennatus,Blue and red shrimp,NA,Bmsy,NA,2024,16_12_2024,Y,STECF
Western Med.,ARA,1_2,2022,39374,292.1,174.2,0.419,a4a,https://stecf.jrc.ec.europa.eu/documents/d/stecf/stecf_24-10_stock-assess-west-med,NA,Fmsy,ARA_1_2,0.29,1.444827586,NA,NA,174.2,292.1,Aristeus antennatus,Blue and red shrimp,NA,Bmsy,NA,2024,16_12_2024,Y,STECF
Western Med.,ARA,1_2,2023,41790,345,197.6,0.423,a4a,https://stecf.jrc.ec.europa.eu/documents/d/stecf/stecf_24-10_stock-assess-west-med,,Fmsy,ARA_1_2,0.29,1.45862069,NA,NA,197.6,345,Aristeus antennatus,Blue and red shrimp,NA,Bmsy,NA,2024,16_12_2024,Y,STECF
Western Med.,SBR,1_3,1984,6647.6,5984.6,181.57,0.033,SS3,https://www.fao.org/gfcm/data/star/en/,NA,Fb35,SBR_1_3,0.099,0.333333333,NA,625.225,181.57,5984.6,Pagellus bogaraveo,Blackspot(=red) seabream,2500.899,B35,2.392979485,2024,3_12_2024,Y,GFCM
Western Med.,SBR,1_3,1985,6621.2,5922.1,212.1,0.04,SS3,https://www.fao.org/gfcm/data/star/en/,NA,Fb35,SBR_1_3,0.099,0.404040404,NA,625.225,212.1,5922.1,Pagellus bogaraveo,Blackspot(=red) seabream,2500.899,B35,2.367988471,2024,3_12_2024,Y,GFCM
Western Med.,SBR,1_3,1986,6596.5,5827.4,241.25,0.047,SS3,https://www.fao.org/gfcm/data/star/en/,NA,Fb35,SBR_1_3,0.099,0.474747475,NA,625.225,241.25,5827.4,Pagellus bogaraveo,Blackspot(=red) seabream,2500.899,B35,2.330122088,2024,3_12_2024,Y,GFCM
Western Med.,SBR,1_3,1987,6577.4,5694.4,311.78,0.063,SS3,https://www.fao.org/gfcm/data/star/en/,NA,Fb35,SBR_1_3,0.099,0.636363636,NA,625.225,311.78,5694.4,Pagellus bogaraveo,Blackspot(=red) seabream,2500.899,B35,2.276941212,2024,3_12_2024,Y,GFCM
Western Med.,SBR,1_3,1988,6571.6,5487.5,334.85,0.071,SS3,https://www.fao.org/gfcm/data/star/en/,NA,Fb35,SBR_1_3,0.099,0.717171717,NA,625.225,334.85,5487.5,Pagellus bogaraveo,Blackspot(=red) seabream,2500.899,B35,2.194210962,2024,3_12_2024,Y,GFCM
Western Med.,SBR,1_3,1989,6604,5259.5,433.16,0.097,SS3,https://www.fao.org/gfcm/data/star/en/,NA,Fb35,SBR_1_3,0.099,0.97979798,NA,625.225,433.16,5259.5,Pagellus bogaraveo,Blackspot(=red) seabream,2500.899,B35,2.103043745,2024,3_12_2024,Y,GFCM
Western Med.,SBR,1_3,1990,6661.1,4946.8,445.15,0.107,SS3,https://www.fao.org/gfcm/data/star/en/,NA,Fb35,SBR_1_3,0.099,1.080808081,NA,625.225,445.15,4946.8,Pagellus bogaraveo,Blackspot(=red) seabream,2500.899,B35,1.978008708,2024,3_12_2024,Y,GFCM
Western Med.,SBR,1_3,1991,6613.3,4635,440.08,0.112,SS3,https://www.fao.org/gfcm/data/star/en/,NA,Fb35,SBR_1_3,0.099,1.131313131,NA,625.225,440.08,4635,Pagellus bogaraveo,Blackspot(=red) seabream,2500.899,B35,1.853333541,2024,3_12_2024,Y,GFCM
Western Med.,SBR,1_3,1992,6322.4,4346.6,649.35,0.182,SS3,https://www.fao.org/gfcm/data/star/en/,NA,Fb35,SBR_1_3,0.099,1.838383838,NA,625.225,649.35,4346.6,Pagellus bogaraveo,Blackspot(=red) seabream,2500.899,B35,1.73801501,2024,3_12_2024,Y,GFCM
Western Med.,SBR,1_3,1993,6023.6,3888.2,783.77,0.251,SS3,https://www.fao.org/gfcm/data/star/en/,NA,Fb35,SBR_1_3,0.099,2.535353535,NA,625.225,783.77,3888.2,Pagellus bogaraveo,Blackspot(=red) seabream,2500.899,B35,1.554720922,2024,3_12_2024,Y,GFCM
Western Med.,SBR,1_3,1994,6122.1,3331.1,873.59,0.335,SS3,https://www.fao.org/gfcm/data/star/en/,NA,Fb35,SBR_1_3,0.099,3.383838384,NA,625.225,873.59,3331.1,Pagellus bogaraveo,Blackspot(=red) seabream,2500.899,B35,1.331961027,2024,3_12_2024,Y,GFCM
Western Med.,SBR,1_3,1995,6471.8,2721.5,643.32,0.29,SS3,https://www.fao.org/gfcm/data/star/en/,NA,Fb35,SBR_1_3,0.099,2.929292929,NA,625.225,643.32,2721.5,Pagellus bogaraveo,Blackspot(=red) seabream,2500.899,B35,1.08820868,2024,3_12_2024,Y,GFCM
Western Med.,SBR,1_3,1996,6220.8,2341.3,788.91,0.421,SS3,https://www.fao.org/gfcm/data/star/en/,NA,Fb35,SBR_1_3,0.099,4.252525253,NA,625.225,788.91,2341.3,Pagellus bogaraveo,Blackspot(=red) seabream,2500.899,B35,0.936183348,2024,3_12_2024,Y,GFCM
Western Med.,SBR,1_3,1997,5267.4,1866.1,827.24,0.562,SS3,https://www.fao.org/gfcm/data/star/en/,NA,Fb35,SBR_1_3,0.099,5.676767677,NA,625.225,827.24,1866.1,Pagellus bogaraveo,Blackspot(=red) seabream,2500.899,B35,0.746171677,2024,3_12_2024,Y,GFCM
Western Med.,SBR,1_3,1998,4418.9,1394.2,551.29,0.436,SS3,https://www.fao.org/gfcm/data/star/en/,NA,Fb35,SBR_1_3,0.099,4.404040404,NA,625.225,551.29,1394.2,Pagellus bogaraveo,Blackspot(=red) seabream,2500.899,B35,0.55747953,2024,3_12_2024,Y,GFCM
Western Med.,SBR,1_3,1999,3662.7,1194.5,298.51,0.224,SS3,https://www.fao.org/gfcm/data/star/en/,NA,Fb35,SBR_1_3,0.099,2.262626263,NA,625.225,298.51,1194.5,Pagellus bogaraveo,Blackspot(=red) seabream,2500.899,B35,0.477628245,2024,3_12_2024,Y,GFCM
Western Med.,SBR,1_3,2000,4182.1,1228.4,322.33,0.22,SS3,https://www.fao.org/gfcm/data/star/en/,NA,Fb35,SBR_1_3,0.099,2.222222222,NA,625.225,322.33,1228.4,Pagellus bogaraveo,Blackspot(=red) seabream,2500.899,B35,0.49118337,2024,3_12_2024,Y,GFCM
Western Med.,SBR,1_3,2001,5940.6,1250.3,252.74,0.163,SS3,https://www.fao.org/gfcm/data/star/en/,NA,Fb35,SBR_1_3,0.099,1.646464646,NA,625.225,252.74,1250.3,Pagellus bogaraveo,Blackspot(=red) seabream,2500.899,B35,0.499940221,2024,3_12_2024,Y,GFCM
Western Med.,SBR,1_3,2002,5460.8,1294.8,224.69,0.137,SS3,https://www.fao.org/gfcm/data/star/en/,NA,Fb35,SBR_1_3,0.099,1.383838384,NA,625.225,224.69,1294.8,Pagellus bogaraveo,Blackspot(=red) seabream,2500.899,B35,0.517733823,2024,3_12_2024,Y,GFCM
Western Med.,SBR,1_3,2003,5349.7,1331.1,297.12,0.18,SS3,https://www.fao.org/gfcm/data/star/en/,NA,Fb35,SBR_1_3,0.099,1.818181818,NA,625.225,297.12,1331.1,Pagellus bogaraveo,Blackspot(=red) seabream,2500.899,B35,0.532248603,2024,3_12_2024,Y,GFCM
Western Med.,SBR,1_3,2004,4877.5,1315,308.66,0.178,SS3,https://www.fao.org/gfcm/data/star/en/,NA,Fb35,SBR_1_3,0.099,1.797979798,NA,625.225,308.66,1315,Pagellus bogaraveo,Blackspot(=red) seabream,2500.899,B35,0.525810918,2024,3_12_2024,Y,GFCM
Western Med.,SBR,1_3,2005,4460.9,1341,445.49,0.255,SS3,https://www.fao.org/gfcm/data/star/en/,NA,Fb35,SBR_1_3,0.099,2.575757576,NA,625.225,445.49,1341,Pagellus bogaraveo,Blackspot(=red) seabream,2500.899,B35,0.53620718,2024,3_12_2024,Y,GFCM
Western Med.,SBR,1_3,2006,4835.9,1279.2,446.53,0.266,SS3,https://www.fao.org/gfcm/data/star/en/,NA,Fb35,SBR_1_3,0.099,2.686868687,NA,625.225,446.53,1279.2,Pagellus bogaraveo,Blackspot(=red) seabream,2500.899,B35,0.511496066,2024,3_12_2024,Y,GFCM
Western Med.,SBR,1_3,2007,4049.7,1205.5,474.97,0.304,SS3,https://www.fao.org/gfcm/data/star/en/,NA,Fb35,SBR_1_3,0.099,3.070707071,NA,625.225,474.97,1205.5,Pagellus bogaraveo,Blackspot(=red) seabream,2500.899,B35,0.482026663,2024,3_12_2024,Y,GFCM
Western Med.,SBR,1_3,2008,3500.9,1089.9,504.58,0.37,SS3,https://www.fao.org/gfcm/data/star/en/,NA,Fb35,SBR_1_3,0.099,3.737373737,NA,625.225,504.58,1089.9,Pagellus bogaraveo,Blackspot(=red) seabream,2500.899,B35,0.435803285,2024,3_12_2024,Y,GFCM
Western Med.,SBR,1_3,2009,3137.6,928.3,665.21,0.625,SS3,https://www.fao.org/gfcm/data/star/en/,NA,Fb35,SBR_1_3,0.099,6.313131313,NA,625.225,665.21,928.3,Pagellus bogaraveo,Blackspot(=red) seabream,2500.899,B35,0.371186521,2024,3_12_2024,Y,GFCM
Western Med.,SBR,1_3,2010,3307.4,639,503.91,0.638,SS3,https://www.fao.org/gfcm/data/star/en/,NA,Fb35,SBR_1_3,0.099,6.444444444,NA,625.225,503.91,639,Pagellus bogaraveo,Blackspot(=red) seabream,2500.899,B35,0.255508119,2024,3_12_2024,Y,GFCM
Western Med.,SBR,1_3,2011,3299.9,461,399.16,0.655,SS3,https://www.fao.org/gfcm/data/star/en/,NA,Fb35,SBR_1_3,0.099,6.616161616,NA,625.225,399.16,461,Pagellus bogaraveo,Blackspot(=red) seabream,2500.899,B35,0.184333714,2024,3_12_2024,Y,GFCM
Western Med.,SBR,1_3,2012,2640.3,348.1,261.38,0.509,SS3,https://www.fao.org/gfcm/data/star/en/,NA,Fb35,SBR_1_3,0.099,5.141414141,NA,625.225,261.38,348.1,Pagellus bogaraveo,Blackspot(=red) seabream,2500.899,B35,0.139189947,2024,3_12_2024,Y,GFCM
Western Med.,SBR,1_3,2013,2288.6,326.5,202.51,0.381,SS3,https://www.fao.org/gfcm/data/star/en/,NA,Fb35,SBR_1_3,0.099,3.848484848,NA,625.225,202.51,326.5,Pagellus bogaraveo,Blackspot(=red) seabream,2500.899,B35,0.130553053,2024,3_12_2024,Y,GFCM
Western Med.,SBR,1_3,2014,1620.9,362.9,220.02,0.377,SS3,https://www.fao.org/gfcm/data/star/en/,NA,Fb35,SBR_1_3,0.099,3.808080808,NA,625.225,220.02,362.9,Pagellus bogaraveo,Blackspot(=red) seabream,2500.899,B35,0.145107819,2024,3_12_2024,Y,GFCM
Western Med.,SBR,1_3,2015,1896.2,392.9,308.86,0.511,SS3,https://www.fao.org/gfcm/data/star/en/,NA,Fb35,SBR_1_3,0.099,5.161616162,NA,625.225,308.86,392.9,Pagellus bogaraveo,Blackspot(=red) seabream,2500.899,B35,0.157103506,2024,3_12_2024,Y,GFCM
Western Med.,SBR,1_3,2016,1813.3,337.1,271.64,0.554,SS3,https://www.fao.org/gfcm/data/star/en/,NA,Fb35,SBR_1_3,0.099,5.595959596,NA,625.225,271.64,337.1,Pagellus bogaraveo,Blackspot(=red) seabream,2500.899,B35,0.134791529,2024,3_12_2024,Y,GFCM
Western Med.,SBR,1_3,2017,1594.8,266.1,257.93,0.685,SS3,https://www.fao.org/gfcm/data/star/en/,NA,Fb35,SBR_1_3,0.099,6.919191919,NA,625.225,257.93,266.1,Pagellus bogaraveo,Blackspot(=red) seabream,2500.899,B35,0.106401738,2024,3_12_2024,Y,GFCM
Western Med.,SBR,1_3,2018,867.6,182,91.09,0.26,SS3,https://www.fao.org/gfcm/data/star/en/,NA,Fb35,SBR_1_3,0.099,2.626262626,NA,625.225,91.09,182,Pagellus bogaraveo,Blackspot(=red) seabream,2500.899,B35,0.072773831,2024,3_12_2024,Y,GFCM
Western Med.,SBR,1_3,2019,1330.1,210.3,138.11,0.371,SS3,https://www.fao.org/gfcm/data/star/en/,NA,Fb35,SBR_1_3,0.099,3.747474747,NA,625.225,138.11,210.3,Pagellus bogaraveo,Blackspot(=red) seabream,2500.899,B35,0.084089761,2024,3_12_2024,Y,GFCM
Western Med.,SBR,1_3,2020,1847.4,210.7,105.25,0.295,SS3,https://www.fao.org/gfcm/data/star/en/,NA,Fb35,SBR_1_3,0.099,2.97979798,NA,625.225,105.25,210.7,Pagellus bogaraveo,Blackspot(=red) seabream,2500.899,B35,0.084249704,2024,3_12_2024,Y,GFCM
Western Med.,SBR,1_3,2021,1448.3,216.5,128.69,0.401,SS3,https://www.fao.org/gfcm/data/star/en/,NA,Fb35,SBR_1_3,0.099,4.050505051,NA,625.225,128.69,216.5,Pagellus bogaraveo,Blackspot(=red) seabream,2500.899,B35,0.08656887,2024,3_12_2024,Y,GFCM
Western Med.,SBR,1_3,2022,1338.6,184.5,84.1,0.268,SS3,https://www.fao.org/gfcm/data/star/en/,NA,Fb35,SBR_1_3,0.099,2.707070707,NA,625.225,84.1,184.5,Pagellus bogaraveo,Blackspot(=red) seabream,2500.899,B35,0.073773471,2024,3_12_2024,Y,GFCM
Western Med.,SBR,1_3,2023,1447.1,190.6,72.47,0.202,SS3,https://www.fao.org/gfcm/data/star/en/,NA,Fb35,SBR_1_3,0.099,2.04040404,NA,625.225,72.47,190.6,Pagellus bogaraveo,Blackspot(=red) seabream,2500.899,B35,0.076212594,2024,3_12_2024,Y,GFCM
Western Med.,HKE,1_5_6_7,2007,365569,3679,4696,1.281,a4a,https://stecf.jrc.ec.europa.eu/documents/d/stecf/stecf_24-10_stock-assess-west-med,NA,Fmsy,HKE_1_5_6_7,0.57,2.247368421,NA,3970,4696,3679,Merluccius merluccius,European hake,35754,Bmsy,0.102897578,2024,16_12_2025,Y,STECF
Western Med.,HKE,1_5_6_7,2008,473501,4088,6081,1.545,a4a,https://stecf.jrc.ec.europa.eu/documents/d/stecf/stecf_24-10_stock-assess-west-med,NA,Fmsy,HKE_1_5_6_7,0.57,2.710526316,NA,3970,6081,4088,Merluccius merluccius,European hake,35754,Bmsy,0.114336857,2024,16_12_2025,Y,STECF
Western Med.,HKE,1_5_6_7,2009,344251,4594,7363,1.729,a4a,https://stecf.jrc.ec.europa.eu/documents/d/stecf/stecf_24-10_stock-assess-west-med,NA,Fmsy,HKE_1_5_6_7,0.57,3.033333333,NA,3970,7363,4594,Merluccius merluccius,European hake,35754,Bmsy,0.12848912,2024,16_12_2025,Y,STECF
Western Med.,HKE,1_5_6_7,2010,255953,4099,5741,1.767,a4a,https://stecf.jrc.ec.europa.eu/documents/d/stecf/stecf_24-10_stock-assess-west-med,NA,Fmsy,HKE_1_5_6_7,0.57,3.1,NA,3970,5741,4099,Merluccius merluccius,European hake,35754,Bmsy,0.114644515,2024,16_12_2025,Y,STECF
Western Med.,HKE,1_5_6_7,2011,262498,3219,5465,1.739,a4a,https://stecf.jrc.ec.europa.eu/documents/d/stecf/stecf_24-10_stock-assess-west-med,NA,Fmsy,HKE_1_5_6_7,0.57,3.050877193,NA,3970,5465,3219,Merluccius merluccius,European hake,35754,Bmsy,0.090031885,2024,16_12_2025,Y,STECF
Western Med.,HKE,1_5_6_7,2012,288032,2865,4384,1.748,a4a,https://stecf.jrc.ec.europa.eu/documents/d/stecf/stecf_24-10_stock-assess-west-med,NA,Fmsy,HKE_1_5_6_7,0.57,3.066666667,NA,3970,4384,2865,Merluccius merluccius,European hake,35754,Bmsy,0.080130894,2024,16_12_2025,Y,STECF
Western Med.,HKE,1_5_6_7,2013,205458,2980,5184,1.798,a4a,https://stecf.jrc.ec.europa.eu/documents/d/stecf/stecf_24-10_stock-assess-west-med,NA,Fmsy,HKE_1_5_6_7,0.57,3.154385965,NA,3970,5184,2980,Merluccius merluccius,European hake,35754,Bmsy,0.083347318,2024,16_12_2025,Y,STECF
Western Med.,HKE,1_5_6_7,2014,168123,2855,4743,1.821,a4a,https://stecf.jrc.ec.europa.eu/documents/d/stecf/stecf_24-10_stock-assess-west-med,NA,Fmsy,HKE_1_5_6_7,0.57,3.194736842,NA,3970,4743,2855,Merluccius merluccius,European hake,35754,Bmsy,0.079851205,2024,16_12_2025,Y,STECF
Western Med.,HKE,1_5_6_7,2015,185218,2174,3114,1.782,a4a,https://stecf.jrc.ec.europa.eu/documents/d/stecf/stecf_24-10_stock-assess-west-med,NA,Fmsy,HKE_1_5_6_7,0.57,3.126315789,NA,3970,3114,2174,Merluccius merluccius,European hake,35754,Bmsy,0.060804386,2024,16_12_2025,Y,STECF
Western Med.,HKE,1_5_6_7,2016,181736,1853,3059,1.738,a4a,https://stecf.jrc.ec.europa.eu/documents/d/stecf/stecf_24-10_stock-assess-west-med,NA,Fmsy,HKE_1_5_6_7,0.57,3.049122807,NA,3970,3059,1853,Merluccius merluccius,European hake,35754,Bmsy,0.051826369,2024,16_12_2025,Y,STECF
Western Med.,HKE,1_5_6_7,2017,205317,1937,2935,1.746,a4a,https://stecf.jrc.ec.europa.eu/documents/d/stecf/stecf_24-10_stock-assess-west-med,NA,Fmsy,HKE_1_5_6_7,0.57,3.063157895,NA,3970,2935,1937,Merluccius merluccius,European hake,35754,Bmsy,0.054175757,2024,16_12_2025,Y,STECF
Western Med.,HKE,1_5_6_7,2018,164452,2013,3814,1.787,a4a,https://stecf.jrc.ec.europa.eu/documents/d/stecf/stecf_24-10_stock-assess-west-med,NA,Fmsy,HKE_1_5_6_7,0.57,3.135087719,NA,3970,3814,2013,Merluccius merluccius,European hake,35754,Bmsy,0.056301393,2024,16_12_2025,Y,STECF
Western Med.,HKE,1_5_6_7,2019,104444,2039,3162,1.784,a4a,https://stecf.jrc.ec.europa.eu/documents/d/stecf/stecf_24-10_stock-assess-west-med,NA,Fmsy,HKE_1_5_6_7,0.57,3.129824561,NA,3970,3162,2039,Merluccius merluccius,European hake,35754,Bmsy,0.057028584,2024,16_12_2025,Y,STECF
Western Med.,HKE,1_5_6_7,2020,138655,1639,1897,1.707,a4a,https://stecf.jrc.ec.europa.eu/documents/d/stecf/stecf_24-10_stock-assess-west-med,NA,Fmsy,HKE_1_5_6_7,0.57,2.994736842,NA,3970,1897,1639,Merluccius merluccius,European hake,35754,Bmsy,0.045841025,2024,16_12_2025,Y,STECF
Western Med.,HKE,1_5_6_7,2021,167542,1412,2486,1.628,a4a,https://stecf.jrc.ec.europa.eu/documents/d/stecf/stecf_24-10_stock-assess-west-med,NA,Fmsy,HKE_1_5_6_7,0.57,2.856140351,NA,3970,2486,1412,Merluccius merluccius,European hake,35754,Bmsy,0.039492085,2024,16_12_2025,Y,STECF
Western Med.,HKE,1_5_6_7,2022,119518,1740,2689,1.62,a4a,https://stecf.jrc.ec.europa.eu/documents/d/stecf/stecf_24-10_stock-assess-west-med,NA,Fmsy,HKE_1_5_6_7,0.57,2.842105263,NA,3970,2689,1740,Merluccius merluccius,European hake,35754,Bmsy,0.048665884,2024,16_12_2025,Y,STECF
Western Med.,HKE,1_5_6_7,2023,88820,1834,2178,1.684,a4a,https://stecf.jrc.ec.europa.eu/documents/d/stecf/stecf_24-10_stock-assess-west-med,NA,Fmsy,HKE_1_5_6_7,0.57,2.954385965,NA,3970,2178,1834,Merluccius merluccius,European hake,35754,Bmsy,0.05129496,2024,16_12_2025,Y,STECF
Western Med.,ANE,6,1945,NA,NA,2785.21,0.02,spict,https://www.fao.org/gfcm/data/star/en/,NA,Fmsy,ANE_6,0.24,0.083333333,NA,20841.19,2785.21,107219.83,Engraulis encrasicolus,European anchovy,69470.62,Bmsy,1.543383807,2023,03_12_2024,Y,GFCM
Western Med.,ANE,6,1946,NA,NA,2318.94,0.02,spict,https://www.fao.org/gfcm/data/star/en/,NA,Fmsy,ANE_6,0.24,0.083333333,NA,20841.19,2318.94,116045.3,Engraulis encrasicolus,European anchovy,69470.62,Bmsy,1.670422691,2023,03_12_2024,Y,GFCM
Western Med.,ANE,6,1947,NA,NA,5117.27,0.04,spict,https://www.fao.org/gfcm/data/star/en/,NA,Fmsy,ANE_6,0.24,0.166666667,NA,20841.19,5117.27,125197.13,Engraulis encrasicolus,European anchovy,69470.62,Bmsy,1.802159388,2023,03_12_2024,Y,GFCM
Western Med.,ANE,6,1948,NA,NA,2739.23,0.02,spict,https://www.fao.org/gfcm/data/star/en/,NA,Fmsy,ANE_6,0.24,0.083333333,NA,20841.19,2739.23,120757.01,Engraulis encrasicolus,European anchovy,69470.62,Bmsy,1.738245751,2023,03_12_2024,Y,GFCM
Western Med.,ANE,6,1949,NA,NA,3286.79,0.03,spict,https://www.fao.org/gfcm/data/star/en/,NA,Fmsy,ANE_6,0.24,0.125,NA,20841.19,3286.79,129150.04,Engraulis encrasicolus,European anchovy,69470.62,Bmsy,1.859059844,2023,03_12_2024,Y,GFCM
Western Med.,ANE,6,1950,NA,NA,5508.55,0.04,spict,https://www.fao.org/gfcm/data/star/en/,NA,Fmsy,ANE_6,0.24,0.166666667,NA,20841.19,5508.55,132819.32,Engraulis encrasicolus,European anchovy,69470.62,Bmsy,1.911877568,2023,03_12_2024,Y,GFCM
Western Med.,ANE,6,1951,NA,NA,4395.7,0.03,spict,https://www.fao.org/gfcm/data/star/en/,NA,Fmsy,ANE_6,0.24,0.125,NA,20841.19,4395.7,130420.78,Engraulis encrasicolus,European anchovy,69470.62,Bmsy,1.877351606,2023,03_12_2024,Y,GFCM
Western Med.,ANE,6,1952,NA,NA,3908.85,0.02,spict,https://www.fao.org/gfcm/data/star/en/,NA,Fmsy,ANE_6,0.24,0.083333333,NA,20841.19,3908.85,128061.22,Engraulis encrasicolus,European anchovy,69470.62,Bmsy,1.843386744,2023,03_12_2024,Y,GFCM
Western Med.,ANE,6,1953,NA,NA,2105.46,0.02,spict,https://www.fao.org/gfcm/data/star/en/,NA,Fmsy,ANE_6,0.24,0.083333333,NA,20841.19,2105.46,125976.4,Engraulis encrasicolus,European anchovy,69470.62,Bmsy,1.813376648,2023,03_12_2024,Y,GFCM
Western Med.,ANE,6,1954,NA,NA,3090.26,0.03,spict,https://www.fao.org/gfcm/data/star/en/,NA,Fmsy,ANE_6,0.24,0.125,NA,20841.19,3090.26,133436.71,Engraulis encrasicolus,European anchovy,69470.62,Bmsy,1.920764634,2023,03_12_2024,Y,GFCM
Western Med.,ANE,6,1955,NA,NA,3888.27,0.03,spict,https://www.fao.org/gfcm/data/star/en/,NA,Fmsy,ANE_6,0.24,0.125,NA,20841.19,3888.27,135138.29,Engraulis encrasicolus,European anchovy,69470.62,Bmsy,1.945258154,2023,03_12_2024,Y,GFCM
Western Med.,ANE,6,1956,NA,NA,3554.38,0.02,spict,https://www.fao.org/gfcm/data/star/en/,NA,Fmsy,ANE_6,0.24,0.083333333,NA,20841.19,3554.38,130081.59,Engraulis encrasicolus,European anchovy,69470.62,Bmsy,1.87246911,2023,03_12_2024,Y,GFCM
Western Med.,ANE,6,1957,NA,NA,1800.15,0.02,spict,https://www.fao.org/gfcm/data/star/en/,NA,Fmsy,ANE_6,0.24,0.083333333,NA,20841.19,1800.15,127929.48,Engraulis encrasicolus,European anchovy,69470.62,Bmsy,1.841490403,2023,03_12_2024,Y,GFCM
Western Med.,ANE,6,1958,NA,NA,3121.71,0.02,spict,https://www.fao.org/gfcm/data/star/en/,NA,Fmsy,ANE_6,0.24,0.083333333,NA,20841.19,3121.71,134474.96,Engraulis encrasicolus,European anchovy,69470.62,Bmsy,1.935709801,2023,03_12_2024,Y,GFCM
Western Med.,ANE,6,1959,NA,NA,2625,0.02,spict,https://www.fao.org/gfcm/data/star/en/,NA,Fmsy,ANE_6,0.24,0.083333333,NA,20841.19,2625,132398.98,Engraulis encrasicolus,European anchovy,69470.62,Bmsy,1.905826952,2023,03_12_2024,Y,GFCM
Western Med.,ANE,6,1960,NA,NA,3416.61,0.02,spict,https://www.fao.org/gfcm/data/star/en/,NA,Fmsy,ANE_6,0.24,0.083333333,NA,20841.19,3416.61,132901.49,Engraulis encrasicolus,European anchovy,69470.62,Bmsy,1.91306037,2023,03_12_2024,Y,GFCM
Western Med.,ANE,6,1961,NA,NA,2192.83,0.02,spict,https://www.fao.org/gfcm/data/star/en/,NA,Fmsy,ANE_6,0.24,0.083333333,NA,20841.19,2192.83,129418.8,Engraulis encrasicolus,European anchovy,69470.62,Bmsy,1.86292853,2023,03_12_2024,Y,GFCM
Western Med.,ANE,6,1962,NA,NA,3543.77,0.03,spict,https://www.fao.org/gfcm/data/star/en/,NA,Fmsy,ANE_6,0.24,0.125,NA,20841.19,3543.77,135171.94,Engraulis encrasicolus,European anchovy,69470.62,Bmsy,1.945742531,2023,03_12_2024,Y,GFCM
Western Med.,ANE,6,1963,NA,NA,3582.57,0.03,spict,https://www.fao.org/gfcm/data/star/en/,NA,Fmsy,ANE_6,0.24,0.125,NA,20841.19,3582.57,131394.87,Engraulis encrasicolus,European anchovy,69470.62,Bmsy,1.891373216,2023,03_12_2024,Y,GFCM
Western Med.,ANE,6,1964,NA,NA,3092.63,0.02,spict,https://www.fao.org/gfcm/data/star/en/,NA,Fmsy,ANE_6,0.24,0.083333333,NA,20841.19,3092.63,129581.41,Engraulis encrasicolus,European anchovy,69470.62,Bmsy,1.865269232,2023,03_12_2024,Y,GFCM
Western Med.,ANE,6,1965,NA,NA,3301.91,0.03,spict,https://www.fao.org/gfcm/data/star/en/,NA,Fmsy,ANE_6,0.24,0.125,NA,20841.19,3301.91,128670.79,Engraulis encrasicolus,European anchovy,69470.62,Bmsy,1.852161245,2023,03_12_2024,Y,GFCM
Western Med.,ANE,6,1966,NA,NA,3379.75,0.03,spict,https://www.fao.org/gfcm/data/star/en/,NA,Fmsy,ANE_6,0.24,0.125,NA,20841.19,3379.75,128098.35,Engraulis encrasicolus,European anchovy,69470.62,Bmsy,1.843921214,2023,03_12_2024,Y,GFCM
Western Med.,ANE,6,1967,NA,NA,5977.58,0.06,spict,https://www.fao.org/gfcm/data/star/en/,NA,Fmsy,ANE_6,0.24,0.25,NA,20841.19,5977.58,132766.55,Engraulis encrasicolus,European anchovy,69470.62,Bmsy,1.911117966,2023,03_12_2024,Y,GFCM
Western Med.,ANE,6,1968,NA,NA,11104.67,0.09,spict,https://www.fao.org/gfcm/data/star/en/,NA,Fmsy,ANE_6,0.24,0.375,NA,20841.19,11104.67,129802.34,Engraulis encrasicolus,European anchovy,69470.62,Bmsy,1.868449425,2023,03_12_2024,Y,GFCM
Western Med.,ANE,6,1969,NA,NA,9799.84,0.08,spict,https://www.fao.org/gfcm/data/star/en/,NA,Fmsy,ANE_6,0.24,0.333333333,NA,20841.19,9799.84,123188.01,Engraulis encrasicolus,European anchovy,69470.62,Bmsy,1.773238961,2023,03_12_2024,Y,GFCM
Western Med.,ANE,6,1970,NA,NA,11804.1,0.09,spict,https://www.fao.org/gfcm/data/star/en/,NA,Fmsy,ANE_6,0.24,0.375,NA,20841.19,11804.1,118961.22,Engraulis encrasicolus,European anchovy,69470.62,Bmsy,1.712396118,2023,03_12_2024,Y,GFCM
Western Med.,ANE,6,1971,NA,NA,8335.91,0.07,spict,https://www.fao.org/gfcm/data/star/en/,NA,Fmsy,ANE_6,0.24,0.291666667,NA,20841.19,8335.91,113413.91,Engraulis encrasicolus,European anchovy,69470.62,Bmsy,1.632544952,2023,03_12_2024,Y,GFCM
Western Med.,ANE,6,1972,NA,NA,9107.49,0.09,spict,https://www.fao.org/gfcm/data/star/en/,NA,Fmsy,ANE_6,0.24,0.375,NA,20841.19,9107.49,114336.98,Engraulis encrasicolus,European anchovy,69470.62,Bmsy,1.645832152,2023,03_12_2024,Y,GFCM
Western Med.,ANE,6,1973,NA,NA,11955.48,0.11,spict,https://www.fao.org/gfcm/data/star/en/,NA,Fmsy,ANE_6,0.24,0.458333333,NA,20841.19,11955.48,111872.69,Engraulis encrasicolus,European anchovy,69470.62,Bmsy,1.610359746,2023,03_12_2024,Y,GFCM
Western Med.,ANE,6,1974,NA,NA,12609.72,0.13,spict,https://www.fao.org/gfcm/data/star/en/,NA,Fmsy,ANE_6,0.24,0.541666667,NA,20841.19,12609.72,108495.58,Engraulis encrasicolus,European anchovy,69470.62,Bmsy,1.561747686,2023,03_12_2024,Y,GFCM
Western Med.,ANE,6,1975,NA,NA,19308.43,0.21,spict,https://www.fao.org/gfcm/data/star/en/,NA,Fmsy,ANE_6,0.24,0.875,NA,20841.19,19308.43,103917.78,Engraulis encrasicolus,European anchovy,69470.62,Bmsy,1.495852203,2023,03_12_2024,Y,GFCM
Western Med.,ANE,6,1976,NA,NA,20832.51,0.21,spict,https://www.fao.org/gfcm/data/star/en/,NA,Fmsy,ANE_6,0.24,0.875,NA,20841.19,20832.51,92775.59,Engraulis encrasicolus,European anchovy,69470.62,Bmsy,1.335465122,2023,03_12_2024,Y,GFCM
Western Med.,ANE,6,1977,NA,NA,17510.19,0.2,spict,https://www.fao.org/gfcm/data/star/en/,NA,Fmsy,ANE_6,0.24,0.833333333,NA,20841.19,17510.19,85879.63,Engraulis encrasicolus,European anchovy,69470.62,Bmsy,1.236200713,2023,03_12_2024,Y,GFCM
Western Med.,ANE,6,1978,NA,NA,19754.17,0.27,spict,https://www.fao.org/gfcm/data/star/en/,NA,Fmsy,ANE_6,0.24,1.125,NA,20841.19,19754.17,81487.68,Engraulis encrasicolus,European anchovy,69470.62,Bmsy,1.172980463,2023,03_12_2024,Y,GFCM
Western Med.,ANE,6,1979,NA,NA,24101.4,0.33,spict,https://www.fao.org/gfcm/data/star/en/,NA,Fmsy,ANE_6,0.24,1.375,NA,20841.19,24101.4,72540.5,Engraulis encrasicolus,European anchovy,69470.62,Bmsy,1.044189616,2023,03_12_2024,Y,GFCM
Western Med.,ANE,6,1980,NA,NA,21010.63,0.31,spict,https://www.fao.org/gfcm/data/star/en/,NA,Fmsy,ANE_6,0.24,1.291666667,NA,20841.19,21010.63,63962.58,Engraulis encrasicolus,European anchovy,69470.62,Bmsy,0.920714109,2023,03_12_2024,Y,GFCM
Western Med.,ANE,6,1981,NA,NA,20265.65,0.36,spict,https://www.fao.org/gfcm/data/star/en/,NA,Fmsy,ANE_6,0.24,1.5,NA,20841.19,20265.65,59065.16,Engraulis encrasicolus,European anchovy,69470.62,Bmsy,0.850217833,2023,03_12_2024,Y,GFCM
Western Med.,ANE,6,1982,NA,NA,22561.31,0.4,spict,https://www.fao.org/gfcm/data/star/en/,NA,Fmsy,ANE_6,0.24,1.666666667,NA,20841.19,22561.31,50801,Engraulis encrasicolus,European anchovy,69470.62,Bmsy,0.731258768,2023,03_12_2024,Y,GFCM
Western Med.,ANE,6,1983,NA,NA,14504.13,0.27,spict,https://www.fao.org/gfcm/data/star/en/,NA,Fmsy,ANE_6,0.24,1.125,NA,20841.19,14504.13,46617.3,Engraulis encrasicolus,European anchovy,69470.62,Bmsy,0.671036188,2023,03_12_2024,Y,GFCM
Western Med.,ANE,6,1984,NA,NA,10883.97,0.19,spict,https://www.fao.org/gfcm/data/star/en/,NA,Fmsy,ANE_6,0.24,0.791666667,NA,20841.19,10883.97,47227.35,Engraulis encrasicolus,European anchovy,69470.62,Bmsy,0.679817598,2023,03_12_2024,Y,GFCM
Western Med.,ANE,6,1985,NA,NA,7853.23,0.16,spict,https://www.fao.org/gfcm/data/star/en/,NA,Fmsy,ANE_6,0.24,0.666666667,NA,20841.19,7853.23,52923.76,Engraulis encrasicolus,European anchovy,69470.62,Bmsy,0.761814995,2023,03_12_2024,Y,GFCM
Western Med.,ANE,6,1986,NA,NA,13270.68,0.24,spict,https://www.fao.org/gfcm/data/star/en/,NA,Fmsy,ANE_6,0.24,1,NA,20841.19,13270.68,58194.69,Engraulis encrasicolus,European anchovy,69470.62,Bmsy,0.837687788,2023,03_12_2024,Y,GFCM
Western Med.,ANE,6,1987,NA,NA,12801,0.23,spict,https://www.fao.org/gfcm/data/star/en/,NA,Fmsy,ANE_6,0.24,0.958333333,NA,20841.19,12801,60249.31,Engraulis encrasicolus,European anchovy,69470.62,Bmsy,0.867263168,2023,03_12_2024,Y,GFCM
Western Med.,ANE,6,1988,NA,NA,18626.71,0.32,spict,https://www.fao.org/gfcm/data/star/en/,NA,Fmsy,ANE_6,0.24,1.333333333,NA,20841.19,18626.71,60491.27,Engraulis encrasicolus,European anchovy,69470.62,Bmsy,0.870746079,2023,03_12_2024,Y,GFCM
Western Med.,ANE,6,1989,NA,NA,17114.91,0.29,spict,https://www.fao.org/gfcm/data/star/en/,NA,Fmsy,ANE_6,0.24,1.208333333,NA,20841.19,17114.91,57267.47,Engraulis encrasicolus,European anchovy,69470.62,Bmsy,0.824340851,2023,03_12_2024,Y,GFCM
Western Med.,ANE,6,1990,NA,NA,17274.22,0.33,spict,https://www.fao.org/gfcm/data/star/en/,NA,Fmsy,ANE_6,0.24,1.375,NA,20841.19,17274.22,56544.96,Engraulis encrasicolus,European anchovy,69470.62,Bmsy,0.813940627,2023,03_12_2024,Y,GFCM
Western Med.,ANE,6,1991,NA,NA,21157.76,0.41,spict,https://www.fao.org/gfcm/data/star/en/,NA,Fmsy,ANE_6,0.24,1.708333333,NA,20841.19,21157.76,52548.98,Engraulis encrasicolus,European anchovy,69470.62,Bmsy,0.756420196,2023,03_12_2024,Y,GFCM
Western Med.,ANE,6,1992,NA,NA,19783.45,0.4,spict,https://www.fao.org/gfcm/data/star/en/,NA,Fmsy,ANE_6,0.24,1.666666667,NA,20841.19,19783.45,46544.56,Engraulis encrasicolus,European anchovy,69470.62,Bmsy,0.669989126,2023,03_12_2024,Y,GFCM
Western Med.,ANE,6,1993,NA,NA,18159.95,0.45,spict,https://www.fao.org/gfcm/data/star/en/,NA,Fmsy,ANE_6,0.24,1.875,NA,20841.19,18159.95,43195.25,Engraulis encrasicolus,European anchovy,69470.62,Bmsy,0.621777235,2023,03_12_2024,Y,GFCM
Western Med.,ANE,6,1994,NA,NA,22633.58,0.61,spict,https://www.fao.org/gfcm/data/star/en/,NA,Fmsy,ANE_6,0.24,2.541666667,NA,20841.19,22633.58,35665.09,Engraulis encrasicolus,European anchovy,69470.62,Bmsy,0.513383787,2023,03_12_2024,Y,GFCM
Western Med.,ANE,6,1995,NA,NA,16751.47,0.52,spict,https://www.fao.org/gfcm/data/star/en/,NA,Fmsy,ANE_6,0.24,2.166666667,NA,20841.19,16751.47,28402.34,Engraulis encrasicolus,European anchovy,69470.62,Bmsy,0.408839593,2023,03_12_2024,Y,GFCM
Western Med.,ANE,6,1996,NA,NA,13449.43,0.52,spict,https://www.fao.org/gfcm/data/star/en/,NA,Fmsy,ANE_6,0.24,2.166666667,NA,20841.19,13449.43,24725.11,Engraulis encrasicolus,European anchovy,69470.62,Bmsy,0.355907433,2023,03_12_2024,Y,GFCM
Western Med.,ANE,6,1997,NA,NA,12415.07,0.52,spict,https://www.fao.org/gfcm/data/star/en/,NA,Fmsy,ANE_6,0.24,2.166666667,NA,20841.19,12415.07,22052.58,Engraulis encrasicolus,European anchovy,69470.62,Bmsy,0.317437501,2023,03_12_2024,Y,GFCM
Western Med.,ANE,6,1998,NA,NA,9598.51,0.45,spict,https://www.fao.org/gfcm/data/star/en/,NA,Fmsy,ANE_6,0.24,1.875,NA,20841.19,9598.51,20361.25,Engraulis encrasicolus,European anchovy,69470.62,Bmsy,0.293091526,2023,03_12_2024,Y,GFCM
Western Med.,ANE,6,1999,NA,NA,9255.84,0.42,spict,https://www.fao.org/gfcm/data/star/en/,NA,Fmsy,ANE_6,0.24,1.75,NA,20841.19,9255.84,20486.37,Engraulis encrasicolus,European anchovy,69470.62,Bmsy,0.294892575,2023,03_12_2024,Y,GFCM
Western Med.,ANE,6,2000,NA,NA,7343.55,0.32,spict,https://www.fao.org/gfcm/data/star/en/,NA,Fmsy,ANE_6,0.24,1.333333333,NA,20841.19,7343.55,22274.83,Engraulis encrasicolus,European anchovy,69470.62,Bmsy,0.320636695,2023,03_12_2024,Y,GFCM
Western Med.,ANE,6,2001,NA,NA,8962.02,0.44,spict,https://www.fao.org/gfcm/data/star/en/,NA,Fmsy,ANE_6,0.24,1.833333333,NA,20841.19,8962.02,25111.16,Engraulis encrasicolus,European anchovy,69470.62,Bmsy,0.361464458,2023,03_12_2024,Y,GFCM
Western Med.,ANE,6,2002,NA,NA,14090.33,0.61,spict,https://www.fao.org/gfcm/data/star/en/,NA,Fmsy,ANE_6,0.24,2.541666667,NA,20841.19,14090.33,21352.25,Engraulis encrasicolus,European anchovy,69470.62,Bmsy,0.307356549,2023,03_12_2024,Y,GFCM
Western Med.,ANE,6,2003,NA,NA,8606.09,0.39,spict,https://www.fao.org/gfcm/data/star/en/,NA,Fmsy,ANE_6,0.24,1.625,NA,20841.19,8606.09,18370.35,Engraulis encrasicolus,European anchovy,69470.62,Bmsy,0.264433368,2023,03_12_2024,Y,GFCM
Western Med.,ANE,6,2004,NA,NA,6395.85,0.35,spict,https://www.fao.org/gfcm/data/star/en/,NA,Fmsy,ANE_6,0.24,1.458333333,NA,20841.19,6395.85,18278.35,Engraulis encrasicolus,European anchovy,69470.62,Bmsy,0.263109067,2023,03_12_2024,Y,GFCM
Western Med.,ANE,6,2005,NA,NA,5623.2,0.24,spict,https://www.fao.org/gfcm/data/star/en/,NA,Fmsy,ANE_6,0.24,1,NA,20841.19,5623.2,17992.02,Engraulis encrasicolus,European anchovy,69470.62,Bmsy,0.258987468,2023,03_12_2024,Y,GFCM
Western Med.,ANE,6,2006,NA,NA,2493.76,0.1,spict,https://www.fao.org/gfcm/data/star/en/,NA,Fmsy,ANE_6,0.24,0.416666667,NA,20841.19,2493.76,20711.9,Engraulis encrasicolus,European anchovy,69470.62,Bmsy,0.298138983,2023,03_12_2024,Y,GFCM
Western Med.,ANE,6,2007,NA,NA,1926.95,0.07,spict,https://www.fao.org/gfcm/data/star/en/,NA,Fmsy,ANE_6,0.24,0.291666667,NA,20841.19,1926.95,26681.47,Engraulis encrasicolus,European anchovy,69470.62,Bmsy,0.384068402,2023,03_12_2024,Y,GFCM
Western Med.,ANE,6,2008,NA,NA,3187.19,0.12,spict,https://www.fao.org/gfcm/data/star/en/,NA,Fmsy,ANE_6,0.24,0.5,NA,20841.19,3187.19,37823.05,Engraulis encrasicolus,European anchovy,69470.62,Bmsy,0.544446703,2023,03_12_2024,Y,GFCM
Western Med.,ANE,6,2009,NA,NA,11641.88,0.31,spict,https://www.fao.org/gfcm/data/star/en/,NA,Fmsy,ANE_6,0.24,1.291666667,NA,20841.19,11641.88,45601.45,Engraulis encrasicolus,European anchovy,69470.62,Bmsy,0.656413459,2023,03_12_2024,Y,GFCM
Western Med.,ANE,6,2010,NA,NA,10007.83,0.19,spict,https://www.fao.org/gfcm/data/star/en/,NA,Fmsy,ANE_6,0.24,0.791666667,NA,20841.19,10007.83,46337.9,Engraulis encrasicolus,European anchovy,69470.62,Bmsy,0.667014344,2023,03_12_2024,Y,GFCM
Western Med.,ANE,6,2011,NA,NA,9431.01,0.17,spict,https://www.fao.org/gfcm/data/star/en/,NA,Fmsy,ANE_6,0.24,0.708333333,NA,20841.19,9431.01,55611.05,Engraulis encrasicolus,European anchovy,69470.62,Bmsy,0.80049739,2023,03_12_2024,Y,GFCM
Western Med.,ANE,6,2012,NA,NA,11475.58,0.18,spict,https://www.fao.org/gfcm/data/star/en/,NA,Fmsy,ANE_6,0.24,0.75,NA,20841.19,11475.58,71843.58,Engraulis encrasicolus,European anchovy,69470.62,Bmsy,1.034157749,2023,03_12_2024,Y,GFCM
Western Med.,ANE,6,2013,NA,NA,16964.98,0.22,spict,https://www.fao.org/gfcm/data/star/en/,NA,Fmsy,ANE_6,0.24,0.916666667,NA,20841.19,16964.98,81617.62,Engraulis encrasicolus,European anchovy,69470.62,Bmsy,1.174850894,2023,03_12_2024,Y,GFCM
Western Med.,ANE,6,2014,NA,NA,16823.7,0.18,spict,https://www.fao.org/gfcm/data/star/en/,NA,Fmsy,ANE_6,0.24,0.75,NA,20841.19,16823.7,89816.97,Engraulis encrasicolus,European anchovy,69470.62,Bmsy,1.292877046,2023,03_12_2024,Y,GFCM
Western Med.,ANE,6,2015,NA,NA,16600.39,0.17,spict,https://www.fao.org/gfcm/data/star/en/,NA,Fmsy,ANE_6,0.24,0.708333333,NA,20841.19,16600.39,96978.45,Engraulis encrasicolus,European anchovy,69470.62,Bmsy,1.395963502,2023,03_12_2024,Y,GFCM
Western Med.,ANE,6,2016,NA,NA,17453.53,0.18,spict,https://www.fao.org/gfcm/data/star/en/,NA,Fmsy,ANE_6,0.24,0.75,NA,20841.19,17453.53,99322.45,Engraulis encrasicolus,European anchovy,69470.62,Bmsy,1.429704384,2023,03_12_2024,Y,GFCM
Western Med.,ANE,6,2017,NA,NA,18305.37,0.19,spict,https://www.fao.org/gfcm/data/star/en/,NA,Fmsy,ANE_6,0.24,0.791666667,NA,20841.19,18305.37,101491.2,Engraulis encrasicolus,European anchovy,69470.62,Bmsy,1.460922617,2023,03_12_2024,Y,GFCM
Western Med.,ANE,6,2018,NA,NA,21038.68,0.2,spict,https://www.fao.org/gfcm/data/star/en/,NA,Fmsy,ANE_6,0.24,0.833333333,NA,20841.19,21038.68,98206,Engraulis encrasicolus,European anchovy,69470.62,Bmsy,1.413633562,2023,03_12_2024,Y,GFCM
Western Med.,ANE,6,2019,NA,NA,14010.4,0.13,spict,https://www.fao.org/gfcm/data/star/en/,NA,Fmsy,ANE_6,0.24,0.541666667,NA,20841.19,14010.4,94057.53,Engraulis encrasicolus,European anchovy,69470.62,Bmsy,1.353918102,2023,03_12_2024,Y,GFCM
Western Med.,ANE,6,2020,NA,NA,10964.54,0.11,spict,https://www.fao.org/gfcm/data/star/en/,NA,Fmsy,ANE_6,0.24,0.458333333,NA,20841.19,10964.54,93362.9,Engraulis encrasicolus,European anchovy,69470.62,Bmsy,1.343919199,2023,03_12_2024,Y,GFCM
Western Med.,ANE,6,2021,NA,NA,10895.85,0.11,spict,https://www.fao.org/gfcm/data/star/en/,NA,Fmsy,ANE_6,0.24,0.458333333,NA,20841.19,10895.85,97657.07,Engraulis encrasicolus,European anchovy,69470.62,Bmsy,1.405731948,2023,03_12_2024,Y,GFCM
Western Med.,ANE,6,2022,NA,NA,10352.98,0.1,spict,https://www.fao.org/gfcm/data/star/en/,NA,Fmsy,ANE_6,0.24,0.416666667,NA,20841.19,10352.98,101010.22,Engraulis encrasicolus,European anchovy,69470.62,Bmsy,1.453999115,2023,03_12_2024,Y,GFCM
Western Med.,HKE,8_9_10_11,2005,407309,5697.3,4287.74,1.01,a4a,https://stecf.jrc.ec.europa.eu/documents/d/stecf/stecf_24-10_stock-assess-west-med,NA,Fmsy,HKE_8_9_10_11,0.25,4.04,NA,5394,4287.74,5697.3,Merluccius merluccius,European hake,43749.9,Bmsy,0.130224298,2024,16_12_2025,Y,STECF
Western Med.,HKE,8_9_10_11,2006,403689,4907.6,4076.62,0.94,a4a,https://stecf.jrc.ec.europa.eu/documents/d/stecf/stecf_24-10_stock-assess-west-med,NA,Fmsy,HKE_8_9_10_11,0.25,3.76,NA,5394,4076.62,4907.6,Merluccius merluccius,European hake,43749.9,Bmsy,0.112173971,2024,16_12_2025,Y,STECF
Western Med.,HKE,8_9_10_11,2007,501527,4534.1,3186.27,0.92,a4a,https://stecf.jrc.ec.europa.eu/documents/d/stecf/stecf_24-10_stock-assess-west-med,NA,Fmsy,HKE_8_9_10_11,0.25,3.68,NA,5394,3186.27,4534.1,Merluccius merluccius,European hake,43749.9,Bmsy,0.103636808,2024,16_12_2025,Y,STECF
Western Med.,HKE,8_9_10_11,2008,444801,4408.1,2597.75,0.94,a4a,https://stecf.jrc.ec.europa.eu/documents/d/stecf/stecf_24-10_stock-assess-west-med,NA,Fmsy,HKE_8_9_10_11,0.25,3.76,NA,5394,2597.75,4408.1,Merluccius merluccius,European hake,43749.9,Bmsy,0.100756802,2024,16_12_2025,Y,STECF
Western Med.,HKE,8_9_10_11,2009,422576,4377,2674.62,0.98,a4a,https://stecf.jrc.ec.europa.eu/documents/d/stecf/stecf_24-10_stock-assess-west-med,NA,Fmsy,HKE_8_9_10_11,0.25,3.92,NA,5394,2674.62,4377,Merluccius merluccius,European hake,43749.9,Bmsy,0.100045943,2024,16_12_2025,Y,STECF
Western Med.,HKE,8_9_10_11,2010,379301,4258,2985.03,0.98,a4a,https://stecf.jrc.ec.europa.eu/documents/d/stecf/stecf_24-10_stock-assess-west-med,NA,Fmsy,HKE_8_9_10_11,0.25,3.92,NA,5394,2985.03,4258,Merluccius merluccius,European hake,43749.9,Bmsy,0.097325937,2024,16_12_2025,Y,STECF
Western Med.,HKE,8_9_10_11,2011,356905,3905.6,2920.92,0.93,a4a,https://stecf.jrc.ec.europa.eu/documents/d/stecf/stecf_24-10_stock-assess-west-med,NA,Fmsy,HKE_8_9_10_11,0.25,3.72,NA,5394,2920.92,3905.6,Merluccius merluccius,European hake,43749.9,Bmsy,0.089271061,2024,16_12_2025,Y,STECF
Western Med.,HKE,8_9_10_11,2012,347110,3730.6,2399.89,0.88,a4a,https://stecf.jrc.ec.europa.eu/documents/d/stecf/stecf_24-10_stock-assess-west-med,NA,Fmsy,HKE_8_9_10_11,0.25,3.52,NA,5394,2399.89,3730.6,Merluccius merluccius,European hake,43749.9,Bmsy,0.085271052,2024,16_12_2025,Y,STECF
Western Med.,HKE,8_9_10_11,2013,293848,3715,2664.17,0.86,a4a,https://stecf.jrc.ec.europa.eu/documents/d/stecf/stecf_24-10_stock-assess-west-med,NA,Fmsy,HKE_8_9_10_11,0.25,3.44,NA,5394,2664.17,3715,Merluccius merluccius,European hake,43749.9,Bmsy,0.08491448,2024,16_12_2025,Y,STECF
Western Med.,HKE,8_9_10_11,2014,274501,3757.5,2807.57,0.87,a4a,https://stecf.jrc.ec.europa.eu/documents/d/stecf/stecf_24-10_stock-assess-west-med,NA,Fmsy,HKE_8_9_10_11,0.25,3.48,NA,5394,2807.57,3757.5,Merluccius merluccius,European hake,43749.9,Bmsy,0.085885911,2024,16_12_2025,Y,STECF
Western Med.,HKE,8_9_10_11,2015,279020,3597.5,2429.14,0.88,a4a,https://stecf.jrc.ec.europa.eu/documents/d/stecf/stecf_24-10_stock-assess-west-med,NA,Fmsy,HKE_8_9_10_11,0.25,3.52,NA,5394,2429.14,3597.5,Merluccius merluccius,European hake,43749.9,Bmsy,0.082228759,2024,16_12_2025,Y,STECF
Western Med.,HKE,8_9_10_11,2016,282831,3357.7,2208.06,0.85,a4a,https://stecf.jrc.ec.europa.eu/documents/d/stecf/stecf_24-10_stock-assess-west-med,NA,Fmsy,HKE_8_9_10_11,0.25,3.4,NA,5394,2208.06,3357.7,Merluccius merluccius,European hake,43749.9,Bmsy,0.076747604,2024,16_12_2025,Y,STECF
Western Med.,HKE,8_9_10_11,2017,243253,3337.4,1813.63,0.8,a4a,https://stecf.jrc.ec.europa.eu/documents/d/stecf/stecf_24-10_stock-assess-west-med,NA,Fmsy,HKE_8_9_10_11,0.25,3.2,NA,5394,1813.63,3337.4,Merluccius merluccius,European hake,43749.9,Bmsy,0.076283603,2024,16_12_2025,Y,STECF
Western Med.,HKE,8_9_10_11,2018,211813,3442.4,1838.97,0.76,a4a,https://stecf.jrc.ec.europa.eu/documents/d/stecf/stecf_24-10_stock-assess-west-med,NA,Fmsy,HKE_8_9_10_11,0.25,3.04,NA,5394,1838.97,3442.4,Merluccius merluccius,European hake,43749.9,Bmsy,0.078683608,2024,16_12_2025,Y,STECF
Western Med.,HKE,8_9_10_11,2019,159310,3424.9,1950.1,0.74,a4a,https://stecf.jrc.ec.europa.eu/documents/d/stecf/stecf_24-10_stock-assess-west-med,NA,Fmsy,HKE_8_9_10_11,0.25,2.96,NA,5394,1950.1,3424.9,Merluccius merluccius,European hake,43749.9,Bmsy,0.078283608,2024,16_12_2025,Y,STECF
Western Med.,HKE,8_9_10_11,2020,150797,3374,1708.46,0.73,a4a,https://stecf.jrc.ec.europa.eu/documents/d/stecf/stecf_24-10_stock-assess-west-med,NA,Fmsy,HKE_8_9_10_11,0.25,2.92,NA,5394,1708.46,3374,Merluccius merluccius,European hake,43749.9,Bmsy,0.077120176,2024,16_12_2025,Y,STECF
Western Med.,HKE,8_9_10_11,2021,192183,3189.3,1572.78,0.66,a4a,https://stecf.jrc.ec.europa.eu/documents/d/stecf/stecf_24-10_stock-assess-west-med,NA,Fmsy,HKE_8_9_10_11,0.25,2.64,NA,5394,1572.78,3189.3,Merluccius merluccius,European hake,43749.9,Bmsy,0.072898452,2024,16_12_2025,Y,STECF
Western Med.,HKE,8_9_10_11,2022,234134,3131.4,1244.75,0.54,a4a,https://stecf.jrc.ec.europa.eu/documents/d/stecf/stecf_24-10_stock-assess-west-med,NA,Fmsy,HKE_8_9_10_11,0.25,2.16,NA,5394,1244.75,3131.4,Merluccius merluccius,European hake,43749.9,Bmsy,0.071575021,2024,16_12_2025,Y,STECF
Western Med.,HKE,8_9_10_11,2023,212802,3753.5,1330.4,0.4,a4a,https://stecf.jrc.ec.europa.eu/documents/d/stecf/stecf_24-10_stock-assess-west-med,NA,Fmsy,HKE_8_9_10_11,0.25,1.6,NA,5394,1330.4,3753.5,Merluccius merluccius,European hake,43749.9,Bmsy,0.085794482,2024,16_12_2025,Y,STECF
Black Sea,SPR,29,2009,289290827,519510.6,87456,0.3237811,SAM,https://www.fao.org/gfcm/data/star/en/,NA,Fmsy,SPR_29,0.63,0.513938254,NA,NA,87456,519510.6,Sprattus sprattus,European sprat,NA,NA,NA,2024,21_01_2025,Y,GFCM
Black Sea,SPR,29,2010,196174919,540650.8,94580,0.312807,SAM,https://www.fao.org/gfcm/data/star/en/,NA,Fmsy,SPR_29,0.63,0.496519048,NA,NA,94580,540650.8,Sprattus sprattus,European sprat,NA,NA,NA,2024,21_01_2025,Y,GFCM
Black Sea,SPR,29,2011,140689830,394615.8,119326,0.396816,SAM,https://www.fao.org/gfcm/data/star/en/,NA,Fmsy,SPR_29,0.63,0.629866667,NA,NA,119326,394615.8,Sprattus sprattus,European sprat,NA,NA,NA,2024,21_01_2025,Y,GFCM
Black Sea,SPR,29,2012,166230717,247572.8,33890,0.2358756,SAM,https://www.fao.org/gfcm/data/star/en/,NA,Fmsy,SPR_29,0.63,0.374405714,NA,NA,33890,247572.8,Sprattus sprattus,European sprat,NA,NA,NA,2024,21_01_2025,Y,GFCM
Black Sea,SPR,29,2013,268417196,232736.6,28818,0.2248492,SAM,https://www.fao.org/gfcm/data/star/en/,NA,Fmsy,SPR_29,0.63,0.356903492,NA,NA,28818,232736.6,Sprattus sprattus,European sprat,NA,NA,NA,2024,21_01_2025,Y,GFCM
Black Sea,SPR,29,2014,337735789,277174.4,61383,0.329897,SAM,https://www.fao.org/gfcm/data/star/en/,NA,Fmsy,SPR_29,0.63,0.523646032,NA,NA,61383,277174.4,Sprattus sprattus,European sprat,NA,NA,NA,2024,21_01_2025,Y,GFCM
Black Sea,SPR,29,2015,286598413,382799.6,113768,0.5316908,SAM,https://www.fao.org/gfcm/data/star/en/,NA,Fmsy,SPR_29,0.63,0.843953651,NA,NA,113768,382799.6,Sprattus sprattus,European sprat,NA,NA,NA,2024,21_01_2025,Y,GFCM
Black Sea,SPR,29,2016,277392766,322753.4,87036,0.5264822,SAM,https://www.fao.org/gfcm/data/star/en/,NA,Fmsy,SPR_29,0.63,0.835686032,NA,NA,87036,322753.4,Sprattus sprattus,European sprat,NA,NA,NA,2024,21_01_2025,Y,GFCM
Black Sea,SPR,29,2017,305039710,311767.2,58030,0.3823768,SAM,https://www.fao.org/gfcm/data/star/en/,NA,Fmsy,SPR_29,0.63,0.606947302,NA,NA,58030,311767.2,Sprattus sprattus,European sprat,NA,NA,NA,2024,21_01_2025,Y,GFCM
Black Sea,SPR,29,2018,268373504,307905.9,48018,0.3024186,SAM,https://www.fao.org/gfcm/data/star/en/,NA,Fmsy,SPR_29,0.63,0.480029524,NA,NA,48018,307905.9,Sprattus sprattus,European sprat,NA,NA,NA,2024,21_01_2025,Y,GFCM
Black Sea,SPR,29,2019,218246989,392717.4,74768,0.3459768,SAM,https://www.fao.org/gfcm/data/star/en/,NA,Fmsy,SPR_29,0.63,0.549169524,NA,NA,74768,392717.4,Sprattus sprattus,European sprat,NA,NA,NA,2024,21_01_2025,Y,GFCM
Black Sea,SPR,29,2020,204879528,336614.8,62696,0.3669806,SAM,https://www.fao.org/gfcm/data/star/en/,NA,Fmsy,SPR_29,0.63,0.582508889,NA,NA,62696,336614.8,Sprattus sprattus,European sprat,NA,NA,NA,2024,21_01_2025,Y,GFCM
Black Sea,SPR,29,2021,204714712,249582.2,58832,0.381611,SAM,https://www.fao.org/gfcm/data/star/en/,NA,Fmsy,SPR_29,0.63,0.605731746,NA,NA,58832,249582.2,Sprattus sprattus,European sprat,NA,NA,NA,2024,21_01_2025,Y,GFCM
Black Sea,SPR,29,2022,215543785,229381.7,22731,0.1845507,SAM,https://www.fao.org/gfcm/data/star/en/,NA,Fmsy,SPR_29,0.63,0.292937619,NA,NA,22731,229381.7,Sprattus sprattus,European sprat,NA,NA,NA,2024,21_01_2025,Y,GFCM
Black Sea,SPR,29,2023,291703744,304782.7,59086,0.314843,SAM,https://www.fao.org/gfcm/data/star/en/,NA,Fmsy,SPR_29,0.63,0.499750794,NA,NA,59086,304782.7,Sprattus sprattus,European sprat,NA,NA,NA,2024,21_01_2025,Y,GFCM
Eastern Med.,ANE,22,1980,NA,NA,9871.681,0.185,spict,https://www.fao.org/gfcm/data/star/en/,NA,Fmsy,ANE_22,0.327,0.565749235,NA,15885.15,9871.681,55479.201,Engraulis encrasicolus,European anchovy,52950.5,Bmsy,1.047755942,2023,30_07_2024,New,GFCM
Eastern Med.,ANE,22,1981,NA,NA,11402.583,0.201,spict,https://www.fao.org/gfcm/data/star/en/,NA,Fmsy,ANE_22,0.327,0.614678899,NA,15885.15,11402.583,62682.578,Engraulis encrasicolus,European anchovy,52950.5,Bmsy,1.183795772,2023,30_07_2024,New,GFCM
Eastern Med.,ANE,22,1982,NA,NA,15108.621,0.229,spict,https://www.fao.org/gfcm/data/star/en/,NA,Fmsy,ANE_22,0.327,0.70030581,NA,15885.15,15108.621,68222.197,Engraulis encrasicolus,European anchovy,52950.5,Bmsy,1.288414595,2023,30_07_2024,New,GFCM
Eastern Med.,ANE,22,1983,NA,NA,15221.168,0.234,spict,https://www.fao.org/gfcm/data/star/en/,NA,Fmsy,ANE_22,0.327,0.71559633,NA,15885.15,15221.168,67401.039,Engraulis encrasicolus,European anchovy,52950.5,Bmsy,1.272906564,2023,30_07_2024,New,GFCM
Eastern Med.,ANE,22,1984,NA,NA,18763.552,0.284,spict,https://www.fao.org/gfcm/data/star/en/,NA,Fmsy,ANE_22,0.327,0.868501529,NA,15885.15,18763.552,72660.695,Engraulis encrasicolus,European anchovy,52950.5,Bmsy,1.372238128,2023,30_07_2024,New,GFCM
Eastern Med.,ANE,22,1985,NA,NA,23391.882,0.338,spict,https://www.fao.org/gfcm/data/star/en/,NA,Fmsy,ANE_22,0.327,1.033639144,NA,15885.15,23391.882,73030.864,Engraulis encrasicolus,European anchovy,52950.5,Bmsy,1.379228978,2023,30_07_2024,New,GFCM
Eastern Med.,ANE,22,1986,NA,NA,26899.291,0.408,spict,https://www.fao.org/gfcm/data/star/en/,NA,Fmsy,ANE_22,0.327,1.247706422,NA,15885.15,26899.291,71551.218,Engraulis encrasicolus,European anchovy,52950.5,Bmsy,1.35128503,2023,30_07_2024,New,GFCM
Eastern Med.,ANE,22,1987,NA,NA,32888.205,0.501,spict,https://www.fao.org/gfcm/data/star/en/,NA,Fmsy,ANE_22,0.327,1.532110092,NA,15885.15,32888.205,65384.266,Engraulis encrasicolus,European anchovy,52950.5,Bmsy,1.23481867,2023,30_07_2024,New,GFCM
Eastern Med.,ANE,22,1988,NA,NA,27589.376,0.478,spict,https://www.fao.org/gfcm/data/star/en/,NA,Fmsy,ANE_22,0.327,1.4617737,NA,15885.15,27589.376,51414.764,Engraulis encrasicolus,European anchovy,52950.5,Bmsy,0.970996761,2023,30_07_2024,New,GFCM
Eastern Med.,ANE,22,1989,NA,NA,20753.947,0.435,spict,https://www.fao.org/gfcm/data/star/en/,NA,Fmsy,ANE_22,0.327,1.330275229,NA,15885.15,20753.947,43980.934,Engraulis encrasicolus,European anchovy,52950.5,Bmsy,0.830604697,2023,30_07_2024,New,GFCM
Eastern Med.,ANE,22,1990,NA,NA,17794.724,0.413,spict,https://www.fao.org/gfcm/data/star/en/,NA,Fmsy,ANE_22,0.327,1.262996942,NA,15885.15,17794.724,41545.933,Engraulis encrasicolus,European anchovy,52950.5,Bmsy,0.784618332,2023,30_07_2024,New,GFCM
Eastern Med.,ANE,22,1991,NA,NA,16015.868,0.377,spict,https://www.fao.org/gfcm/data/star/en/,NA,Fmsy,ANE_22,0.327,1.152905199,NA,15885.15,16015.868,39650.548,Engraulis encrasicolus,European anchovy,52950.5,Bmsy,0.74882292,2023,30_07_2024,New,GFCM
Eastern Med.,ANE,22,1992,NA,NA,13884.965,0.349,spict,https://www.fao.org/gfcm/data/star/en/,NA,Fmsy,ANE_22,0.327,1.067278287,NA,15885.15,13884.965,40763.461,Engraulis encrasicolus,European anchovy,52950.5,Bmsy,0.769840908,2023,30_07_2024,New,GFCM
Eastern Med.,ANE,22,1993,NA,NA,17089.805,0.403,spict,https://www.fao.org/gfcm/data/star/en/,NA,Fmsy,ANE_22,0.327,1.232415902,NA,15885.15,17089.805,46875.896,Engraulis encrasicolus,European anchovy,52950.5,Bmsy,0.885277684,2023,30_07_2024,New,GFCM
Eastern Med.,ANE,22,1994,NA,NA,20447.43,0.43,spict,https://www.fao.org/gfcm/data/star/en/,NA,Fmsy,ANE_22,0.327,1.314984709,NA,15885.15,20447.43,46499.235,Engraulis encrasicolus,European anchovy,52950.5,Bmsy,0.878164229,2023,30_07_2024,New,GFCM
Eastern Med.,ANE,22,1995,NA,NA,17917.776,0.406,spict,https://www.fao.org/gfcm/data/star/en/,NA,Fmsy,ANE_22,0.327,1.241590214,NA,15885.15,17917.776,43193.098,Engraulis encrasicolus,European anchovy,52950.5,Bmsy,0.81572597,2023,30_07_2024,New,GFCM
Eastern Med.,ANE,22,1996,NA,NA,17973.546,0.425,spict,https://www.fao.org/gfcm/data/star/en/,NA,Fmsy,ANE_22,0.327,1.29969419,NA,15885.15,17973.546,41886.415,Engraulis encrasicolus,European anchovy,52950.5,Bmsy,0.791048526,2023,30_07_2024,New,GFCM
Eastern Med.,ANE,22,1997,NA,NA,17424.715,0.441,spict,https://www.fao.org/gfcm/data/star/en/,NA,Fmsy,ANE_22,0.327,1.348623853,NA,15885.15,17424.715,40539.903,Engraulis encrasicolus,European anchovy,52950.5,Bmsy,0.765618889,2023,30_07_2024,New,GFCM
Eastern Med.,ANE,22,1998,NA,NA,19720.577,0.509,spict,https://www.fao.org/gfcm/data/star/en/,NA,Fmsy,ANE_22,0.327,1.556574924,NA,15885.15,19720.577,40041.766,Engraulis encrasicolus,European anchovy,52950.5,Bmsy,0.756211292,2023,30_07_2024,New,GFCM
Eastern Med.,ANE,22,1999,NA,NA,18208.045,0.465,spict,https://www.fao.org/gfcm/data/star/en/,NA,Fmsy,ANE_22,0.327,1.422018349,NA,15885.15,18208.045,33105.058,Engraulis encrasicolus,European anchovy,52950.5,Bmsy,0.625207656,2023,30_07_2024,New,GFCM
Eastern Med.,ANE,22,2000,NA,NA,11004.795,0.335,spict,https://www.fao.org/gfcm/data/star/en/,NA,Fmsy,ANE_22,0.327,1.024464832,NA,15885.15,11004.795,28366.037,Engraulis encrasicolus,European anchovy,52950.5,Bmsy,0.535708577,2023,30_07_2024,New,GFCM
Eastern Med.,ANE,22,2001,NA,NA,8762.837,0.28,spict,https://www.fao.org/gfcm/data/star/en/,NA,Fmsy,ANE_22,0.327,0.856269113,NA,15885.15,8762.837,30709.957,Engraulis encrasicolus,European anchovy,52950.5,Bmsy,0.579974826,2023,30_07_2024,New,GFCM
Eastern Med.,ANE,22,2002,NA,NA,9438.533,0.276,spict,https://www.fao.org/gfcm/data/star/en/,NA,Fmsy,ANE_22,0.327,0.844036697,NA,15885.15,9438.533,37768.255,Engraulis encrasicolus,European anchovy,52950.5,Bmsy,0.713274757,2023,30_07_2024,New,GFCM
Eastern Med.,ANE,22,2003,NA,NA,13275.502,0.313,spict,https://www.fao.org/gfcm/data/star/en/,NA,Fmsy,ANE_22,0.327,0.957186544,NA,15885.15,13275.502,46901.006,Engraulis encrasicolus,European anchovy,52950.5,Bmsy,0.8857519,2023,30_07_2024,New,GFCM
Eastern Med.,ANE,22,2004,NA,NA,15797.133,0.33,spict,https://www.fao.org/gfcm/data/star/en/,NA,Fmsy,ANE_22,0.327,1.009174312,NA,15885.15,15797.133,49236.155,Engraulis encrasicolus,European anchovy,52950.5,Bmsy,0.929852504,2023,30_07_2024,New,GFCM
Eastern Med.,ANE,22,2005,NA,NA,16870.607,0.347,spict,https://www.fao.org/gfcm/data/star/en/,NA,Fmsy,ANE_22,0.327,1.06116208,NA,15885.15,16870.607,51607.824,Engraulis encrasicolus,European anchovy,52950.5,Bmsy,0.974642808,2023,30_07_2024,New,GFCM
Eastern Med.,ANE,22,2006,NA,NA,20807.391,0.384,spict,https://www.fao.org/gfcm/data/star/en/,NA,Fmsy,ANE_22,0.327,1.174311927,NA,15885.15,20807.391,56822.916,Engraulis encrasicolus,European anchovy,52950.5,Bmsy,1.073132756,2023,30_07_2024,New,GFCM
Eastern Med.,ANE,22,2007,NA,NA,21981.843,0.406,spict,https://www.fao.org/gfcm/data/star/en/,NA,Fmsy,ANE_22,0.327,1.241590214,NA,15885.15,21981.843,55239.986,Engraulis encrasicolus,European anchovy,52950.5,Bmsy,1.043238232,2023,30_07_2024,New,GFCM
Eastern Med.,ANE,22,2008,NA,NA,23278.061,0.441,spict,https://www.fao.org/gfcm/data/star/en/,NA,Fmsy,ANE_22,0.327,1.348623853,NA,15885.15,23278.061,52033.806,Engraulis encrasicolus,European anchovy,52950.5,Bmsy,0.982687718,2023,30_07_2024,New,GFCM
Eastern Med.,ANE,22,2009,NA,NA,20182.557,0.421,spict,https://www.fao.org/gfcm/data/star/en/,NA,Fmsy,ANE_22,0.327,1.287461774,NA,15885.15,20182.557,43506.361,Engraulis encrasicolus,European anchovy,52950.5,Bmsy,0.821642119,2023,30_07_2024,New,GFCM
Eastern Med.,ANE,22,2010,NA,NA,15058.137,0.355,spict,https://www.fao.org/gfcm/data/star/en/,NA,Fmsy,ANE_22,0.327,1.085626911,NA,15885.15,15058.137,37234.639,Engraulis encrasicolus,European anchovy,52950.5,Bmsy,0.703197118,2023,30_07_2024,New,GFCM
Eastern Med.,ANE,22,2011,NA,NA,11237.336,0.297,spict,https://www.fao.org/gfcm/data/star/en/,NA,Fmsy,ANE_22,0.327,0.908256881,NA,15885.15,11237.336,35694.437,Engraulis encrasicolus,European anchovy,52950.5,Bmsy,0.674109536,2023,30_07_2024,New,GFCM
Eastern Med.,ANE,22,2012,NA,NA,10521.696,0.274,spict,https://www.fao.org/gfcm/data/star/en/,NA,Fmsy,ANE_22,0.327,0.837920489,NA,15885.15,10521.696,38252.696,Engraulis encrasicolus,European anchovy,52950.5,Bmsy,0.722423698,2023,30_07_2024,New,GFCM
Eastern Med.,ANE,22,2013,NA,NA,10437.368,0.253,spict,https://www.fao.org/gfcm/data/star/en/,NA,Fmsy,ANE_22,0.327,0.773700306,NA,15885.15,10437.368,40953.219,Engraulis encrasicolus,European anchovy,52950.5,Bmsy,0.773424595,2023,30_07_2024,New,GFCM
Eastern Med.,ANE,22,2014,NA,NA,10361.779,0.238,spict,https://www.fao.org/gfcm/data/star/en/,NA,Fmsy,ANE_22,0.327,0.727828746,NA,15885.15,10361.779,45228.552,Engraulis encrasicolus,European anchovy,52950.5,Bmsy,0.854166665,2023,30_07_2024,New,GFCM
Eastern Med.,ANE,22,2015,NA,NA,12243.677,0.228,spict,https://www.fao.org/gfcm/data/star/en/,NA,Fmsy,ANE_22,0.327,0.697247706,NA,15885.15,12243.677,56118.054,Engraulis encrasicolus,European anchovy,52950.5,Bmsy,1.05982104,2023,30_07_2024,New,GFCM
Eastern Med.,ANE,22,2016,NA,NA,12969.947,0.206,spict,https://www.fao.org/gfcm/data/star/en/,NA,Fmsy,ANE_22,0.327,0.629969419,NA,15885.15,12969.947,62917.143,Engraulis encrasicolus,European anchovy,52950.5,Bmsy,1.188225664,2023,30_07_2024,New,GFCM
Eastern Med.,ANE,22,2017,NA,NA,12680.527,0.192,spict,https://www.fao.org/gfcm/data/star/en/,NA,Fmsy,ANE_22,0.327,0.587155963,NA,15885.15,12680.527,65167.586,Engraulis encrasicolus,European anchovy,52950.5,Bmsy,1.230726546,2023,30_07_2024,New,GFCM
Eastern Med.,ANE,22,2018,NA,NA,12599.998,0.187,spict,https://www.fao.org/gfcm/data/star/en/,NA,Fmsy,ANE_22,0.327,0.571865443,NA,15885.15,12599.998,69035.353,Engraulis encrasicolus,European anchovy,52950.5,Bmsy,1.303771504,2023,30_07_2024,New,GFCM
Eastern Med.,ANE,22,2019,NA,NA,13115.132,0.178,spict,https://www.fao.org/gfcm/data/star/en/,NA,Fmsy,ANE_22,0.327,0.544342508,NA,15885.15,13115.132,70511.48,Engraulis encrasicolus,European anchovy,52950.5,Bmsy,1.331648993,2023,30_07_2024,New,GFCM
Eastern Med.,ANE,22,2020,NA,NA,10300.727,0.139,spict,https://www.fao.org/gfcm/data/star/en/,NA,Fmsy,ANE_22,0.327,0.425076453,NA,15885.15,10300.727,64724.169,Engraulis encrasicolus,European anchovy,52950.5,Bmsy,1.222352367,2023,30_07_2024,New,GFCM
Eastern Med.,ANE,22,2021,NA,NA,8240.283,0.125,spict,https://www.fao.org/gfcm/data/star/en/,NA,Fmsy,ANE_22,0.327,0.382262997,NA,15885.15,8240.283,69466.299,Engraulis encrasicolus,European anchovy,52950.5,Bmsy,1.311910161,2023,30_07_2024,New,GFCM
Eastern Med.,ANE,22,2022,NA,NA,11348.427,0.147,spict,https://www.fao.org/gfcm/data/star/en/,NA,Fmsy,ANE_22,0.327,0.449541284,NA,15885.15,11348.427,84156.416,Engraulis encrasicolus,European anchovy,52950.5,Bmsy,1.58934129,2023,30_07_2024,New,GFCM
Eastern Med.,MUT,22,2003,66565.3,2611.4,1463.8,0.425,spict,https://www.fao.org/gfcm/data/star/en/,NA,Fmsy,MUT_22,0.29,1.465517241,NA,NA,1463.8,NA,Mullus barbatus,Red mullet,NA,Bmsy,NA,2023,30_07_2024,New,GFCM
Eastern Med.,MUT,22,2004,110243.9,3161.4,1781,0.528,spict,https://www.fao.org/gfcm/data/star/en/,NA,Fmsy,MUT_22,0.29,1.820689655,NA,NA,1781,NA,Mullus barbatus,Red mullet,NA,Bmsy,NA,2023,30_07_2024,New,GFCM
Eastern Med.,MUT,22,2005,101987.7,3279.3,2211.5,0.642,spict,https://www.fao.org/gfcm/data/star/en/,NA,Fmsy,MUT_22,0.29,2.213793103,NA,NA,2211.5,NA,Mullus barbatus,Red mullet,NA,Bmsy,NA,2023,30_07_2024,New,GFCM
Eastern Med.,MUT,22,2006,67393.3,2601.1,2564.7,0.747,spict,https://www.fao.org/gfcm/data/star/en/,NA,Fmsy,MUT_22,0.29,2.575862069,NA,NA,2564.7,NA,Mullus barbatus,Red mullet,NA,Bmsy,NA,2023,30_07_2024,New,GFCM
Eastern Med.,MUT,22,2007,64028.7,2021.9,2280.2,0.816,spict,https://www.fao.org/gfcm/data/star/en/,NA,Fmsy,MUT_22,0.29,2.813793103,NA,NA,2280.2,NA,Mullus barbatus,Red mullet,NA,Bmsy,NA,2023,30_07_2024,New,GFCM
Eastern Med.,MUT,22,2008,96013.2,2222.5,2052.1,0.83,spict,https://www.fao.org/gfcm/data/star/en/,NA,Fmsy,MUT_22,0.29,2.862068966,NA,NA,2052.1,NA,Mullus barbatus,Red mullet,NA,Bmsy,NA,2023,30_07_2024,New,GFCM
Eastern Med.,MUT,22,2009,131037.9,2957.2,2320.7,0.79,spict,https://www.fao.org/gfcm/data/star/en/,NA,Fmsy,MUT_22,0.29,2.724137931,NA,NA,2320.7,NA,Mullus barbatus,Red mullet,NA,Bmsy,NA,2023,30_07_2024,New,GFCM
Eastern Med.,MUT,22,2010,122126.9,3340.4,2410.6,0.714,spict,https://www.fao.org/gfcm/data/star/en/,NA,Fmsy,MUT_22,0.29,2.462068966,NA,NA,2410.6,NA,Mullus barbatus,Red mullet,NA,Bmsy,NA,2023,30_07_2024,New,GFCM
Eastern Med.,MUT,22,2011,103737.1,3348.7,1932.8,0.626,spict,https://www.fao.org/gfcm/data/star/en/,NA,Fmsy,MUT_22,0.29,2.15862069,NA,NA,1932.8,NA,Mullus barbatus,Red mullet,NA,Bmsy,NA,2023,30_07_2024,New,GFCM
Eastern Med.,MUT,22,2012,103435,3436.7,1764.2,0.544,spict,https://www.fao.org/gfcm/data/star/en/,NA,Fmsy,MUT_22,0.29,1.875862069,NA,NA,1764.2,NA,Mullus barbatus,Red mullet,NA,Bmsy,NA,2023,30_07_2024,New,GFCM
Eastern Med.,MUT,22,2013,105756.9,3665.8,1920.1,0.476,spict,https://www.fao.org/gfcm/data/star/en/,NA,Fmsy,MUT_22,0.29,1.64137931,NA,NA,1920.1,NA,Mullus barbatus,Red mullet,NA,Bmsy,NA,2023,30_07_2024,New,GFCM
Eastern Med.,MUT,22,2014,97556.4,3808.5,1790.1,0.425,spict,https://www.fao.org/gfcm/data/star/en/,NA,Fmsy,MUT_22,0.29,1.465517241,NA,NA,1790.1,NA,Mullus barbatus,Red mullet,NA,Bmsy,NA,2023,30_07_2024,New,GFCM
Eastern Med.,MUT,22,2015,94743,3918.8,1705.2,0.386,spict,https://www.fao.org/gfcm/data/star/en/,NA,Fmsy,MUT_22,0.29,1.331034483,NA,NA,1705.2,NA,Mullus barbatus,Red mullet,NA,Bmsy,NA,2023,30_07_2024,New,GFCM
Eastern Med.,MUT,22,2016,109136.5,4276.3,1781.7,0.354,spict,https://www.fao.org/gfcm/data/star/en/,NA,Fmsy,MUT_22,0.29,1.220689655,NA,NA,1781.7,NA,Mullus barbatus,Red mullet,NA,Bmsy,NA,2023,30_07_2024,New,GFCM
Eastern Med.,MUT,22,2017,129767.3,4960.5,1931.5,0.325,spict,https://www.fao.org/gfcm/data/star/en/,NA,Fmsy,MUT_22,0.29,1.120689655,NA,NA,1931.5,NA,Mullus barbatus,Red mullet,NA,Bmsy,NA,2023,30_07_2024,New,GFCM
Eastern Med.,MUT,22,2018,142376.3,5783.9,1911.8,0.293,spict,https://www.fao.org/gfcm/data/star/en/,NA,Fmsy,MUT_22,0.29,1.010344828,NA,NA,1911.8,NA,Mullus barbatus,Red mullet,NA,Bmsy,NA,2023,30_07_2024,New,GFCM
Eastern Med.,MUT,22,2019,158876.2,6770.6,2079.1,0.258,spict,https://www.fao.org/gfcm/data/star/en/,NA,Fmsy,MUT_22,0.29,0.889655172,NA,NA,2079.1,NA,Mullus barbatus,Red mullet,NA,Bmsy,NA,2023,30_07_2024,New,GFCM
Eastern Med.,MUT,22,2020,183804.5,8067.6,2027,0.221,spict,https://www.fao.org/gfcm/data/star/en/,NA,Fmsy,MUT_22,0.29,0.762068966,NA,NA,2027,NA,Mullus barbatus,Red mullet,NA,Bmsy,NA,2023,30_07_2024,New,GFCM
Eastern Med.,MUT,22,2021,179133.7,9202.6,1894,0.186,spict,https://www.fao.org/gfcm/data/star/en/,NA,Fmsy,MUT_22,0.29,0.64137931,NA,NA,1894,NA,Mullus barbatus,Red mullet,NA,Bmsy,NA,2023,30_07_2024,New,GFCM
Eastern Med.,MUT,22,2022,135673.2,9503.8,1765,0.154,spict,https://www.fao.org/gfcm/data/star/en/,NA,Fmsy,MUT_22,0.29,0.531034483,NA,NA,1765,NA,Mullus barbatus,Red mullet,NA,Bmsy,NA,2023,30_07_2024,New,GFCM
Eastern Med.,PIL,22,1982,NA,NA,11144.12,0.14,spict,https://www.fao.org/gfcm/data/star/en/,NA,Fmsy,PIL_22,0.219,0.639269406,NA,NA,11144.12,74022.697,Sardina pilchardus,European pilchard(=Sardine),66987.3,Bmsy,1.105025833,2023,30_07_2024,New,GFCM
Eastern Med.,PIL,22,1983,NA,NA,9671.279,0.139,spict,https://www.fao.org/gfcm/data/star/en/,NA,Fmsy,PIL_22,0.219,0.634703196,NA,NA,9671.279,73195.524,Sardina pilchardus,European pilchard(=Sardine),66987.3,Bmsy,1.092677627,2023,30_07_2024,New,GFCM
Eastern Med.,PIL,22,1984,NA,NA,12475.717,0.156,spict,https://www.fao.org/gfcm/data/star/en/,NA,Fmsy,PIL_22,0.219,0.712328767,NA,NA,12475.717,84627.937,Sardina pilchardus,European pilchard(=Sardine),66987.3,Bmsy,1.263343007,2023,30_07_2024,New,GFCM
Eastern Med.,PIL,22,1985,NA,NA,12579.697,0.154,spict,https://www.fao.org/gfcm/data/star/en/,NA,Fmsy,PIL_22,0.219,0.703196347,NA,NA,12579.697,79489.071,Sardina pilchardus,European pilchard(=Sardine),66987.3,Bmsy,1.186628973,2023,30_07_2024,New,GFCM
Eastern Med.,PIL,22,1986,NA,NA,11683.314,0.151,spict,https://www.fao.org/gfcm/data/star/en/,NA,Fmsy,PIL_22,0.219,0.689497717,NA,NA,11683.314,75000.834,Sardina pilchardus,European pilchard(=Sardine),66987.3,Bmsy,1.119627661,2023,30_07_2024,New,GFCM
Eastern Med.,PIL,22,1987,NA,NA,11070.786,0.152,spict,https://www.fao.org/gfcm/data/star/en/,NA,Fmsy,PIL_22,0.219,0.694063927,NA,NA,11070.786,73130.673,Sardina pilchardus,European pilchard(=Sardine),66987.3,Bmsy,1.091709518,2023,30_07_2024,New,GFCM
Eastern Med.,PIL,22,1988,NA,NA,11612.433,0.159,spict,https://www.fao.org/gfcm/data/star/en/,NA,Fmsy,PIL_22,0.219,0.726027397,NA,NA,11612.433,75410.821,Sardina pilchardus,European pilchard(=Sardine),66987.3,Bmsy,1.12574803,2023,30_07_2024,New,GFCM
Eastern Med.,PIL,22,1989,NA,NA,13110.351,0.174,spict,https://www.fao.org/gfcm/data/star/en/,NA,Fmsy,PIL_22,0.219,0.794520548,NA,NA,13110.351,81549.114,Sardina pilchardus,European pilchard(=Sardine),66987.3,Bmsy,1.217381713,2023,30_07_2024,New,GFCM
Eastern Med.,PIL,22,1990,NA,NA,17178.423,0.204,spict,https://www.fao.org/gfcm/data/star/en/,NA,Fmsy,PIL_22,0.219,0.931506849,NA,NA,17178.423,94028.595,Sardina pilchardus,European pilchard(=Sardine),66987.3,Bmsy,1.403677936,2023,30_07_2024,New,GFCM
Eastern Med.,PIL,22,1991,NA,NA,22399.909,0.236,spict,https://www.fao.org/gfcm/data/star/en/,NA,Fmsy,PIL_22,0.219,1.077625571,NA,NA,22399.909,100513.019,Sardina pilchardus,European pilchard(=Sardine),66987.3,Bmsy,1.500478733,2023,30_07_2024,New,GFCM
Eastern Med.,PIL,22,1992,NA,NA,24095.203,0.254,spict,https://www.fao.org/gfcm/data/star/en/,NA,Fmsy,PIL_22,0.219,1.159817352,NA,NA,24095.203,95021.371,Sardina pilchardus,European pilchard(=Sardine),66987.3,Bmsy,1.418498297,2023,30_07_2024,New,GFCM
Eastern Med.,PIL,22,1993,NA,NA,23802.223,0.268,spict,https://www.fao.org/gfcm/data/star/en/,NA,Fmsy,PIL_22,0.219,1.223744292,NA,NA,23802.223,87777.076,Sardina pilchardus,European pilchard(=Sardine),66987.3,Bmsy,1.310353992,2023,30_07_2024,New,GFCM
Eastern Med.,PIL,22,1994,NA,NA,23079.976,0.281,spict,https://www.fao.org/gfcm/data/star/en/,NA,Fmsy,PIL_22,0.219,1.283105023,NA,NA,23079.976,81420.538,Sardina pilchardus,European pilchard(=Sardine),66987.3,Bmsy,1.215462304,2023,30_07_2024,New,GFCM
Eastern Med.,PIL,22,1995,NA,NA,23696.093,0.311,spict,https://www.fao.org/gfcm/data/star/en/,NA,Fmsy,PIL_22,0.219,1.420091324,NA,NA,23696.093,79223.353,Sardina pilchardus,European pilchard(=Sardine),66987.3,Bmsy,1.182662281,2023,30_07_2024,New,GFCM
Eastern Med.,PIL,22,1996,NA,NA,25460.488,0.346,spict,https://www.fao.org/gfcm/data/star/en/,NA,Fmsy,PIL_22,0.219,1.579908676,NA,NA,25460.488,70906.304,Sardina pilchardus,European pilchard(=Sardine),66987.3,Bmsy,1.058503687,2023,30_07_2024,New,GFCM
Eastern Med.,PIL,22,1997,NA,NA,21197.099,0.348,spict,https://www.fao.org/gfcm/data/star/en/,NA,Fmsy,PIL_22,0.219,1.589041096,NA,NA,21197.099,56722.603,Sardina pilchardus,European pilchard(=Sardine),66987.3,Bmsy,0.846766521,2023,30_07_2024,New,GFCM
Eastern Med.,PIL,22,1998,NA,NA,18717.177,0.367,spict,https://www.fao.org/gfcm/data/star/en/,NA,Fmsy,PIL_22,0.219,1.675799087,NA,NA,18717.177,50517.542,Sardina pilchardus,European pilchard(=Sardine),66987.3,Bmsy,0.754136112,2023,30_07_2024,New,GFCM
Eastern Med.,PIL,22,1999,NA,NA,18797.963,0.401,spict,https://www.fao.org/gfcm/data/star/en/,NA,Fmsy,PIL_22,0.219,1.831050228,NA,NA,18797.963,46675.832,Sardina pilchardus,European pilchard(=Sardine),66987.3,Bmsy,0.696786286,2023,30_07_2024,New,GFCM
Eastern Med.,PIL,22,2000,NA,NA,18423.497,0.438,spict,https://www.fao.org/gfcm/data/star/en/,NA,Fmsy,PIL_22,0.219,2,NA,NA,18423.497,42082.567,Sardina pilchardus,European pilchard(=Sardine),66987.3,Bmsy,0.628217095,2023,30_07_2024,New,GFCM
Eastern Med.,PIL,22,2001,NA,NA,17348.609,0.453,spict,https://www.fao.org/gfcm/data/star/en/,NA,Fmsy,PIL_22,0.219,2.068493151,NA,NA,17348.609,34340.505,Sardina pilchardus,European pilchard(=Sardine),66987.3,Bmsy,0.512642023,2023,30_07_2024,New,GFCM
Eastern Med.,PIL,22,2002,NA,NA,11856.686,0.403,spict,https://www.fao.org/gfcm/data/star/en/,NA,Fmsy,PIL_22,0.219,1.840182648,NA,NA,11856.686,25244.283,Sardina pilchardus,European pilchard(=Sardine),66987.3,Bmsy,0.376851776,2023,30_07_2024,New,GFCM
Eastern Med.,PIL,22,2003,NA,NA,8784.096,0.376,spict,https://www.fao.org/gfcm/data/star/en/,NA,Fmsy,PIL_22,0.219,1.716894977,NA,NA,8784.096,22415.917,Sardina pilchardus,European pilchard(=Sardine),66987.3,Bmsy,0.334629355,2023,30_07_2024,New,GFCM
Eastern Med.,PIL,22,2004,NA,NA,9151.125,0.398,spict,https://www.fao.org/gfcm/data/star/en/,NA,Fmsy,PIL_22,0.219,1.817351598,NA,NA,9151.125,25505.861,Sardina pilchardus,European pilchard(=Sardine),66987.3,Bmsy,0.380756666,2023,30_07_2024,New,GFCM
Eastern Med.,PIL,22,2005,NA,NA,12607.49,0.441,spict,https://www.fao.org/gfcm/data/star/en/,NA,Fmsy,PIL_22,0.219,2.01369863,NA,NA,12607.49,30432.038,Sardina pilchardus,European pilchard(=Sardine),66987.3,Bmsy,0.454295635,2023,30_07_2024,New,GFCM
Eastern Med.,PIL,22,2006,NA,NA,12442.333,0.407,spict,https://www.fao.org/gfcm/data/star/en/,NA,Fmsy,PIL_22,0.219,1.858447489,NA,NA,12442.333,28015.989,Sardina pilchardus,European pilchard(=Sardine),66987.3,Bmsy,0.418228366,2023,30_07_2024,New,GFCM
Eastern Med.,PIL,22,2007,NA,NA,9793.804,0.372,spict,https://www.fao.org/gfcm/data/star/en/,NA,Fmsy,PIL_22,0.219,1.698630137,NA,NA,9793.804,25309.534,Sardina pilchardus,European pilchard(=Sardine),66987.3,Bmsy,0.377825857,2023,30_07_2024,New,GFCM
Eastern Med.,PIL,22,2008,NA,NA,10121.464,0.391,spict,https://www.fao.org/gfcm/data/star/en/,NA,Fmsy,PIL_22,0.219,1.785388128,NA,NA,10121.464,27316.856,Sardina pilchardus,European pilchard(=Sardine),66987.3,Bmsy,0.407791566,2023,30_07_2024,New,GFCM
Eastern Med.,PIL,22,2009,NA,NA,10924.674,0.404,spict,https://www.fao.org/gfcm/data/star/en/,NA,Fmsy,PIL_22,0.219,1.844748858,NA,NA,10924.674,25344.022,Sardina pilchardus,European pilchard(=Sardine),66987.3,Bmsy,0.3783407,2023,30_07_2024,New,GFCM
Eastern Med.,PIL,22,2010,NA,NA,8297.97,0.362,spict,https://www.fao.org/gfcm/data/star/en/,NA,Fmsy,PIL_22,0.219,1.652968037,NA,NA,8297.97,20793.687,Sardina pilchardus,European pilchard(=Sardine),66987.3,Bmsy,0.310412377,2023,30_07_2024,New,GFCM
Eastern Med.,PIL,22,2011,NA,NA,7038.828,0.345,spict,https://www.fao.org/gfcm/data/star/en/,NA,Fmsy,PIL_22,0.219,1.575342466,NA,NA,7038.828,19931.342,Sardina pilchardus,European pilchard(=Sardine),66987.3,Bmsy,0.297539116,2023,30_07_2024,New,GFCM
Eastern Med.,PIL,22,2012,NA,NA,6903.967,0.34,spict,https://www.fao.org/gfcm/data/star/en/,NA,Fmsy,PIL_22,0.219,1.552511416,NA,NA,6903.967,20470.504,Sardina pilchardus,European pilchard(=Sardine),66987.3,Bmsy,0.305587835,2023,30_07_2024,New,GFCM
Eastern Med.,PIL,22,2013,NA,NA,7185.469,0.342,spict,https://www.fao.org/gfcm/data/star/en/,NA,Fmsy,PIL_22,0.219,1.561643836,NA,NA,7185.469,21474.437,Sardina pilchardus,European pilchard(=Sardine),66987.3,Bmsy,0.320574751,2023,30_07_2024,New,GFCM
Eastern Med.,PIL,22,2014,NA,NA,7646.47,0.347,spict,https://www.fao.org/gfcm/data/star/en/,NA,Fmsy,PIL_22,0.219,1.584474886,NA,NA,7646.47,22726.694,Sardina pilchardus,European pilchard(=Sardine),66987.3,Bmsy,0.339268697,2023,30_07_2024,New,GFCM
Eastern Med.,PIL,22,2015,NA,NA,8641.599,0.361,spict,https://www.fao.org/gfcm/data/star/en/,NA,Fmsy,PIL_22,0.219,1.648401826,NA,NA,8641.599,25608.712,Sardina pilchardus,European pilchard(=Sardine),66987.3,Bmsy,0.382292046,2023,30_07_2024,New,GFCM
Eastern Med.,PIL,22,2016,NA,NA,10514.855,0.392,spict,https://www.fao.org/gfcm/data/star/en/,NA,Fmsy,PIL_22,0.219,1.789954338,NA,NA,10514.855,28331.627,Sardina pilchardus,European pilchard(=Sardine),66987.3,Bmsy,0.422940274,2023,30_07_2024,New,GFCM
Eastern Med.,PIL,22,2017,NA,NA,11190.83,0.403,spict,https://www.fao.org/gfcm/data/star/en/,NA,Fmsy,PIL_22,0.219,1.840182648,NA,NA,11190.83,27201.989,Sardina pilchardus,European pilchard(=Sardine),66987.3,Bmsy,0.406076809,2023,30_07_2024,New,GFCM
Eastern Med.,PIL,22,2018,NA,NA,10377.676,0.405,spict,https://www.fao.org/gfcm/data/star/en/,NA,Fmsy,PIL_22,0.219,1.849315068,NA,NA,10377.676,25554,Sardina pilchardus,European pilchard(=Sardine),66987.3,Bmsy,0.381475295,2023,30_07_2024,New,GFCM
Eastern Med.,PIL,22,2019,NA,NA,10593.678,0.424,spict,https://www.fao.org/gfcm/data/star/en/,NA,Fmsy,PIL_22,0.219,1.936073059,NA,NA,10593.678,24500.324,Sardina pilchardus,European pilchard(=Sardine),66987.3,Bmsy,0.365745806,2023,30_07_2024,New,GFCM
Eastern Med.,PIL,22,2020,NA,NA,9376.811,0.423,spict,https://www.fao.org/gfcm/data/star/en/,NA,Fmsy,PIL_22,0.219,1.931506849,NA,NA,9376.811,20547.075,Sardina pilchardus,European pilchard(=Sardine),66987.3,Bmsy,0.306730903,2023,30_07_2024,New,GFCM
Eastern Med.,PIL,22,2021,NA,NA,7506.031,0.41,spict,https://www.fao.org/gfcm/data/star/en/,NA,Fmsy,PIL_22,0.219,1.872146119,NA,NA,7506.031,16695.416,Sardina pilchardus,European pilchard(=Sardine),66987.3,Bmsy,0.249232556,2023,30_07_2024,New,GFCM
Eastern Med.,PIL,22,2022,NA,NA,6096.876,0.396,spict,https://www.fao.org/gfcm/data/star/en/,NA,Fmsy,PIL_22,0.219,1.808219178,NA,NA,6096.876,14769.603,Sardina pilchardus,European pilchard(=Sardine),66987.3,Bmsy,0.220483629,2023,30_07_2024,New,GFCM
Western Med.,ARA,5,2002,21017,99.6,141.5,1.72,a4a,https://stecf.jrc.ec.europa.eu/documents/d/stecf/stecf_24-10_stock-assess-west-med,NA,Fmsy,ARA_5,0.33,5.212121212,NA,74.8,141.5,NA,Aristeus antennatus,Blue and red shrimp,NA,Bmsy,NA,2024,NA,Y,STECF
Western Med.,ARA,5,2003,21481,62.6,122,1.62,a4a,https://stecf.jrc.ec.europa.eu/documents/d/stecf/stecf_24-10_stock-assess-west-med,NA,Fmsy,ARA_5,0.33,4.909090909,NA,74.8,122,NA,Aristeus antennatus,Blue and red shrimp,NA,Bmsy,NA,2024,NA,Y,STECF
Western Med.,ARA,5,2004,38385,96.6,193.6,1.55,a4a,https://stecf.jrc.ec.europa.eu/documents/d/stecf/stecf_24-10_stock-assess-west-med,NA,Fmsy,ARA_5,0.33,4.696969697,NA,74.8,193.6,NA,Aristeus antennatus,Blue and red shrimp,NA,Bmsy,NA,2024,NA,Y,STECF
Western Med.,ARA,5,2005,41143,113.9,191.5,1.5,a4a,https://stecf.jrc.ec.europa.eu/documents/d/stecf/stecf_24-10_stock-assess-west-med,NA,Fmsy,ARA_5,0.33,4.545454545,NA,74.8,191.5,NA,Aristeus antennatus,Blue and red shrimp,NA,Bmsy,NA,2024,NA,Y,STECF
Western Med.,ARA,5,2006,32026,109.2,213.9,1.49,a4a,https://stecf.jrc.ec.europa.eu/documents/d/stecf/stecf_24-10_stock-assess-west-med,NA,Fmsy,ARA_5,0.33,4.515151515,NA,74.8,213.9,NA,Aristeus antennatus,Blue and red shrimp,NA,Bmsy,NA,2024,NA,Y,STECF
Western Med.,ARA,5,2007,29813,97.5,239.1,1.54,a4a,https://stecf.jrc.ec.europa.eu/documents/d/stecf/stecf_24-10_stock-assess-west-med,NA,Fmsy,ARA_5,0.33,4.666666667,NA,74.8,239.1,NA,Aristeus antennatus,Blue and red shrimp,NA,Bmsy,NA,2024,NA,Y,STECF
Western Med.,ARA,5,2008,35264,99.4,232.9,1.64,a4a,https://stecf.jrc.ec.europa.eu/documents/d/stecf/stecf_24-10_stock-assess-west-med,NA,Fmsy,ARA_5,0.33,4.96969697,NA,74.8,232.9,NA,Aristeus antennatus,Blue and red shrimp,NA,Bmsy,NA,2024,NA,Y,STECF
Western Med.,ARA,5,2009,13078,52.5,126.2,1.76,a4a,https://stecf.jrc.ec.europa.eu/documents/d/stecf/stecf_24-10_stock-assess-west-med,NA,Fmsy,ARA_5,0.33,5.333333333,NA,74.8,126.2,NA,Aristeus antennatus,Blue and red shrimp,NA,Bmsy,NA,2024,NA,Y,STECF
Western Med.,ARA,5,2010,22656,55.7,153.2,1.87,a4a,https://stecf.jrc.ec.europa.eu/documents/d/stecf/stecf_24-10_stock-assess-west-med,NA,Fmsy,ARA_5,0.33,5.666666667,NA,74.8,153.2,NA,Aristeus antennatus,Blue and red shrimp,NA,Bmsy,NA,2024,NA,Y,STECF
Western Med.,ARA,5,2011,19186,49.2,111.2,1.91,a4a,https://stecf.jrc.ec.europa.eu/documents/d/stecf/stecf_24-10_stock-assess-west-med,NA,Fmsy,ARA_5,0.33,5.787878788,NA,74.8,111.2,NA,Aristeus antennatus,Blue and red shrimp,NA,Bmsy,NA,2024,NA,Y,STECF
Western Med.,ARA,5,2012,35230,79.5,201.1,1.88,a4a,https://stecf.jrc.ec.europa.eu/documents/d/stecf/stecf_24-10_stock-assess-west-med,NA,Fmsy,ARA_5,0.33,5.696969697,NA,74.8,201.1,NA,Aristeus antennatus,Blue and red shrimp,NA,Bmsy,NA,2024,NA,Y,STECF
Western Med.,ARA,5,2013,28673,79.8,188.6,1.78,a4a,https://stecf.jrc.ec.europa.eu/documents/d/stecf/stecf_24-10_stock-assess-west-med,NA,Fmsy,ARA_5,0.33,5.393939394,NA,74.8,188.6,NA,Aristeus antennatus,Blue and red shrimp,NA,Bmsy,NA,2024,NA,Y,STECF
Western Med.,ARA,5,2014,17931,58.1,141.3,1.69,a4a,https://stecf.jrc.ec.europa.eu/documents/d/stecf/stecf_24-10_stock-assess-west-med,NA,Fmsy,ARA_5,0.33,5.121212121,NA,74.8,141.3,NA,Aristeus antennatus,Blue and red shrimp,NA,Bmsy,NA,2024,NA,Y,STECF
Western Med.,ARA,5,2015,22838,63,160.2,1.65,a4a,https://stecf.jrc.ec.europa.eu/documents/d/stecf/stecf_24-10_stock-assess-west-med,NA,Fmsy,ARA_5,0.33,5,NA,74.8,160.2,NA,Aristeus antennatus,Blue and red shrimp,NA,Bmsy,NA,2024,NA,Y,STECF
Western Med.,ARA,5,2016,32116,78.7,138.1,1.69,a4a,https://stecf.jrc.ec.europa.eu/documents/d/stecf/stecf_24-10_stock-assess-west-med,NA,Fmsy,ARA_5,0.33,5.121212121,NA,74.8,138.1,NA,Aristeus antennatus,Blue and red shrimp,NA,Bmsy,NA,2024,NA,Y,STECF
Western Med.,ARA,5,2017,37241,90.1,171.4,1.81,a4a,https://stecf.jrc.ec.europa.eu/documents/d/stecf/stecf_24-10_stock-assess-west-med,NA,Fmsy,ARA_5,0.33,5.484848485,NA,74.8,171.4,NA,Aristeus antennatus,Blue and red shrimp,NA,Bmsy,NA,2024,NA,Y,STECF
Western Med.,ARA,5,2018,51605,114.5,249.7,1.99,a4a,https://stecf.jrc.ec.europa.eu/documents/d/stecf/stecf_24-10_stock-assess-west-med,NA,Fmsy,ARA_5,0.33,6.03030303,NA,74.8,249.7,NA,Aristeus antennatus,Blue and red shrimp,NA,Bmsy,NA,2024,NA,Y,STECF
Western Med.,ARA,5,2019,36251,89.2,205.9,2.14,a4a,https://stecf.jrc.ec.europa.eu/documents/d/stecf/stecf_24-10_stock-assess-west-med,NA,Fmsy,ARA_5,0.33,6.484848485,NA,74.8,205.9,NA,Aristeus antennatus,Blue and red shrimp,NA,Bmsy,NA,2024,NA,Y,STECF
Western Med.,ARA,5,2020,18294,57.8,130.7,2.16,a4a,https://stecf.jrc.ec.europa.eu/documents/d/stecf/stecf_24-10_stock-assess-west-med,NA,Fmsy,ARA_5,0.33,6.545454545,NA,74.8,130.7,NA,Aristeus antennatus,Blue and red shrimp,NA,Bmsy,NA,2024,NA,Y,STECF
Western Med.,ARA,5,2021,17216,43,120.1,2.01,a4a,https://stecf.jrc.ec.europa.eu/documents/d/stecf/stecf_24-10_stock-assess-west-med,NA,Fmsy,ARA_5,0.33,6.090909091,NA,74.8,120.1,NA,Aristeus antennatus,Blue and red shrimp,NA,Bmsy,NA,2024,NA,Y,STECF
Western Med.,ARA,5,2022,27630,67,166.7,1.75,a4a,https://stecf.jrc.ec.europa.eu/documents/d/stecf/stecf_24-10_stock-assess-west-med,NA,Fmsy,ARA_5,0.33,5.303030303,NA,74.8,166.7,NA,Aristeus antennatus,Blue and red shrimp,NA,Bmsy,NA,2024,NA,Y,STECF
Western Med.,ARA,5,2023,31959,94.1,162.6,1.46,a4a,https://stecf.jrc.ec.europa.eu/documents/d/stecf/stecf_24-10_stock-assess-west-med,NA,Fmsy,ARA_5,0.33,4.424242424,NA,74.8,162.6,NA,Aristeus antennatus,Blue and red shrimp,NA,Bmsy,NA,2024,NA,Y,STECF
Western Med.,ARA,6_7,2004,51068.3,498.8,498.8,1.56,a4a,https://stecf.jrc.ec.europa.eu/documents/d/stecf/stecf_24-10_stock-assess-west-med,NA,Fmsy,ARA_6_7,0.26,6,NA,261,498.8,NA,Aristeus antennatus,Blue and red shrimp,1520,Bmsy,0.328157895,2024,NA,Y,STECF
Western Med.,ARA,6_7,2005,71588.3,305.9,305.9,1.24,a4a,https://stecf.jrc.ec.europa.eu/documents/d/stecf/stecf_24-10_stock-assess-west-med,NA,Fmsy,ARA_6_7,0.26,4.769230769,NA,261,305.9,NA,Aristeus antennatus,Blue and red shrimp,1520,Bmsy,0.20125,2024,NA,Y,STECF
Western Med.,ARA,6_7,2006,87584.6,411.7,411.7,1.05,a4a,https://stecf.jrc.ec.europa.eu/documents/d/stecf/stecf_24-10_stock-assess-west-med,NA,Fmsy,ARA_6_7,0.26,4.038461538,NA,261,411.7,NA,Aristeus antennatus,Blue and red shrimp,1520,Bmsy,0.270855263,2024,NA,Y,STECF
Western Med.,ARA,6_7,2007,88135,574.5,574.5,1,a4a,https://stecf.jrc.ec.europa.eu/documents/d/stecf/stecf_24-10_stock-assess-west-med,NA,Fmsy,ARA_6_7,0.26,3.846153846,NA,261,574.5,NA,Aristeus antennatus,Blue and red shrimp,1520,Bmsy,0.377960526,2024,NA,Y,STECF
Western Med.,ARA,6_7,2008,100398.3,827.5,827.5,1.05,a4a,https://stecf.jrc.ec.europa.eu/documents/d/stecf/stecf_24-10_stock-assess-west-med,NA,Fmsy,ARA_6_7,0.26,4.038461538,NA,261,827.5,NA,Aristeus antennatus,Blue and red shrimp,1520,Bmsy,0.544407895,2024,NA,Y,STECF
Western Med.,ARA,6_7,2009,100605.9,599.5,599.5,1.15,a4a,https://stecf.jrc.ec.europa.eu/documents/d/stecf/stecf_24-10_stock-assess-west-med,NA,Fmsy,ARA_6_7,0.26,4.423076923,NA,261,599.5,NA,Aristeus antennatus,Blue and red shrimp,1520,Bmsy,0.394407895,2024,NA,Y,STECF
Western Med.,ARA,6_7,2010,109146.3,547.1,547.1,1.23,a4a,https://stecf.jrc.ec.europa.eu/documents/d/stecf/stecf_24-10_stock-assess-west-med,NA,Fmsy,ARA_6_7,0.26,4.730769231,NA,261,547.1,NA,Aristeus antennatus,Blue and red shrimp,1520,Bmsy,0.359934211,2024,NA,Y,STECF
Western Med.,ARA,6_7,2011,112927.7,725.8,725.8,1.26,a4a,https://stecf.jrc.ec.europa.eu/documents/d/stecf/stecf_24-10_stock-assess-west-med,NA,Fmsy,ARA_6_7,0.26,4.846153846,NA,261,725.8,NA,Aristeus antennatus,Blue and red shrimp,1520,Bmsy,0.4775,2024,NA,Y,STECF
Western Med.,ARA,6_7,2012,110037,735.9,735.9,1.22,a4a,https://stecf.jrc.ec.europa.eu/documents/d/stecf/stecf_24-10_stock-assess-west-med,NA,Fmsy,ARA_6_7,0.26,4.692307692,NA,261,735.9,NA,Aristeus antennatus,Blue and red shrimp,1520,Bmsy,0.484144737,2024,NA,Y,STECF
Western Med.,ARA,6_7,2013,111527.1,730.7,730.7,1.16,a4a,https://stecf.jrc.ec.europa.eu/documents/d/stecf/stecf_24-10_stock-assess-west-med,NA,Fmsy,ARA_6_7,0.26,4.461538462,NA,261,730.7,NA,Aristeus antennatus,Blue and red shrimp,1520,Bmsy,0.480723684,2024,NA,Y,STECF
Western Med.,ARA,6_7,2014,102631,591,591,1.1,a4a,https://stecf.jrc.ec.europa.eu/documents/d/stecf/stecf_24-10_stock-assess-west-med,NA,Fmsy,ARA_6_7,0.26,4.230769231,NA,261,591,NA,Aristeus antennatus,Blue and red shrimp,1520,Bmsy,0.388815789,2024,NA,Y,STECF
Western Med.,ARA,6_7,2015,98524.8,750.1,750.1,1.07,a4a,https://stecf.jrc.ec.europa.eu/documents/d/stecf/stecf_24-10_stock-assess-west-med,NA,Fmsy,ARA_6_7,0.26,4.115384615,NA,261,750.1,NA,Aristeus antennatus,Blue and red shrimp,1520,Bmsy,0.493486842,2024,NA,Y,STECF
Western Med.,ARA,6_7,2016,94265.4,646.5,646.5,1.07,a4a,https://stecf.jrc.ec.europa.eu/documents/d/stecf/stecf_24-10_stock-assess-west-med,NA,Fmsy,ARA_6_7,0.26,4.115384615,NA,261,646.5,NA,Aristeus antennatus,Blue and red shrimp,1520,Bmsy,0.425328947,2024,NA,Y,STECF
Western Med.,ARA,6_7,2017,93832.1,581.5,581.5,1.09,a4a,https://stecf.jrc.ec.europa.eu/documents/d/stecf/stecf_24-10_stock-assess-west-med,NA,Fmsy,ARA_6_7,0.26,4.192307692,NA,261,581.5,NA,Aristeus antennatus,Blue and red shrimp,1520,Bmsy,0.382565789,2024,NA,Y,STECF
Western Med.,ARA,6_7,2018,107207.4,655.6,655.6,1.12,a4a,https://stecf.jrc.ec.europa.eu/documents/d/stecf/stecf_24-10_stock-assess-west-med,NA,Fmsy,ARA_6_7,0.26,4.307692308,NA,261,655.6,NA,Aristeus antennatus,Blue and red shrimp,1520,Bmsy,0.431315789,2024,NA,Y,STECF
Western Med.,ARA,6_7,2019,92118,571,571,1.16,a4a,https://stecf.jrc.ec.europa.eu/documents/d/stecf/stecf_24-10_stock-assess-west-med,NA,Fmsy,ARA_6_7,0.26,4.461538462,NA,261,571,NA,Aristeus antennatus,Blue and red shrimp,1520,Bmsy,0.375657895,2024,NA,Y,STECF
Western Med.,ARA,6_7,2020,75891.6,577.6,577.6,1.18,a4a,https://stecf.jrc.ec.europa.eu/documents/d/stecf/stecf_24-10_stock-assess-west-med,NA,Fmsy,ARA_6_7,0.26,4.538461538,NA,261,577.6,NA,Aristeus antennatus,Blue and red shrimp,1520,Bmsy,0.38,2024,NA,Y,STECF
Western Med.,ARA,6_7,2021,91075.7,465.6,465.6,1.17,a4a,https://stecf.jrc.ec.europa.eu/documents/d/stecf/stecf_24-10_stock-assess-west-med,NA,Fmsy,ARA_6_7,0.26,4.5,NA,261,465.6,NA,Aristeus antennatus,Blue and red shrimp,1520,Bmsy,0.306315789,2024,NA,Y,STECF
Western Med.,ARA,6_7,2022,95106.1,507.5,507.5,1.14,a4a,https://stecf.jrc.ec.europa.eu/documents/d/stecf/stecf_24-10_stock-assess-west-med,NA,Fmsy,ARA_6_7,0.26,4.384615385,NA,261,507.5,NA,Aristeus antennatus,Blue and red shrimp,1520,Bmsy,0.333881579,2024,NA,Y,STECF
Western Med.,ARA,6_7,2023,77677.4,483.3,483.3,1.08,a4a,https://stecf.jrc.ec.europa.eu/documents/d/stecf/stecf_24-10_stock-assess-west-med,NA,Fmsy,ARA_6_7,0.26,4.153846154,NA,261,483.3,NA,Aristeus antennatus,Blue and red shrimp,1520,Bmsy,0.317960526,2024,NA,Y,STECF
Western Med.,ARS,8_9_10_11,2005,349204,712.2,753.2,0.935,a4a catch_proj,https://stecf.jrc.ec.europa.eu/documents/d/stecf/stecf_24-10_stock-assess-west-med,NA,Fmsy,ARS_8_9_10_11,0.48,1.947916667,NA,176,753.2,NA,Aristaeomorpha foliacea,Giant red shrimp,703,Bmsy,1.013086771,2024,16_12_2024,Y,STECF
Western Med.,ARS,8_9_10_11,2006,442226,606.9,580.3,0.756,a4a catch_proj,https://stecf.jrc.ec.europa.eu/documents/d/stecf/stecf_24-10_stock-assess-west-med,NA,Fmsy,ARS_8_9_10_11,0.48,1.575,NA,176,580.3,NA,Aristaeomorpha foliacea,Giant red shrimp,703,Bmsy,0.863300142,2024,16_12_2024,Y,STECF
Western Med.,ARS,8_9_10_11,2007,460984,560.9,378.9,0.631,a4a catch_proj,https://stecf.jrc.ec.europa.eu/documents/d/stecf/stecf_24-10_stock-assess-west-med,NA,Fmsy,ARS_8_9_10_11,0.48,1.314583333,NA,176,378.9,NA,Aristaeomorpha foliacea,Giant red shrimp,703,Bmsy,0.797866287,2024,16_12_2024,Y,STECF
Western Med.,ARS,8_9_10_11,2008,522380,538.2,192.6,0.557,a4a catch_proj,https://stecf.jrc.ec.europa.eu/documents/d/stecf/stecf_24-10_stock-assess-west-med,NA,Fmsy,ARS_8_9_10_11,0.48,1.160416667,NA,176,192.6,NA,Aristaeomorpha foliacea,Giant red shrimp,703,Bmsy,0.765576102,2024,16_12_2024,Y,STECF
Western Med.,ARS,8_9_10_11,2009,470531,555,363.4,0.528,a4a catch_proj,https://stecf.jrc.ec.europa.eu/documents/d/stecf/stecf_24-10_stock-assess-west-med,NA,Fmsy,ARS_8_9_10_11,0.48,1.1,NA,176,363.4,NA,Aristaeomorpha foliacea,Giant red shrimp,703,Bmsy,0.789473684,2024,16_12_2024,Y,STECF
Western Med.,ARS,8_9_10_11,2010,579832,618.3,343.4,0.529,a4a catch_proj,https://stecf.jrc.ec.europa.eu/documents/d/stecf/stecf_24-10_stock-assess-west-med,NA,Fmsy,ARS_8_9_10_11,0.48,1.102083333,NA,176,343.4,NA,Aristaeomorpha foliacea,Giant red shrimp,703,Bmsy,0.879516358,2024,16_12_2024,Y,STECF
Western Med.,ARS,8_9_10_11,2011,739607,692.9,304,0.547,a4a catch_proj,https://stecf.jrc.ec.europa.eu/documents/d/stecf/stecf_24-10_stock-assess-west-med,NA,Fmsy,ARS_8_9_10_11,0.48,1.139583333,NA,176,304,NA,Aristaeomorpha foliacea,Giant red shrimp,703,Bmsy,0.985633001,2024,16_12_2024,Y,STECF
Western Med.,ARS,8_9_10_11,2012,569816,676,339,0.566,a4a catch_proj,https://stecf.jrc.ec.europa.eu/documents/d/stecf/stecf_24-10_stock-assess-west-med,NA,Fmsy,ARS_8_9_10_11,0.48,1.179166667,NA,176,339,NA,Aristaeomorpha foliacea,Giant red shrimp,703,Bmsy,0.961593172,2024,16_12_2024,Y,STECF
Western Med.,ARS,8_9_10_11,2013,499486,750.9,546.6,0.578,a4a catch_proj,https://stecf.jrc.ec.europa.eu/documents/d/stecf/stecf_24-10_stock-assess-west-med,NA,Fmsy,ARS_8_9_10_11,0.48,1.204166667,NA,176,546.6,NA,Aristaeomorpha foliacea,Giant red shrimp,703,Bmsy,1.068136558,2024,16_12_2024,Y,STECF
Western Med.,ARS,8_9_10_11,2014,552770,743,594.8,0.582,a4a catch_proj,https://stecf.jrc.ec.europa.eu/documents/d/stecf/stecf_24-10_stock-assess-west-med,NA,Fmsy,ARS_8_9_10_11,0.48,1.2125,NA,176,594.8,NA,Aristaeomorpha foliacea,Giant red shrimp,703,Bmsy,1.056899004,2024,16_12_2024,Y,STECF
Western Med.,ARS,8_9_10_11,2015,698767,650.5,374.1,0.586,a4a catch_proj,https://stecf.jrc.ec.europa.eu/documents/d/stecf/stecf_24-10_stock-assess-west-med,NA,Fmsy,ARS_8_9_10_11,0.48,1.220833333,NA,176,374.1,NA,Aristaeomorpha foliacea,Giant red shrimp,703,Bmsy,0.925320057,2024,16_12_2024,Y,STECF
Western Med.,ARS,8_9_10_11,2016,722196,700.4,342.5,0.599,a4a catch_proj,https://stecf.jrc.ec.europa.eu/documents/d/stecf/stecf_24-10_stock-assess-west-med,NA,Fmsy,ARS_8_9_10_11,0.48,1.247916667,NA,176,342.5,NA,Aristaeomorpha foliacea,Giant red shrimp,703,Bmsy,0.996301565,2024,16_12_2024,Y,STECF
Western Med.,ARS,8_9_10_11,2017,566924,750,608.8,0.628,a4a catch_proj,https://stecf.jrc.ec.europa.eu/documents/d/stecf/stecf_24-10_stock-assess-west-med,NA,Fmsy,ARS_8_9_10_11,0.48,1.308333333,NA,176,608.8,NA,Aristaeomorpha foliacea,Giant red shrimp,703,Bmsy,1.06685633,2024,16_12_2024,Y,STECF
Western Med.,ARS,8_9_10_11,2018,559310,773.3,640.9,0.667,a4a catch_proj,https://stecf.jrc.ec.europa.eu/documents/d/stecf/stecf_24-10_stock-assess-west-med,NA,Fmsy,ARS_8_9_10_11,0.48,1.389583333,NA,176,640.9,NA,Aristaeomorpha foliacea,Giant red shrimp,703,Bmsy,1.1,2024,16_12_2024,Y,STECF
Western Med.,ARS,8_9_10_11,2019,590325,758.4,666.3,0.704,a4a catch_proj,https://stecf.jrc.ec.europa.eu/documents/d/stecf/stecf_24-10_stock-assess-west-med,NA,Fmsy,ARS_8_9_10_11,0.48,1.466666667,NA,176,666.3,NA,Aristaeomorpha foliacea,Giant red shrimp,703,Bmsy,1.078805121,2024,16_12_2024,Y,STECF
Western Med.,ARS,8_9_10_11,2020,603388,656.5,351.1,0.722,a4a catch_proj,https://stecf.jrc.ec.europa.eu/documents/d/stecf/stecf_24-10_stock-assess-west-med,NA,Fmsy,ARS_8_9_10_11,0.48,1.504166667,NA,176,351.1,NA,Aristaeomorpha foliacea,Giant red shrimp,703,Bmsy,0.933854908,2024,16_12_2024,Y,STECF
Western Med.,ARS,8_9_10_11,2021,524951,545,519.4,0.709,a4a catch_proj,https://stecf.jrc.ec.europa.eu/documents/d/stecf/stecf_24-10_stock-assess-west-med,NA,Fmsy,ARS_8_9_10_11,0.48,1.477083333,NA,176,519.4,NA,Aristaeomorpha foliacea,Giant red shrimp,703,Bmsy,0.775248933,2024,16_12_2024,Y,STECF
Western Med.,ARS,8_9_10_11,2022,531013,565.5,405.7,0.67,a4a catch_proj,https://stecf.jrc.ec.europa.eu/documents/d/stecf/stecf_24-10_stock-assess-west-med,NA,Fmsy,ARS_8_9_10_11,0.48,1.395833333,NA,176,405.7,NA,Aristaeomorpha foliacea,Giant red shrimp,703,Bmsy,0.804409673,2024,16_12_2024,Y,STECF
Western Med.,ARS,8_9_10_11,2023,517108,722.2,401.7,0.621,a4a catch_proj,https://stecf.jrc.ec.europa.eu/documents/d/stecf/stecf_24-10_stock-assess-west-med,NA,Fmsy,ARS_8_9_10_11,0.48,1.29375,NA,176,401.7,NA,Aristaeomorpha foliacea,Giant red shrimp,703,Bmsy,1.027311522,2024,16_12_2024,Y,STECF
Western Med.,DPS,1,2002,216508,134,209.75,1.78,a4a,https://stecf.jrc.ec.europa.eu/documents/d/stecf/stecf_24-10_stock-assess-west-med,NA,Fmsy,DPS_1,1.02,1.745098039,NA,NA,212,NA,Parapenaeus longirostris,Deep-water rose shrimp,NA,NA,NA,2024,NA,Y,STECF
Western Med.,DPS,1,2003,207089,65,187.17,2.24,a4a,https://stecf.jrc.ec.europa.eu/documents/d/stecf/stecf_24-10_stock-assess-west-med,NA,Fmsy,DPS_1,1.02,2.196078431,NA,NA,189.2,NA,Parapenaeus longirostris,Deep-water rose shrimp,NA,NA,NA,2024,NA,Y,STECF
Western Med.,DPS,1,2004,143043,53,118.14,2.41,a4a,https://stecf.jrc.ec.europa.eu/documents/d/stecf/stecf_24-10_stock-assess-west-med,NA,Fmsy,DPS_1,1.02,2.362745098,NA,NA,119.4,NA,Parapenaeus longirostris,Deep-water rose shrimp,NA,NA,NA,2024,NA,Y,STECF
Western Med.,DPS,1,2005,73590,43,103.03,2.06,a4a,https://stecf.jrc.ec.europa.eu/documents/d/stecf/stecf_24-10_stock-assess-west-med,NA,Fmsy,DPS_1,1.02,2.019607843,NA,NA,104.7,NA,Parapenaeus longirostris,Deep-water rose shrimp,NA,NA,NA,2024,NA,Y,STECF
Western Med.,DPS,1,2006,157471,34,37.59,1.49,a4a,https://stecf.jrc.ec.europa.eu/documents/d/stecf/stecf_24-10_stock-assess-west-med,NA,Fmsy,DPS_1,1.02,1.460784314,NA,NA,38,NA,Parapenaeus longirostris,Deep-water rose shrimp,NA,NA,NA,2024,NA,Y,STECF
Western Med.,DPS,1,2007,348540,63,56.16,1.11,a4a,https://stecf.jrc.ec.europa.eu/documents/d/stecf/stecf_24-10_stock-assess-west-med,NA,Fmsy,DPS_1,1.02,1.088235294,NA,NA,56.8,NA,Parapenaeus longirostris,Deep-water rose shrimp,NA,NA,NA,2024,NA,Y,STECF
Western Med.,DPS,1,2008,248896,153,108.87,0.97,a4a,https://stecf.jrc.ec.europa.eu/documents/d/stecf/stecf_24-10_stock-assess-west-med,NA,Fmsy,DPS_1,1.02,0.950980392,NA,NA,109.4,NA,Parapenaeus longirostris,Deep-water rose shrimp,NA,NA,NA,2024,NA,Y,STECF
Western Med.,DPS,1,2009,266367,154,253.93,1.04,a4a,https://stecf.jrc.ec.europa.eu/documents/d/stecf/stecf_24-10_stock-assess-west-med,NA,Fmsy,DPS_1,1.02,1.019607843,NA,NA,255.7,NA,Parapenaeus longirostris,Deep-water rose shrimp,NA,NA,NA,2024,NA,Y,STECF
Western Med.,DPS,1,2010,344314,151,97.6,1.24,a4a,https://stecf.jrc.ec.europa.eu/documents/d/stecf/stecf_24-10_stock-assess-west-med,NA,Fmsy,DPS_1,1.02,1.215686275,NA,NA,99.4,NA,Parapenaeus longirostris,Deep-water rose shrimp,NA,NA,NA,2024,NA,Y,STECF
Western Med.,DPS,1,2011,382601,171,171.57,1.46,a4a,https://stecf.jrc.ec.europa.eu/documents/d/stecf/stecf_24-10_stock-assess-west-med,NA,Fmsy,DPS_1,1.02,1.431372549,NA,NA,171.9,NA,Parapenaeus longirostris,Deep-water rose shrimp,NA,NA,NA,2024,NA,Y,STECF
Western Med.,DPS,1,2012,206947,156,241.52,1.57,a4a,https://stecf.jrc.ec.europa.eu/documents/d/stecf/stecf_24-10_stock-assess-west-med,NA,Fmsy,DPS_1,1.02,1.539215686,NA,NA,243.2,NA,Parapenaeus longirostris,Deep-water rose shrimp,NA,NA,NA,2024,NA,Y,STECF
Western Med.,DPS,1,2013,184932,103,149.12,1.54,a4a,https://stecf.jrc.ec.europa.eu/documents/d/stecf/stecf_24-10_stock-assess-west-med,NA,Fmsy,DPS_1,1.02,1.509803922,NA,NA,150,NA,Parapenaeus longirostris,Deep-water rose shrimp,NA,NA,NA,2024,NA,Y,STECF
Western Med.,DPS,1,2014,246879,82,100.42,1.41,a4a,https://stecf.jrc.ec.europa.eu/documents/d/stecf/stecf_24-10_stock-assess-west-med,NA,Fmsy,DPS_1,1.02,1.382352941,NA,NA,104.7,NA,Parapenaeus longirostris,Deep-water rose shrimp,NA,NA,NA,2024,NA,Y,STECF
Western Med.,DPS,1,2015,346132,101,108.55,1.27,a4a,https://stecf.jrc.ec.europa.eu/documents/d/stecf/stecf_24-10_stock-assess-west-med,NA,Fmsy,DPS_1,1.02,1.245098039,NA,NA,109.7,NA,Parapenaeus longirostris,Deep-water rose shrimp,NA,NA,NA,2024,NA,Y,STECF
Western Med.,DPS,1,2016,518721,154,136.75,1.13,a4a,https://stecf.jrc.ec.europa.eu/documents/d/stecf/stecf_24-10_stock-assess-west-med,NA,Fmsy,DPS_1,1.02,1.107843137,NA,NA,137.6,NA,Parapenaeus longirostris,Deep-water rose shrimp,NA,NA,NA,2024,NA,Y,STECF
Western Med.,DPS,1,2017,787275,235,201.79,1.02,a4a,https://stecf.jrc.ec.europa.eu/documents/d/stecf/stecf_24-10_stock-assess-west-med,NA,Fmsy,DPS_1,1.02,1,NA,NA,203.5,NA,Parapenaeus longirostris,Deep-water rose shrimp,NA,NA,NA,2024,NA,Y,STECF
Western Med.,DPS,1,2018,1101793,395,329.62,0.95,a4a,https://stecf.jrc.ec.europa.eu/documents/d/stecf/stecf_24-10_stock-assess-west-med,NA,Fmsy,DPS_1,1.02,0.931372549,NA,NA,330.3,NA,Parapenaeus longirostris,Deep-water rose shrimp,NA,NA,NA,2024,NA,Y,STECF
Western Med.,DPS,1,2019,728754,573,354.15,0.91,a4a,https://stecf.jrc.ec.europa.eu/documents/d/stecf/stecf_24-10_stock-assess-west-med,NA,Fmsy,DPS_1,1.02,0.892156863,NA,NA,355.2,NA,Parapenaeus longirostris,Deep-water rose shrimp,NA,NA,NA,2024,NA,Y,STECF
Western Med.,DPS,1,2020,1575538,551,482.93,0.92,a4a,https://stecf.jrc.ec.europa.eu/documents/d/stecf/stecf_24-10_stock-assess-west-med,NA,Fmsy,DPS_1,1.02,0.901960784,NA,NA,484.9,NA,Parapenaeus longirostris,Deep-water rose shrimp,NA,NA,NA,2024,NA,Y,STECF
Western Med.,DPS,1,2021,2018112,837,564.23,0.95,a4a,https://stecf.jrc.ec.europa.eu/documents/d/stecf/stecf_24-10_stock-assess-west-med,NA,Fmsy,DPS_1,1.02,0.931372549,NA,NA,564.2,NA,Parapenaeus longirostris,Deep-water rose shrimp,NA,NA,NA,2024,NA,Y,STECF
Western Med.,DPS,1,2022,1900315,1087,847.311,0.97,a4a,https://stecf.jrc.ec.europa.eu/documents/d/stecf/stecf_24-10_stock-assess-west-med,NA,Fmsy,DPS_1,1.02,0.950980392,NA,NA,849.2,NA,Parapenaeus longirostris,Deep-water rose shrimp,NA,NA,NA,2024,NA,Y,STECF
Western Med.,DPS,1,2023,431673,1105,977.486,0.99,a4a,https://stecf.jrc.ec.europa.eu/documents/d/stecf/stecf_24-10_stock-assess-west-med,NA,Fmsy,DPS_1,1.02,0.970588235,NA,NA,980.1,NA,Parapenaeus longirostris,Deep-water rose shrimp,NA,NA,NA,2024,NA,Y,STECF
Western Med.,DPS,5_6_7,2008,138086.9,91.69,180.26,0.581,a4a,https://stecf.jrc.ec.europa.eu/ewg2309,NA,Fmsy,DPS_5_6_7,1.49,0.389932886,NA,NA,44.73,NA,Parapenaeus longirostris,Deep-water rose shrimp,NA,NA,NA,2024,NA,Y,STECF
Western Med.,DPS,5_6_7,2009,153844.6,113.73,138.15,0.586,a4a,https://stecf.jrc.ec.europa.eu/ewg2309,NA,Fmsy,DPS_5_6_7,1.49,0.393288591,NA,NA,61.21,NA,Parapenaeus longirostris,Deep-water rose shrimp,NA,NA,NA,2024,NA,Y,STECF
Western Med.,DPS,5_6_7,2010,177285.7,133.98,72.72,0.581,a4a,https://stecf.jrc.ec.europa.eu/ewg2309,NA,Fmsy,DPS_5_6_7,1.49,0.389932886,NA,NA,66.62,NA,Parapenaeus longirostris,Deep-water rose shrimp,NA,NA,NA,2024,NA,Y,STECF
Western Med.,DPS,5_6_7,2011,217956,151.55,46.26,0.566,a4a,https://stecf.jrc.ec.europa.eu/ewg2309,NA,Fmsy,DPS_5_6_7,1.49,0.379865772,NA,NA,72.87,NA,Parapenaeus longirostris,Deep-water rose shrimp,NA,NA,NA,2024,NA,Y,STECF
Western Med.,DPS,5_6_7,2012,289786.9,182.13,26.19,0.547,a4a,https://stecf.jrc.ec.europa.eu/ewg2309,NA,Fmsy,DPS_5_6_7,1.49,0.367114094,NA,NA,84.89,NA,Parapenaeus longirostris,Deep-water rose shrimp,NA,NA,NA,2024,NA,Y,STECF
Western Med.,DPS,5_6_7,2013,412134.2,239.17,30.2,0.54,a4a,https://stecf.jrc.ec.europa.eu/ewg2309,NA,Fmsy,DPS_5_6_7,1.49,0.362416107,NA,NA,113.79,NA,Parapenaeus longirostris,Deep-water rose shrimp,NA,NA,NA,2024,NA,Y,STECF
Western Med.,DPS,5_6_7,2014,607398.4,310.85,44.28,0.563,a4a,https://stecf.jrc.ec.europa.eu/ewg2309,NA,Fmsy,DPS_5_6_7,1.49,0.377852349,NA,NA,154.98,NA,Parapenaeus longirostris,Deep-water rose shrimp,NA,NA,NA,2024,NA,Y,STECF
Western Med.,DPS,5_6_7,2015,890126,430.12,54.34,0.634,a4a,https://stecf.jrc.ec.europa.eu/ewg2309,NA,Fmsy,DPS_5_6_7,1.49,0.425503356,NA,NA,245.4,NA,Parapenaeus longirostris,Deep-water rose shrimp,NA,NA,NA,2024,NA,Y,STECF
Western Med.,DPS,5_6_7,2016,1249603.1,571.68,82.27,0.767,a4a,https://stecf.jrc.ec.europa.eu/ewg2309,NA,Fmsy,DPS_5_6_7,1.49,0.514765101,NA,NA,396.96,NA,Parapenaeus longirostris,Deep-water rose shrimp,NA,NA,NA,2024,NA,Y,STECF
Western Med.,DPS,5_6_7,2017,1643278,706.07,78.16,0.968,a4a,https://stecf.jrc.ec.europa.eu/ewg2309,NA,Fmsy,DPS_5_6_7,1.49,0.64966443,NA,NA,637.98,NA,Parapenaeus longirostris,Deep-water rose shrimp,NA,NA,NA,2024,NA,Y,STECF
Western Med.,DPS,5_6_7,2018,2018810.7,840.67,95.15,1.208,a4a,https://stecf.jrc.ec.europa.eu/ewg2309,NA,Fmsy,DPS_5_6_7,1.49,0.810738255,NA,NA,975.83,NA,Parapenaeus longirostris,Deep-water rose shrimp,NA,NA,NA,2024,NA,Y,STECF
Western Med.,DPS,5_6_7,2019,2350961.1,809.97,97.63,1.409,a4a,https://stecf.jrc.ec.europa.eu/ewg2309,NA,Fmsy,DPS_5_6_7,1.49,0.945637584,NA,NA,1136.39,NA,Parapenaeus longirostris,Deep-water rose shrimp,NA,NA,NA,2024,NA,Y,STECF
Western Med.,DPS,5_6_7,2020,2657242,842.1,144.5,1.467,a4a,https://stecf.jrc.ec.europa.eu/ewg2309,NA,Fmsy,DPS_5_6_7,1.49,0.984563758,NA,NA,1237.43,NA,Parapenaeus longirostris,Deep-water rose shrimp,NA,NA,NA,2024,NA,Y,STECF
Western Med.,DPS,5_6_7,2021,2981100.3,1047.65,200.63,1.349,a4a,https://stecf.jrc.ec.europa.eu/ewg2309,NA,Fmsy,DPS_5_6_7,1.49,0.905369128,NA,NA,1422.95,NA,Parapenaeus longirostris,Deep-water rose shrimp,NA,NA,NA,2024,NA,Y,STECF
Western Med.,DPS,5_6_7,2022,3362500.7,1310.14,550.38,1.12,a4a,https://stecf.jrc.ec.europa.eu/ewg2309,NA,Fmsy,DPS_5_6_7,1.49,0.751677852,NA,NA,1446.46,NA,Parapenaeus longirostris,Deep-water rose shrimp,NA,NA,NA,2024,NA,Y,STECF
Western Med.,DPS,5_6_7,2023,3816789.5,1835.59,785.62,0.882,a4a,https://stecf.jrc.ec.europa.eu/ewg2309,NA,Fmsy,DPS_5_6_7,1.49,0.591946309,NA,NA,1552.06,NA,Parapenaeus longirostris,Deep-water rose shrimp,NA,NA,NA,2024,NA,Y,STECF
Western Med.,DPS,8_9_10_11,2009,2591147,765,704,0.677,a4a_catch_proj,https://stecf.jrc.ec.europa.eu/documents/d/stecf/stecf_24-10_stock-assess-west-med,NA,Fmsy,DPS_8_9_10_11,1.39,0.48705036,NA,199,750,NA,Parapenaeus longirostris,Deep-water rose shrimp,794,Bmsy,0.963476071,2024,NA,Y,STECF
Western Med.,DPS,8_9_10_11,2010,2547348,935,870,0.727,a4a_catch_proj,https://stecf.jrc.ec.europa.eu/documents/d/stecf/stecf_24-10_stock-assess-west-med,NA,Fmsy,DPS_8_9_10_11,1.39,0.523021583,NA,199,900,NA,Parapenaeus longirostris,Deep-water rose shrimp,794,Bmsy,1.177581864,2024,NA,Y,STECF
Western Med.,DPS,8_9_10_11,2011,2945119,952,1015,0.798,a4a_catch_proj,https://stecf.jrc.ec.europa.eu/documents/d/stecf/stecf_24-10_stock-assess-west-med,NA,Fmsy,DPS_8_9_10_11,1.39,0.574100719,NA,199,1081,NA,Parapenaeus longirostris,Deep-water rose shrimp,794,Bmsy,1.198992443,2024,NA,Y,STECF
Western Med.,DPS,8_9_10_11,2012,2862406,990,1129,0.896,a4a_catch_proj,https://stecf.jrc.ec.europa.eu/documents/d/stecf/stecf_24-10_stock-assess-west-med,NA,Fmsy,DPS_8_9_10_11,1.39,0.644604317,NA,199,1141,NA,Parapenaeus longirostris,Deep-water rose shrimp,794,Bmsy,1.246851385,2024,NA,Y,STECF
Western Med.,DPS,8_9_10_11,2013,3022595,951,1200,1.001,a4a_catch_proj,https://stecf.jrc.ec.europa.eu/documents/d/stecf/stecf_24-10_stock-assess-west-med,NA,Fmsy,DPS_8_9_10_11,1.39,0.720143885,NA,199,1239,NA,Parapenaeus longirostris,Deep-water rose shrimp,794,Bmsy,1.197732997,2024,NA,Y,STECF
Western Med.,DPS,8_9_10_11,2014,2735828,906,1103,1.062,a4a_catch_proj,https://stecf.jrc.ec.europa.eu/documents/d/stecf/stecf_24-10_stock-assess-west-med,NA,Fmsy,DPS_8_9_10_11,1.39,0.764028777,NA,199,1151,NA,Parapenaeus longirostris,Deep-water rose shrimp,794,Bmsy,1.141057935,2024,NA,Y,STECF
Western Med.,DPS,8_9_10_11,2015,3354791,776,1385,1.053,a4a_catch_proj,https://stecf.jrc.ec.europa.eu/documents/d/stecf/stecf_24-10_stock-assess-west-med,NA,Fmsy,DPS_8_9_10_11,1.39,0.757553957,NA,199,1488,NA,Parapenaeus longirostris,Deep-water rose shrimp,794,Bmsy,0.977329975,2024,NA,Y,STECF
Western Med.,DPS,8_9_10_11,2016,3910025,866,1432,1.002,a4a_catch_proj,https://stecf.jrc.ec.europa.eu/documents/d/stecf/stecf_24-10_stock-assess-west-med,NA,Fmsy,DPS_8_9_10_11,1.39,0.720863309,NA,199,1473,NA,Parapenaeus longirostris,Deep-water rose shrimp,794,Bmsy,1.090680101,2024,NA,Y,STECF
Western Med.,DPS,8_9_10_11,2017,3797758,1183,1431,0.97,a4a_catch_proj,https://stecf.jrc.ec.europa.eu/documents/d/stecf/stecf_24-10_stock-assess-west-med,NA,Fmsy,DPS_8_9_10_11,1.39,0.697841727,NA,199,1477,NA,Parapenaeus longirostris,Deep-water rose shrimp,794,Bmsy,1.489924433,2024,NA,Y,STECF
Western Med.,DPS,8_9_10_11,2018,4275666,1273,1675,1.01,a4a_catch_proj,https://stecf.jrc.ec.europa.eu/documents/d/stecf/stecf_24-10_stock-assess-west-med,NA,Fmsy,DPS_8_9_10_11,1.39,0.726618705,NA,199,1725,NA,Parapenaeus longirostris,Deep-water rose shrimp,794,Bmsy,1.603274559,2024,NA,Y,STECF
Western Med.,DPS,8_9_10_11,2019,3847642,1336,1750,1.11,a4a_catch_proj,https://stecf.jrc.ec.europa.eu/documents/d/stecf/stecf_24-10_stock-assess-west-med,NA,Fmsy,DPS_8_9_10_11,1.39,0.798561151,NA,199,2035,NA,Parapenaeus longirostris,Deep-water rose shrimp,794,Bmsy,1.682619647,2024,NA,Y,STECF
Western Med.,DPS,8_9_10_11,2020,4319066,1203,1976,1.23,a4a_catch_proj,https://stecf.jrc.ec.europa.eu/documents/d/stecf/stecf_24-10_stock-assess-west-med,NA,Fmsy,DPS_8_9_10_11,1.39,0.884892086,NA,199,2047,NA,Parapenaeus longirostris,Deep-water rose shrimp,794,Bmsy,1.51511335,2024,NA,Y,STECF
Western Med.,DPS,8_9_10_11,2021,3428528,1009,1686,1.3,a4a_catch_proj,https://stecf.jrc.ec.europa.eu/documents/d/stecf/stecf_24-10_stock-assess-west-med,NA,Fmsy,DPS_8_9_10_11,1.39,0.935251799,NA,199,1908,NA,Parapenaeus longirostris,Deep-water rose shrimp,794,Bmsy,1.270780856,2024,NA,Y,STECF
Western Med.,DPS,8_9_10_11,2022,3730804,994,1481,1.26,a4a_catch_proj,https://stecf.jrc.ec.europa.eu/documents/d/stecf/stecf_24-10_stock-assess-west-med,NA,Fmsy,DPS_8_9_10_11,1.39,0.90647482,NA,199,1689,NA,Parapenaeus longirostris,Deep-water rose shrimp,794,Bmsy,1.251889169,2024,NA,Y,STECF
Western Med.,DPS,8_9_10_11,2023,3724172,968,1462,1.15,a4a_catch_proj,https://stecf.jrc.ec.europa.eu/documents/d/stecf/stecf_24-10_stock-assess-west-med,NA,Fmsy,DPS_8_9_10_11,1.39,0.827338129,NA,199,1600,NA,Parapenaeus longirostris,Deep-water rose shrimp,794,Bmsy,1.219143577,2024,NA,Y,STECF
Central Med.,HKE,20,2003,190504,1655,1058,0.75,a4a,https://stecf.jrc.ec.europa.eu/ewg2312,NA,Fmsy,HKE_20,0.215,3.488372093,NA,NA,1117,3697,Merluccius merluccius,European hake,NA,NA,NA,2023,NA,Y,STECF
Central Med.,HKE,20,2004,250943,2088,1187,0.83,a4a,https://stecf.jrc.ec.europa.eu/ewg2312,NA,Fmsy,HKE_20,0.215,3.860465116,NA,NA,1230,4609,Merluccius merluccius,European hake,NA,NA,NA,2023,NA,Y,STECF
Central Med.,HKE,20,2005,273507,2234,1338,0.92,a4a,https://stecf.jrc.ec.europa.eu/ewg2312,NA,Fmsy,HKE_20,0.215,4.279069767,NA,NA,1421,5040,Merluccius merluccius,European hake,NA,NA,NA,2023,NA,Y,STECF
Central Med.,HKE,20,2006,241443,2435,1716,0.99,a4a,https://stecf.jrc.ec.europa.eu/ewg2312,NA,Fmsy,HKE_20,0.215,4.604651163,NA,NA,1797,5158,Merluccius merluccius,European hake,NA,NA,NA,2023,NA,Y,STECF
Central Med.,HKE,20,2007,204911,2692,1610,1.05,a4a,https://stecf.jrc.ec.europa.eu/ewg2312,NA,Fmsy,HKE_20,0.215,4.88372093,NA,NA,1682,5394,Merluccius merluccius,European hake,NA,NA,NA,2023,NA,Y,STECF
Central Med.,HKE,20,2008,196327,2486,1748,1.09,a4a,https://stecf.jrc.ec.europa.eu/ewg2312,NA,Fmsy,HKE_20,0.215,5.069767442,NA,NA,1827,5038,Merluccius merluccius,European hake,NA,NA,NA,2023,NA,Y,STECF
Central Med.,HKE,20,2009,203742,2134,1584,1.1,a4a,https://stecf.jrc.ec.europa.eu/ewg2312,NA,Fmsy,HKE_20,0.215,5.11627907,NA,NA,1658,4594,Merluccius merluccius,European hake,NA,NA,NA,2023,NA,Y,STECF
Central Med.,HKE,20,2010,188764,2017,1378,1.06,a4a,https://stecf.jrc.ec.europa.eu/ewg2312,NA,Fmsy,HKE_20,0.215,4.930232558,NA,NA,1441,4408,Merluccius merluccius,European hake,NA,NA,NA,2023,NA,Y,STECF
Central Med.,HKE,20,2011,139351,2058,1306,1,a4a,https://stecf.jrc.ec.europa.eu/ewg2312,NA,Fmsy,HKE_20,0.215,4.651162791,NA,NA,1361,4053,Merluccius merluccius,European hake,NA,NA,NA,2023,NA,Y,STECF
Central Med.,HKE,20,2012,91823,2076,1379,0.93,a4a,https://stecf.jrc.ec.europa.eu/ewg2312,NA,Fmsy,HKE_20,0.215,4.325581395,NA,NA,1438,3520,Merluccius merluccius,European hake,NA,NA,NA,2023,NA,Y,STECF
Central Med.,HKE,20,2013,68740,1944,1462,0.86,a4a,https://stecf.jrc.ec.europa.eu/ewg2312,NA,Fmsy,HKE_20,0.215,4,NA,NA,1509,3027,Merluccius merluccius,European hake,NA,NA,NA,2023,NA,Y,STECF
Central Med.,HKE,20,2014,67111,1621,964,0.79,a4a,https://stecf.jrc.ec.europa.eu/ewg2312,NA,Fmsy,HKE_20,0.215,3.674418605,NA,NA,978,2515,Merluccius merluccius,European hake,NA,NA,NA,2023,NA,Y,STECF
Central Med.,HKE,20,2015,79087,1546,649,0.73,a4a,https://stecf.jrc.ec.europa.eu/ewg2312,NA,Fmsy,HKE_20,0.215,3.395348837,NA,NA,702,2581,Merluccius merluccius,European hake,NA,NA,NA,2023,NA,Y,STECF
Central Med.,HKE,20,2016,93634,1380,528,0.68,a4a,https://stecf.jrc.ec.europa.eu/ewg2312,NA,Fmsy,HKE_20,0.215,3.162790698,NA,NA,548,2504,Merluccius merluccius,European hake,NA,NA,NA,2023,NA,Y,STECF
Central Med.,HKE,20,2017,100615,1447,693,0.65,a4a,https://stecf.jrc.ec.europa.eu/ewg2312,NA,Fmsy,HKE_20,0.215,3.023255814,NA,NA,720,2667,Merluccius merluccius,European hake,NA,NA,NA,2023,NA,Y,STECF
Central Med.,HKE,20,2018,102491,1741,748,0.62,a4a,https://stecf.jrc.ec.europa.eu/ewg2312,NA,Fmsy,HKE_20,0.215,2.88372093,NA,NA,801,3108,Merluccius merluccius,European hake,NA,NA,NA,2023,NA,Y,STECF
Central Med.,HKE,20,2019,108356,1929,986,0.6,a4a,https://stecf.jrc.ec.europa.eu/ewg2312,NA,Fmsy,HKE_20,0.215,2.790697674,NA,NA,1006,3305,Merluccius merluccius,European hake,NA,NA,NA,2023,NA,Y,STECF
Central Med.,HKE,20,2020,121601,2321,959,0.59,a4a,https://stecf.jrc.ec.europa.eu/ewg2312,NA,Fmsy,HKE_20,0.215,2.744186047,NA,NA,977,3844,Merluccius merluccius,European hake,NA,NA,NA,2023,NA,Y,STECF
Central Med.,HKE,20,2021,138302,2577,782,0.57,a4a,https://stecf.jrc.ec.europa.eu/ewg2312,NA,Fmsy,HKE_20,0.215,2.651162791,NA,NA,795,4366,Merluccius merluccius,European hake,NA,NA,NA,2023,NA,Y,STECF
Central Med.,HKE,20,2022,154352,2982,1139,0.57,a4a,https://stecf.jrc.ec.europa.eu/ewg2312,NA,Fmsy,HKE_20,0.215,2.651162791,NA,NA,1155,4814,Merluccius merluccius,European hake,NA,NA,NA,2023,NA,Y,STECF
Eastern Med.,HKE,22,2003,825590,5932,3790,0.663,a4a,https://stecf.jrc.ec.europa.eu/ewg2312,NA,Fmsy,HKE_22,0.114,5.815789474,NA,NA,3936,NA,Merluccius merluccius,European hake,NA,NA,NA,2023,NA,Y,STECF
Eastern Med.,HKE,22,2004,839464,8402,3977,0.819,a4a,https://stecf.jrc.ec.europa.eu/ewg2312,NA,Fmsy,HKE_22,0.114,7.184210526,NA,NA,4551,NA,Merluccius merluccius,European hake,NA,NA,NA,2023,NA,Y,STECF
Eastern Med.,HKE,22,2005,932316,9153,5480,0.955,a4a,https://stecf.jrc.ec.europa.eu/ewg2312,NA,Fmsy,HKE_22,0.114,8.377192982,NA,NA,5997,NA,Merluccius merluccius,European hake,NA,NA,NA,2023,NA,Y,STECF
Eastern Med.,HKE,22,2006,885456,8949,6212,1.013,a4a,https://stecf.jrc.ec.europa.eu/ewg2312,NA,Fmsy,HKE_22,0.114,8.885964912,NA,NA,6514,NA,Merluccius merluccius,European hake,NA,NA,NA,2023,NA,Y,STECF
Eastern Med.,HKE,22,2007,892000,9256,7119,0.997,a4a,https://stecf.jrc.ec.europa.eu/ewg2312,NA,Fmsy,HKE_22,0.114,8.745614035,NA,NA,7119,NA,Merluccius merluccius,European hake,NA,NA,NA,2023,NA,Y,STECF
Eastern Med.,HKE,22,2008,730740,8802,5548,0.961,a4a,https://stecf.jrc.ec.europa.eu/ewg2312,NA,Fmsy,HKE_22,0.114,8.429824561,NA,NA,5997,NA,Merluccius merluccius,European hake,NA,NA,NA,2023,NA,Y,STECF
Eastern Med.,HKE,22,2009,529067,8541,5698,0.94,a4a,https://stecf.jrc.ec.europa.eu/ewg2312,NA,Fmsy,HKE_22,0.114,8.245614035,NA,NA,5698,NA,Merluccius merluccius,European hake,NA,NA,NA,2023,NA,Y,STECF
Eastern Med.,HKE,22,2010,596493,7310,4852,0.913,a4a,https://stecf.jrc.ec.europa.eu/ewg2312,NA,Fmsy,HKE_22,0.114,8.00877193,NA,NA,4852,NA,Merluccius merluccius,European hake,NA,NA,NA,2023,NA,Y,STECF
Eastern Med.,HKE,22,2011,628612,6292,4351,0.826,a4a,https://stecf.jrc.ec.europa.eu/ewg2312,NA,Fmsy,HKE_22,0.114,7.245614035,NA,NA,4351,NA,Merluccius merluccius,European hake,NA,NA,NA,2023,NA,Y,STECF
Eastern Med.,HKE,22,2012,501863,6399,4506,0.714,a4a,https://stecf.jrc.ec.europa.eu/ewg2312,NA,Fmsy,HKE_22,0.114,6.263157895,NA,NA,4506,NA,Merluccius merluccius,European hake,NA,NA,NA,2023,NA,Y,STECF
Eastern Med.,HKE,22,2013,435710,7149,4404,0.66,a4a,https://stecf.jrc.ec.europa.eu/ewg2312,NA,Fmsy,HKE_22,0.114,5.789473684,NA,NA,4419.5,NA,Merluccius merluccius,European hake,NA,NA,NA,2023,NA,Y,STECF
Eastern Med.,HKE,22,2014,405976,7616,3805,0.654,a4a,https://stecf.jrc.ec.europa.eu/ewg2312,NA,Fmsy,HKE_22,0.114,5.736842105,NA,NA,3852,NA,Merluccius merluccius,European hake,NA,NA,NA,2023,NA,Y,STECF
Eastern Med.,HKE,22,2015,383726,7743,4097,0.614,a4a,https://stecf.jrc.ec.europa.eu/ewg2312,NA,Fmsy,HKE_22,0.114,5.385964912,NA,NA,4097.7,NA,Merluccius merluccius,European hake,NA,NA,NA,2023,NA,Y,STECF
Eastern Med.,HKE,22,2016,438131,7888,3704,0.555,a4a,https://stecf.jrc.ec.europa.eu/ewg2312,NA,Fmsy,HKE_22,0.114,4.868421053,NA,NA,3799,NA,Merluccius merluccius,European hake,NA,NA,NA,2023,NA,Y,STECF
Eastern Med.,HKE,22,2017,521165,8297,4048,0.544,a4a,https://stecf.jrc.ec.europa.eu/ewg2312,NA,Fmsy,HKE_22,0.114,4.771929825,NA,NA,4048,NA,Merluccius merluccius,European hake,NA,NA,NA,2023,NA,Y,STECF
Eastern Med.,HKE,22,2018,535150,9055,4080,0.586,a4a,https://stecf.jrc.ec.europa.eu/ewg2312,NA,Fmsy,HKE_22,0.114,5.140350877,NA,NA,4202,NA,Merluccius merluccius,European hake,NA,NA,NA,2023,NA,Y,STECF
Eastern Med.,HKE,22,2019,540278,9292,4485,0.639,a4a,https://stecf.jrc.ec.europa.eu/ewg2312,NA,Fmsy,HKE_22,0.114,5.605263158,NA,NA,4723,NA,Merluccius merluccius,European hake,NA,NA,NA,2023,NA,Y,STECF
Eastern Med.,HKE,22,2020,491207,9370,4255,0.653,a4a,https://stecf.jrc.ec.europa.eu/ewg2312,NA,Fmsy,HKE_22,0.114,5.728070175,NA,NA,4444,NA,Merluccius merluccius,European hake,NA,NA,NA,2023,NA,Y,STECF
Eastern Med.,HKE,22,2021,612206,8997,3334,0.596,a4a,https://stecf.jrc.ec.europa.eu/ewg2312,NA,Fmsy,HKE_22,0.114,5.228070175,NA,NA,3454,NA,Merluccius merluccius,European hake,NA,NA,NA,2023,NA,Y,STECF
Eastern Med.,HKE,22,2022,635430,9327,3894,0.49,a4a,https://stecf.jrc.ec.europa.eu/ewg2312,NA,Fmsy,HKE_22,0.114,4.298245614,NA,NA,4036,NA,Merluccius merluccius,European hake,NA,NA,NA,2023,NA,Y,STECF
Central Med.,MUR,15_16,2005,37506,1281,903,0.615,a4a,https://stecf.jrc.ec.europa.eu/documents/d/stecf/stecf_22-16,NA,Fmsy,MUR_15_16,0.272,2.261029412,NA,NA,903,NA,Mullus surmuletus,Surmullet,NA,NA,NA,2023,NA,N,STECF
Central Med.,MUR,15_16,2006,43870,1603,1094,0.646,a4a,https://stecf.jrc.ec.europa.eu/documents/d/stecf/stecf_22-16,NA,Fmsy,MUR_15_16,0.272,2.375,NA,NA,1094,NA,Mullus surmuletus,Surmullet,NA,NA,NA,2023,NA,N,STECF
Central Med.,MUR,15_16,2007,46222,1652,1149,0.669,a4a,https://stecf.jrc.ec.europa.eu/documents/d/stecf/stecf_22-16,NA,Fmsy,MUR_15_16,0.272,2.459558824,NA,NA,1149,NA,Mullus surmuletus,Surmullet,NA,NA,NA,2023,NA,N,STECF
Central Med.,MUR,15_16,2008,41099,1599,1212,0.677,a4a,https://stecf.jrc.ec.europa.eu/documents/d/stecf/stecf_22-16,NA,Fmsy,MUR_15_16,0.272,2.488970588,NA,NA,1212,NA,Mullus surmuletus,Surmullet,NA,NA,NA,2023,NA,N,STECF
Central Med.,MUR,15_16,2009,31763,1390,1136,0.662,a4a,https://stecf.jrc.ec.europa.eu/documents/d/stecf/stecf_22-16,NA,Fmsy,MUR_15_16,0.272,2.433823529,NA,NA,1136,NA,Mullus surmuletus,Surmullet,NA,NA,NA,2023,NA,N,STECF
Central Med.,MUR,15_16,2010,24010,1170,919,0.63,a4a,https://stecf.jrc.ec.europa.eu/documents/d/stecf/stecf_22-16,NA,Fmsy,MUR_15_16,0.272,2.316176471,NA,NA,919,NA,Mullus surmuletus,Surmullet,NA,NA,NA,2023,NA,N,STECF
Central Med.,MUR,15_16,2011,20365,1030,757,0.592,a4a,https://stecf.jrc.ec.europa.eu/documents/d/stecf/stecf_22-16,NA,Fmsy,MUR_15_16,0.272,2.176470588,NA,NA,757,NA,Mullus surmuletus,Surmullet,NA,NA,NA,2023,NA,N,STECF
Central Med.,MUR,15_16,2012,20857,977,635,0.566,a4a,https://stecf.jrc.ec.europa.eu/documents/d/stecf/stecf_22-16,NA,Fmsy,MUR_15_16,0.272,2.080882353,NA,NA,635,NA,Mullus surmuletus,Surmullet,NA,NA,NA,2023,NA,N,STECF
Central Med.,MUR,15_16,2013,24932,994,626,0.569,a4a,https://stecf.jrc.ec.europa.eu/documents/d/stecf/stecf_22-16,NA,Fmsy,MUR_15_16,0.272,2.091911765,NA,NA,626,NA,Mullus surmuletus,Surmullet,NA,NA,NA,2023,NA,N,STECF
Central Med.,MUR,15_16,2014,30915,943,671,0.611,a4a,https://stecf.jrc.ec.europa.eu/documents/d/stecf/stecf_22-16,NA,Fmsy,MUR_15_16,0.272,2.246323529,NA,NA,671,NA,Mullus surmuletus,Surmullet,NA,NA,NA,2023,NA,N,STECF
Central Med.,MUR,15_16,2015,35003,1083,840,0.694,a4a,https://stecf.jrc.ec.europa.eu/documents/d/stecf/stecf_22-16,NA,Fmsy,MUR_15_16,0.272,2.551470588,NA,NA,840,NA,Mullus surmuletus,Surmullet,NA,NA,NA,2023,NA,N,STECF
Central Med.,MUR,15_16,2016,34091,1051,975,0.797,a4a,https://stecf.jrc.ec.europa.eu/documents/d/stecf/stecf_22-16,NA,Fmsy,MUR_15_16,0.272,2.930147059,NA,NA,975,NA,Mullus surmuletus,Surmullet,NA,NA,NA,2023,NA,N,STECF
Central Med.,MUR,15_16,2017,29735,1022,995,0.864,a4a,https://stecf.jrc.ec.europa.eu/documents/d/stecf/stecf_22-16,NA,Fmsy,MUR_15_16,0.272,3.176470588,NA,NA,995,NA,Mullus surmuletus,Surmullet,NA,NA,NA,2023,NA,N,STECF
Central Med.,MUR,15_16,2018,25879,911,853,0.831,a4a,https://stecf.jrc.ec.europa.eu/documents/d/stecf/stecf_22-16,NA,Fmsy,MUR_15_16,0.272,3.055147059,NA,NA,853,NA,Mullus surmuletus,Surmullet,NA,NA,NA,2023,NA,N,STECF
Central Med.,MUR,15_16,2019,24896,822,651,0.689,a4a,https://stecf.jrc.ec.europa.eu/documents/d/stecf/stecf_22-16,NA,Fmsy,MUR_15_16,0.272,2.533088235,NA,NA,651,NA,Mullus surmuletus,Surmullet,NA,NA,NA,2023,NA,N,STECF
Central Med.,MUR,15_16,2020,27334,1014,541,0.502,a4a,https://stecf.jrc.ec.europa.eu/documents/d/stecf/stecf_22-16,NA,Fmsy,MUR_15_16,0.272,1.845588235,NA,NA,541,NA,Mullus surmuletus,Surmullet,NA,NA,NA,2023,NA,N,STECF
Central Med.,MUR,15_16,2021,32627,1165,478,0.341,a4a,https://stecf.jrc.ec.europa.eu/documents/d/stecf/stecf_22-16,NA,Fmsy,MUR_15_16,0.272,1.253676471,NA,NA,478,NA,Mullus surmuletus,Surmullet,NA,NA,NA,2023,NA,N,STECF
Western Med.,MUT,1,2002,21214.6,89.9,111.28,1.28,a4a,https://stecf.jrc.ec.europa.eu/documents/d/stecf/stecf_24-10_stock-assess-west-med,NA,Fmsy,MUT_1,0.63,2.031746032,NA,NA,107.7,NA,Mullus barbatus,Red mullet,NA,NA,NA,2024,NA,Y,STECF
Western Med.,MUT,1,2003,36556.4,82.5,159.68,1.71,a4a,https://stecf.jrc.ec.europa.eu/documents/d/stecf/stecf_24-10_stock-assess-west-med,NA,Fmsy,MUT_1,0.63,2.714285714,NA,NA,144.8,NA,Mullus barbatus,Red mullet,NA,NA,NA,2024,NA,Y,STECF
Western Med.,MUT,1,2004,31936.5,88.2,154.07,1.9,a4a,https://stecf.jrc.ec.europa.eu/documents/d/stecf/stecf_24-10_stock-assess-west-med,NA,Fmsy,MUT_1,0.63,3.015873016,NA,NA,151.3,NA,Mullus barbatus,Red mullet,NA,NA,NA,2024,NA,Y,STECF
Western Med.,MUT,1,2005,36057.7,99.4,140.21,1.68,a4a,https://stecf.jrc.ec.europa.eu/documents/d/stecf/stecf_24-10_stock-assess-west-med,NA,Fmsy,MUT_1,0.63,2.666666667,NA,NA,157.5,NA,Mullus barbatus,Red mullet,NA,NA,NA,2024,NA,Y,STECF
Western Med.,MUT,1,2006,41203.5,107.1,164.54,1.42,a4a,https://stecf.jrc.ec.europa.eu/documents/d/stecf/stecf_24-10_stock-assess-west-med,NA,Fmsy,MUT_1,0.63,2.253968254,NA,NA,140.3,NA,Mullus barbatus,Red mullet,NA,NA,NA,2024,NA,Y,STECF
Western Med.,MUT,1,2007,39803.9,137.1,194.01,1.38,a4a,https://stecf.jrc.ec.europa.eu/documents/d/stecf/stecf_24-10_stock-assess-west-med,NA,Fmsy,MUT_1,0.63,2.19047619,NA,NA,175.8,NA,Mullus barbatus,Red mullet,NA,NA,NA,2024,NA,Y,STECF
Western Med.,MUT,1,2008,41113.2,126.8,193.65,1.53,a4a,https://stecf.jrc.ec.europa.eu/documents/d/stecf/stecf_24-10_stock-assess-west-med,NA,Fmsy,MUT_1,0.63,2.428571429,NA,NA,196.3,NA,Mullus barbatus,Red mullet,NA,NA,NA,2024,NA,Y,STECF
Western Med.,MUT,1,2009,36974.7,118.7,228.37,1.71,a4a,https://stecf.jrc.ec.europa.eu/documents/d/stecf/stecf_24-10_stock-assess-west-med,NA,Fmsy,MUT_1,0.63,2.714285714,NA,NA,209.1,NA,Mullus barbatus,Red mullet,NA,NA,NA,2024,NA,Y,STECF
Western Med.,MUT,1,2010,31220.1,97.4,201.65,1.76,a4a,https://stecf.jrc.ec.europa.eu/documents/d/stecf/stecf_24-10_stock-assess-west-med,NA,Fmsy,MUT_1,0.63,2.793650794,NA,NA,175,NA,Mullus barbatus,Red mullet,NA,NA,NA,2024,NA,Y,STECF
Western Med.,MUT,1,2011,26019.4,76.3,201.18,1.73,a4a,https://stecf.jrc.ec.europa.eu/documents/d/stecf/stecf_24-10_stock-assess-west-med,NA,Fmsy,MUT_1,0.63,2.746031746,NA,NA,133.4,NA,Mullus barbatus,Red mullet,NA,NA,NA,2024,NA,Y,STECF
Western Med.,MUT,1,2012,28054.7,71,107.31,1.76,a4a,https://stecf.jrc.ec.europa.eu/documents/d/stecf/stecf_24-10_stock-assess-west-med,NA,Fmsy,MUT_1,0.63,2.793650794,NA,NA,125.6,NA,Mullus barbatus,Red mullet,NA,NA,NA,2024,NA,Y,STECF
Western Med.,MUT,1,2013,29242,71.7,131.63,1.84,a4a,https://stecf.jrc.ec.europa.eu/documents/d/stecf/stecf_24-10_stock-assess-west-med,NA,Fmsy,MUT_1,0.63,2.920634921,NA,NA,127.6,NA,Mullus barbatus,Red mullet,NA,NA,NA,2024,NA,Y,STECF
Western Med.,MUT,1,2014,42995.1,70.6,123.87,1.86,a4a,https://stecf.jrc.ec.europa.eu/documents/d/stecf/stecf_24-10_stock-assess-west-med,NA,Fmsy,MUT_1,0.63,2.952380952,NA,NA,128.6,NA,Mullus barbatus,Red mullet,NA,NA,NA,2024,NA,Y,STECF
Western Med.,MUT,1,2015,47598.7,97.9,135.9,1.82,a4a,https://stecf.jrc.ec.europa.eu/documents/d/stecf/stecf_24-10_stock-assess-west-med,NA,Fmsy,MUT_1,0.63,2.888888889,NA,NA,167.9,NA,Mullus barbatus,Red mullet,NA,NA,NA,2024,NA,Y,STECF
Western Med.,MUT,1,2016,40325.2,124.2,260.49,1.84,a4a,https://stecf.jrc.ec.europa.eu/documents/d/stecf/stecf_24-10_stock-assess-west-med,NA,Fmsy,MUT_1,0.63,2.920634921,NA,NA,221.9,NA,Mullus barbatus,Red mullet,NA,NA,NA,2024,NA,Y,STECF
Western Med.,MUT,1,2017,34088.1,112.3,274.67,1.95,a4a,https://stecf.jrc.ec.europa.eu/documents/d/stecf/stecf_24-10_stock-assess-west-med,NA,Fmsy,MUT_1,0.63,3.095238095,NA,NA,217.2,NA,Mullus barbatus,Red mullet,NA,NA,NA,2024,NA,Y,STECF
Western Med.,MUT,1,2018,31146.7,84.3,170.23,1.94,a4a,https://stecf.jrc.ec.europa.eu/documents/d/stecf/stecf_24-10_stock-assess-west-med,NA,Fmsy,MUT_1,0.63,3.079365079,NA,NA,162.6,NA,Mullus barbatus,Red mullet,NA,NA,NA,2024,NA,Y,STECF
Western Med.,MUT,1,2019,33217.2,97.4,124.63,1.59,a4a,https://stecf.jrc.ec.europa.eu/documents/d/stecf/stecf_24-10_stock-assess-west-med,NA,Fmsy,MUT_1,0.63,2.523809524,NA,NA,144.5,NA,Mullus barbatus,Red mullet,NA,NA,NA,2024,NA,Y,STECF
Western Med.,MUT,1,2020,35605.4,135.2,107.32,1.14,a4a,https://stecf.jrc.ec.europa.eu/documents/d/stecf/stecf_24-10_stock-assess-west-med,NA,Fmsy,MUT_1,0.63,1.80952381,NA,NA,136,NA,Mullus barbatus,Red mullet,NA,NA,NA,2024,NA,Y,STECF
Western Med.,MUT,1,2021,37881.4,167.2,153.05,0.89,a4a,https://stecf.jrc.ec.europa.eu/documents/d/stecf/stecf_24-10_stock-assess-west-med,NA,Fmsy,MUT_1,0.63,1.412698413,NA,NA,137.6,NA,Mullus barbatus,Red mullet,NA,NA,NA,2024,NA,Y,STECF
Western Med.,MUT,1,2022,36089.9,202.2,164.96,0.93,a4a,https://stecf.jrc.ec.europa.eu/documents/d/stecf/stecf_24-10_stock-assess-west-med,NA,Fmsy,MUT_1,0.63,1.476190476,NA,NA,176,NA,Mullus barbatus,Red mullet,NA,NA,NA,2024,NA,Y,STECF
Western Med.,MUT,1,2023,34786.6,174.1,194.17,1.24,a4a,https://stecf.jrc.ec.europa.eu/documents/d/stecf/stecf_24-10_stock-assess-west-med,NA,Fmsy,MUT_1,0.63,1.968253968,NA,NA,217.3,NA,Mullus barbatus,Red mullet,NA,NA,NA,2024,NA,Y,STECF
Western Med.,MUT,6,2002,150521.8,260.8156,305.36,1.254292,a4a,https://stecf.jrc.ec.europa.eu/documents/d/stecf/stecf_24-10_stock-assess-west-med,NA,Fmsy,MUT_6,0.44,3.409090909,NA,522.7,305.36,NA,Mullus barbatus,Red mullet,2090.7,Bmsy,0.124750371,2024,NA,Y,STECF
Western Med.,MUT,6,2003,190510.9,373.5561,1400,1.450756,a4a,https://stecf.jrc.ec.europa.eu/documents/d/stecf/stecf_24-10_stock-assess-west-med,NA,Fmsy,MUT_6,0.44,3.386363636,NA,522.7,1400,NA,Mullus barbatus,Red mullet,2090.7,Bmsy,0.178675133,2024,NA,Y,STECF
Western Med.,MUT,6,2004,221939.3,431.553,919.5,1.632693,a4a,https://stecf.jrc.ec.europa.eu/documents/d/stecf/stecf_24-10_stock-assess-west-med,NA,Fmsy,MUT_6,0.44,3.5,NA,522.7,919.51,NA,Mullus barbatus,Red mullet,2090.7,Bmsy,0.206415555,2024,NA,Y,STECF
Western Med.,MUT,6,2005,224154.1,476.189,995,1.740173,a4a,https://stecf.jrc.ec.europa.eu/documents/d/stecf/stecf_24-10_stock-assess-west-med,NA,Fmsy,MUT_6,0.44,3.727272727,NA,522.7,995.05,NA,Mullus barbatus,Red mullet,2090.7,Bmsy,0.227765342,2024,NA,Y,STECF
Western Med.,MUT,6,2006,197198.1,478.3648,1387.8,1.731723,a4a,https://stecf.jrc.ec.europa.eu/documents/d/stecf/stecf_24-10_stock-assess-west-med,NA,Fmsy,MUT_6,0.44,4,NA,522.7,1387.81,NA,Mullus barbatus,Red mullet,2090.7,Bmsy,0.228806046,2024,NA,Y,STECF
Western Med.,MUT,6,2007,162807,463.2061,1183.6,1.619743,a4a,https://stecf.jrc.ec.europa.eu/documents/d/stecf/stecf_24-10_stock-assess-west-med,NA,Fmsy,MUT_6,0.44,4.25,NA,522.7,1183.58,NA,Mullus barbatus,Red mullet,2090.7,Bmsy,0.221555508,2024,NA,Y,STECF
Western Med.,MUT,6,2008,140494,444.7404,872.1,1.461428,a4a,https://stecf.jrc.ec.europa.eu/documents/d/stecf/stecf_24-10_stock-assess-west-med,NA,Fmsy,MUT_6,0.44,4.340909091,NA,522.7,872.21,NA,Mullus barbatus,Red mullet,2090.7,Bmsy,0.212723203,2024,NA,Y,STECF
Western Med.,MUT,6,2009,138238.2,422.2995,520.9,1.318659,a4a,https://stecf.jrc.ec.europa.eu/documents/d/stecf/stecf_24-10_stock-assess-west-med,NA,Fmsy,MUT_6,0.44,4.272727273,NA,522.7,526.87,NA,Mullus barbatus,Red mullet,2090.7,Bmsy,0.201989525,2024,NA,Y,STECF
Western Med.,MUT,6,2010,158906.7,490.0529,514.1,1.230158,a4a,https://stecf.jrc.ec.europa.eu/documents/d/stecf/stecf_24-10_stock-assess-west-med,NA,Fmsy,MUT_6,0.44,4.045454545,NA,522.7,514.48,NA,Mullus barbatus,Red mullet,2090.7,Bmsy,0.234396566,2024,NA,Y,STECF
Western Med.,MUT,6,2011,203580.6,532.8606,1063.1,1.209331,a4a,https://stecf.jrc.ec.europa.eu/documents/d/stecf/stecf_24-10_stock-assess-west-med,NA,Fmsy,MUT_6,0.44,3.840909091,NA,522.7,1068.5,NA,Mullus barbatus,Red mullet,2090.7,Bmsy,0.254871861,2024,NA,Y,STECF
Western Med.,MUT,6,2012,265208.1,693.7067,1069.9,1.251679,a4a,https://stecf.jrc.ec.europa.eu/documents/d/stecf/stecf_24-10_stock-assess-west-med,NA,Fmsy,MUT_6,0.44,3.75,NA,522.7,1091.75,NA,Mullus barbatus,Red mullet,2090.7,Bmsy,0.33180595,2024,NA,Y,STECF
Western Med.,MUT,6,2013,321202.6,846.6699,1248,1.338207,a4a,https://stecf.jrc.ec.europa.eu/documents/d/stecf/stecf_24-10_stock-assess-west-med,NA,Fmsy,MUT_6,0.44,3.840909091,NA,522.7,1262.22,NA,Mullus barbatus,Red mullet,2090.7,Bmsy,0.40496958,2024,NA,Y,STECF
Western Med.,MUT,6,2014,345377.9,936.894,1309.2,1.435815,a4a,https://stecf.jrc.ec.europa.eu/documents/d/stecf/stecf_24-10_stock-assess-west-med,NA,Fmsy,MUT_6,0.44,4.113636364,NA,522.7,1312.48,NA,Mullus barbatus,Red mullet,2090.7,Bmsy,0.448124552,2024,NA,Y,STECF
Western Med.,MUT,6,2015,333982.4,957.4737,1518.7,1.504535,a4a,https://stecf.jrc.ec.europa.eu/documents/d/stecf/stecf_24-10_stock-assess-west-med,NA,Fmsy,MUT_6,0.44,4.522727273,NA,522.7,1570.13,NA,Mullus barbatus,Red mullet,2090.7,Bmsy,0.457968001,2024,NA,Y,STECF
Western Med.,MUT,6,2016,307057.7,900.4304,1673.9,1.51611,a4a,https://stecf.jrc.ec.europa.eu/documents/d/stecf/stecf_24-10_stock-assess-west-med,NA,Fmsy,MUT_6,0.44,4.863636364,NA,522.7,1704.06,NA,Mullus barbatus,Red mullet,2090.7,Bmsy,0.430683694,2024,NA,Y,STECF
Western Med.,MUT,6,2017,285523,848.881,1449.3,1.471063,a4a,https://stecf.jrc.ec.europa.eu/documents/d/stecf/stecf_24-10_stock-assess-west-med,NA,Fmsy,MUT_6,0.44,4.909090909,NA,522.7,1464.04,NA,Mullus barbatus,Red mullet,2090.7,Bmsy,0.406027168,2024,NA,Y,STECF
Western Med.,MUT,6,2018,277477.7,838.77,1280.7,1.39666,a4a,https://stecf.jrc.ec.europa.eu/documents/d/stecf/stecf_24-10_stock-assess-west-med,NA,Fmsy,MUT_6,0.44,4.568181818,NA,522.7,1324.56,NA,Mullus barbatus,Red mullet,2090.7,Bmsy,0.401190989,2024,NA,Y,STECF
Western Med.,MUT,6,2019,278774.9,835.3748,1501.8,1.328105,a4a,https://stecf.jrc.ec.europa.eu/documents/d/stecf/stecf_24-10_stock-assess-west-med,NA,Fmsy,MUT_6,0.44,3.977272727,NA,522.7,1503.6,NA,Mullus barbatus,Red mullet,2090.7,Bmsy,0.399567035,2024,NA,Y,STECF
Western Med.,MUT,6,2020,277696.2,862.3061,1446.3,1.291161,a4a,https://stecf.jrc.ec.europa.eu/documents/d/stecf/stecf_24-10_stock-assess-west-med,NA,Fmsy,MUT_6,0.44,3.545454545,NA,522.7,1453.94,NA,Mullus barbatus,Red mullet,2090.7,Bmsy,0.41244851,2024,NA,Y,STECF
Western Med.,MUT,6,2021,263032.4,905.817,1066.3,1.295809,a4a,https://stecf.jrc.ec.europa.eu/documents/d/stecf/stecf_24-10_stock-assess-west-med,NA,Fmsy,MUT_6,0.44,2.818181818,NA,522.7,1066.78,NA,Mullus barbatus,Red mullet,2090.7,Bmsy,0.433260152,2024,NA,Y,STECF
Western Med.,MUT,6,2022,233863.3,855.6347,1321.1,1.337304,a4a,https://stecf.jrc.ec.europa.eu/documents/d/stecf/stecf_24-10_stock-assess-west-med,NA,Fmsy,MUT_6,0.44,2.386363636,NA,522.7,1327.77,NA,Mullus barbatus,Red mullet,2090.7,Bmsy,0.409257521,2024,NA,Y,STECF
Western Med.,MUT,6,2023,199709.8,744.1581,1100.5,1.400593,a4a,https://stecf.jrc.ec.europa.eu/documents/d/stecf/stecf_24-10_stock-assess-west-med,NA,Fmsy,MUT_6,0.44,2.272727273,NA,522.7,1115.37,NA,Mullus barbatus,Red mullet,2090.7,Bmsy,0.355937294,2024,NA,Y,STECF
Western Med.,MUT,7,2002,21236.03,129.61,122.504,0.7557,a4a,https://stecf.jrc.ec.europa.eu/ewg2309,NA,Fmsy,MUT_7,0.45,1.679333333,NA,146.49,122.504,NA,Mullus barbatus,Red mullet,NA,Bmsy,NA,2024,NA,Y,STECF
Western Med.,MUT,7,2003,22270.85,147.4,176.011,0.727137,a4a,https://stecf.jrc.ec.europa.eu/ewg2309,NA,Fmsy,MUT_7,0.45,1.61586,NA,146.49,176.011,NA,Mullus barbatus,Red mullet,NA,Bmsy,NA,2024,NA,Y,STECF
Western Med.,MUT,7,2004,22906.46,169.79,177.486,0.699921,a4a,https://stecf.jrc.ec.europa.eu/ewg2309,NA,Fmsy,MUT_7,0.45,1.55538,NA,146.49,177.486,NA,Mullus barbatus,Red mullet,NA,Bmsy,NA,2024,NA,Y,STECF
Western Med.,MUT,7,2005,26488.3,204.39,175.566,0.67457,a4a,https://stecf.jrc.ec.europa.eu/ewg2309,NA,Fmsy,MUT_7,0.45,1.499044444,NA,146.49,175.566,NA,Mullus barbatus,Red mullet,NA,Bmsy,NA,2024,NA,Y,STECF
Western Med.,MUT,7,2006,26506.41,219.82,214.878,0.651909,a4a,https://stecf.jrc.ec.europa.eu/ewg2309,NA,Fmsy,MUT_7,0.45,1.448686667,NA,146.49,214.878,NA,Mullus barbatus,Red mullet,NA,Bmsy,NA,2024,NA,Y,STECF
Western Med.,MUT,7,2007,22713.81,245.62,207.686,0.632918,a4a,https://stecf.jrc.ec.europa.eu/ewg2309,NA,Fmsy,MUT_7,0.45,1.406484444,NA,146.49,207.686,NA,Mullus barbatus,Red mullet,NA,Bmsy,NA,2024,NA,Y,STECF
Western Med.,MUT,7,2008,26588.36,275.63,131.224,0.6185,a4a,https://stecf.jrc.ec.europa.eu/ewg2309,NA,Fmsy,MUT_7,0.45,1.374444444,NA,146.49,131.404,NA,Mullus barbatus,Red mullet,NA,Bmsy,NA,2024,NA,Y,STECF
Western Med.,MUT,7,2009,32740.14,254.93,148.685,0.609277,a4a,https://stecf.jrc.ec.europa.eu/ewg2309,NA,Fmsy,MUT_7,0.45,1.353948889,NA,146.49,148.685,NA,Mullus barbatus,Red mullet,NA,Bmsy,NA,2024,NA,Y,STECF
Western Med.,MUT,7,2010,36994.63,298.38,282.067,0.605373,a4a,https://stecf.jrc.ec.europa.eu/ewg2309,NA,Fmsy,MUT_7,0.45,1.345273333,NA,146.49,284.895,NA,Mullus barbatus,Red mullet,NA,Bmsy,NA,2024,NA,Y,STECF
Western Med.,MUT,7,2011,34353.72,340.92,269.894,0.606239,a4a,https://stecf.jrc.ec.europa.eu/ewg2309,NA,Fmsy,MUT_7,0.45,1.347197778,NA,146.49,273.478,NA,Mullus barbatus,Red mullet,NA,Bmsy,NA,2024,NA,Y,STECF
Western Med.,MUT,7,2012,36676.14,424.78,203.109,0.610512,a4a,https://stecf.jrc.ec.europa.eu/ewg2309,NA,Fmsy,MUT_7,0.45,1.356693333,NA,146.49,211.328,NA,Mullus barbatus,Red mullet,NA,Bmsy,NA,2024,NA,Y,STECF
Western Med.,MUT,7,2013,40048.75,378.6,288.401,0.615939,a4a,https://stecf.jrc.ec.europa.eu/ewg2309,NA,Fmsy,MUT_7,0.45,1.368753333,NA,146.49,293.077,NA,Mullus barbatus,Red mullet,NA,Bmsy,NA,2024,NA,Y,STECF
Western Med.,MUT,7,2014,42592.69,447.96,357.054,0.619461,a4a,https://stecf.jrc.ec.europa.eu/ewg2309,NA,Fmsy,MUT_7,0.45,1.37658,NA,146.49,361.258,NA,Mullus barbatus,Red mullet,NA,Bmsy,NA,2024,NA,Y,STECF
Western Med.,MUT,7,2015,46505.92,399.13,357.676,0.617574,a4a,https://stecf.jrc.ec.europa.eu/ewg2309,NA,Fmsy,MUT_7,0.45,1.372386667,NA,146.49,366.099,NA,Mullus barbatus,Red mullet,NA,Bmsy,NA,2024,NA,Y,STECF
Western Med.,MUT,7,2016,46880.1,449.38,408.438,0.606994,a4a,https://stecf.jrc.ec.europa.eu/ewg2309,NA,Fmsy,MUT_7,0.45,1.348875556,NA,146.49,411.494,NA,Mullus barbatus,Red mullet,NA,Bmsy,NA,2024,NA,Y,STECF
Western Med.,MUT,7,2017,42801.11,465.62,240.622,0.585503,a4a,https://stecf.jrc.ec.europa.eu/ewg2309,NA,Fmsy,MUT_7,0.45,1.301117778,NA,146.49,242.974,NA,Mullus barbatus,Red mullet,NA,Bmsy,NA,2024,NA,Y,STECF
Western Med.,MUT,7,2018,50651.23,513.58,342.179,0.552723,a4a,https://stecf.jrc.ec.europa.eu/ewg2309,NA,Fmsy,MUT_7,0.45,1.228273333,NA,146.49,345.54,NA,Mullus barbatus,Red mullet,NA,Bmsy,NA,2024,NA,Y,STECF
Western Med.,MUT,7,2019,60842.29,594.06,312.657,0.510385,a4a,https://stecf.jrc.ec.europa.eu/ewg2309,NA,Fmsy,MUT_7,0.45,1.134188889,NA,146.49,320.145,NA,Mullus barbatus,Red mullet,NA,Bmsy,NA,2024,NA,Y,STECF
Western Med.,MUT,7,2020,66464.08,696.11,445.857,0.461911,a4a,https://stecf.jrc.ec.europa.eu/ewg2309,NA,Fmsy,MUT_7,0.45,1.026468889,NA,146.49,455.008,NA,Mullus barbatus,Red mullet,NA,Bmsy,NA,2024,NA,Y,STECF
Western Med.,MUT,7,2021,60935.91,870.66,410.72,0.411452,a4a,https://stecf.jrc.ec.europa.eu/ewg2309,NA,Fmsy,MUT_7,0.45,0.914337778,NA,146.49,417.231,NA,Mullus barbatus,Red mullet,NA,Bmsy,NA,2024,NA,Y,STECF
Western Med.,MUT,7,2022,69113.16,1009.81,474.679,0.362769,a4a,https://stecf.jrc.ec.europa.eu/ewg2309,NA,Fmsy,MUT_7,0.45,0.806153333,NA,146.49,484.732,NA,Mullus barbatus,Red mullet,NA,Bmsy,NA,2024,NA,Y,STECF
Western Med.,MUT,7,2023,77568.51,1136.66,398.267,0.318397,a4a,https://stecf.jrc.ec.europa.eu/ewg2309,NA,Fmsy,MUT_7,0.45,0.707548889,NA,146.49,413.623,NA,Mullus barbatus,Red mullet,NA,Bmsy,NA,2024,NA,Y,STECF
Western Med.,MUT,9,2003,248035,648,1223.6,1.54,a4a_catch_proj,https://stecf.jrc.ec.europa.eu/documents/d/stecf/stecf_24-10_stock-assess-west-med,NA,Fmsy,MUT_9,0.482,3.195020747,NA,570,1223.6,NA,Mullus barbatus,Red mullet,2280,Bmsy,0.284210526,2024,NA,Y,STECF
Western Med.,MUT,9,2004,274248,627,657.1,1.48,a4a_catch_proj,https://stecf.jrc.ec.europa.eu/documents/d/stecf/stecf_24-10_stock-assess-west-med,NA,Fmsy,MUT_9,0.482,3.070539419,NA,570,657.1,NA,Mullus barbatus,Red mullet,2280,Bmsy,0.275,2024,NA,Y,STECF
Western Med.,MUT,9,2005,239208,828,780.8,1.43,a4a_catch_proj,https://stecf.jrc.ec.europa.eu/documents/d/stecf/stecf_24-10_stock-assess-west-med,NA,Fmsy,MUT_9,0.482,2.966804979,NA,570,780.8,NA,Mullus barbatus,Red mullet,2280,Bmsy,0.363157895,2024,NA,Y,STECF
Western Med.,MUT,9,2006,206817,872,1179,1.37,a4a_catch_proj,https://stecf.jrc.ec.europa.eu/documents/d/stecf/stecf_24-10_stock-assess-west-med,NA,Fmsy,MUT_9,0.482,2.842323651,NA,570,1179,NA,Mullus barbatus,Red mullet,2280,Bmsy,0.38245614,2024,NA,Y,STECF
Western Med.,MUT,9,2007,228476,778,1200.5,1.31,a4a_catch_proj,https://stecf.jrc.ec.europa.eu/documents/d/stecf/stecf_24-10_stock-assess-west-med,NA,Fmsy,MUT_9,0.482,2.717842324,NA,570,1200.5,NA,Mullus barbatus,Red mullet,2280,Bmsy,0.34122807,2024,NA,Y,STECF
Western Med.,MUT,9,2008,221633,648,803.9,1.25,a4a_catch_proj,https://stecf.jrc.ec.europa.eu/documents/d/stecf/stecf_24-10_stock-assess-west-med,NA,Fmsy,MUT_9,0.482,2.593360996,NA,570,803.9,NA,Mullus barbatus,Red mullet,2280,Bmsy,0.284210526,2024,NA,Y,STECF
Western Med.,MUT,9,2009,211393,863,825,1.2,a4a_catch_proj,https://stecf.jrc.ec.europa.eu/documents/d/stecf/stecf_24-10_stock-assess-west-med,NA,Fmsy,MUT_9,0.482,2.489626556,NA,570,825,NA,Mullus barbatus,Red mullet,2280,Bmsy,0.378508772,2024,NA,Y,STECF
Western Med.,MUT,9,2010,203251,796,806.8,1.18,a4a_catch_proj,https://stecf.jrc.ec.europa.eu/documents/d/stecf/stecf_24-10_stock-assess-west-med,NA,Fmsy,MUT_9,0.482,2.44813278,NA,570,806.8,NA,Mullus barbatus,Red mullet,2280,Bmsy,0.349122807,2024,NA,Y,STECF
Western Med.,MUT,9,2011,215721,774,909.9,1.17,a4a_catch_proj,https://stecf.jrc.ec.europa.eu/documents/d/stecf/stecf_24-10_stock-assess-west-med,NA,Fmsy,MUT_9,0.482,2.427385892,NA,570,909.9,NA,Mullus barbatus,Red mullet,2280,Bmsy,0.339473684,2024,NA,Y,STECF
Western Med.,MUT,9,2012,270247,762,772,1.19,a4a_catch_proj,https://stecf.jrc.ec.europa.eu/documents/d/stecf/stecf_24-10_stock-assess-west-med,NA,Fmsy,MUT_9,0.482,2.468879668,NA,570,772,NA,Mullus barbatus,Red mullet,2280,Bmsy,0.334210526,2024,NA,Y,STECF
Western Med.,MUT,9,2013,335625,895,867.4,1.24,a4a_catch_proj,https://stecf.jrc.ec.europa.eu/documents/d/stecf/stecf_24-10_stock-assess-west-med,NA,Fmsy,MUT_9,0.482,2.572614108,NA,570,867.4,NA,Mullus barbatus,Red mullet,2280,Bmsy,0.39254386,2024,NA,Y,STECF
Western Med.,MUT,9,2014,358588,966,1338.6,1.3,a4a_catch_proj,https://stecf.jrc.ec.europa.eu/documents/d/stecf/stecf_24-10_stock-assess-west-med,NA,Fmsy,MUT_9,0.482,2.697095436,NA,570,1338.6,NA,Mullus barbatus,Red mullet,2280,Bmsy,0.423684211,2024,NA,Y,STECF
Western Med.,MUT,9,2015,371434,1080,1354.6,1.37,a4a_catch_proj,https://stecf.jrc.ec.europa.eu/documents/d/stecf/stecf_24-10_stock-assess-west-med,NA,Fmsy,MUT_9,0.482,2.842323651,NA,570,1354.6,NA,Mullus barbatus,Red mullet,2280,Bmsy,0.473684211,2024,NA,Y,STECF
Western Med.,MUT,9,2016,340891,1166,1311.4,1.42,a4a_catch_proj,https://stecf.jrc.ec.europa.eu/documents/d/stecf/stecf_24-10_stock-assess-west-med,NA,Fmsy,MUT_9,0.482,2.946058091,NA,570,1311.4,NA,Mullus barbatus,Red mullet,2280,Bmsy,0.511403509,2024,NA,Y,STECF
Western Med.,MUT,9,2017,271766,1101,1632.7,1.42,a4a_catch_proj,https://stecf.jrc.ec.europa.eu/documents/d/stecf/stecf_24-10_stock-assess-west-med,NA,Fmsy,MUT_9,0.482,2.946058091,NA,570,1632.7,NA,Mullus barbatus,Red mullet,2280,Bmsy,0.482894737,2024,NA,Y,STECF
Western Med.,MUT,9,2018,191883,1006,1343.4,1.36,a4a_catch_proj,https://stecf.jrc.ec.europa.eu/documents/d/stecf/stecf_24-10_stock-assess-west-med,NA,Fmsy,MUT_9,0.482,2.821576763,NA,570,1343.4,NA,Mullus barbatus,Red mullet,2280,Bmsy,0.44122807,2024,NA,Y,STECF
Western Med.,MUT,9,2019,169855,766,949.5,1.24,a4a_catch_proj,https://stecf.jrc.ec.europa.eu/documents/d/stecf/stecf_24-10_stock-assess-west-med,NA,Fmsy,MUT_9,0.482,2.572614108,NA,570,949.5,NA,Mullus barbatus,Red mullet,2280,Bmsy,0.335964912,2024,NA,Y,STECF
Western Med.,MUT,9,2020,180446,735,493.8,1.08,a4a_catch_proj,https://stecf.jrc.ec.europa.eu/documents/d/stecf/stecf_24-10_stock-assess-west-med,NA,Fmsy,MUT_9,0.482,2.2406639,NA,570,493.8,NA,Mullus barbatus,Red mullet,2280,Bmsy,0.322368421,2024,NA,Y,STECF
Western Med.,MUT,9,2021,255480,841,625.2,0.9,a4a_catch_proj,https://stecf.jrc.ec.europa.eu/documents/d/stecf/stecf_24-10_stock-assess-west-med,NA,Fmsy,MUT_9,0.482,1.867219917,NA,570,625.2,NA,Mullus barbatus,Red mullet,2280,Bmsy,0.368859649,2024,NA,Y,STECF
Western Med.,MUT,9,2022,300700,1121,721.2,0.73,a4a_catch_proj,https://stecf.jrc.ec.europa.eu/documents/d/stecf/stecf_24-10_stock-assess-west-med,NA,Fmsy,MUT_9,0.482,1.514522822,NA,570,721.2,NA,Mullus barbatus,Red mullet,2280,Bmsy,0.491666667,2024,NA,Y,STECF
Western Med.,MUT,9,2023,228887,1592,730.4,0.58,a4a_catch_proj,https://stecf.jrc.ec.europa.eu/documents/d/stecf/stecf_24-10_stock-assess-west-med,NA,Fmsy,MUT_9,0.482,1.203319502,NA,570,730.4,NA,Mullus barbatus,Red mullet,2280,Bmsy,0.698245614,2024,NA,Y,STECF
Central Med.,NEP,15_16,2005,89745,2187,490,0.14,a4a_catch_proj,https://stecf.jrc.ec.europa.eu/ewg2309,NA,Fmsy,NEP_15_16,0.1,1.4,NA,NA,490,NA,Nephrops norvegicus,Norway lobster,NA,NA,NA,2023,NA,Y,STECF
Central Med.,NEP,15_16,2006,88986,2278,673,0.2,a4a_catch_proj,https://stecf.jrc.ec.europa.eu/ewg2309,NA,Fmsy,NEP_15_16,0.1,2,NA,NA,673,NA,Nephrops norvegicus,Norway lobster,NA,NA,NA,2023,NA,Y,STECF
Central Med.,NEP,15_16,2007,80741,2203,797,0.24,a4a_catch_proj,https://stecf.jrc.ec.europa.eu/ewg2309,NA,Fmsy,NEP_15_16,0.1,2.4,NA,NA,797,NA,Nephrops norvegicus,Norway lobster,NA,NA,NA,2023,NA,Y,STECF
Central Med.,NEP,15_16,2008,76529,2029,673,0.24,a4a_catch_proj,https://stecf.jrc.ec.europa.eu/ewg2309,NA,Fmsy,NEP_15_16,0.1,2.4,NA,NA,673,NA,Nephrops norvegicus,Norway lobster,NA,NA,NA,2023,NA,Y,STECF
Central Med.,NEP,15_16,2009,66388,1850,636,0.23,a4a_catch_proj,https://stecf.jrc.ec.europa.eu/ewg2309,NA,Fmsy,NEP_15_16,0.1,2.3,NA,NA,636.065,NA,Nephrops norvegicus,Norway lobster,NA,NA,NA,2023,NA,Y,STECF
Central Med.,NEP,15_16,2010,54908,1629,616,0.26,a4a_catch_proj,https://stecf.jrc.ec.europa.eu/ewg2309,NA,Fmsy,NEP_15_16,0.1,2.6,NA,NA,635.18,NA,Nephrops norvegicus,Norway lobster,NA,NA,NA,2023,NA,Y,STECF
Central Med.,NEP,15_16,2011,45409,1493,627,0.28,a4a_catch_proj,https://stecf.jrc.ec.europa.eu/ewg2309,NA,Fmsy,NEP_15_16,0.1,2.8,NA,NA,631.4,NA,Nephrops norvegicus,Norway lobster,NA,NA,NA,2023,NA,Y,STECF
Central Med.,NEP,15_16,2012,44469,1334,479,0.25,a4a_catch_proj,https://stecf.jrc.ec.europa.eu/ewg2309,NA,Fmsy,NEP_15_16,0.1,2.5,NA,NA,480.81,NA,Nephrops norvegicus,Norway lobster,NA,NA,NA,2023,NA,Y,STECF
Central Med.,NEP,15_16,2013,42692,1298,293,0.18,a4a_catch_proj,https://stecf.jrc.ec.europa.eu/ewg2309,NA,Fmsy,NEP_15_16,0.1,1.8,NA,NA,293.43,NA,Nephrops norvegicus,Norway lobster,NA,NA,NA,2023,NA,Y,STECF
Central Med.,NEP,15_16,2014,35164,1309,249,0.13,a4a_catch_proj,https://stecf.jrc.ec.europa.eu/ewg2309,NA,Fmsy,NEP_15_16,0.1,1.3,NA,NA,249,NA,Nephrops norvegicus,Norway lobster,NA,NA,NA,2023,NA,Y,STECF
Central Med.,NEP,15_16,2015,34612,1264,230,0.12,a4a_catch_proj,https://stecf.jrc.ec.europa.eu/ewg2309,NA,Fmsy,NEP_15_16,0.1,1.2,NA,NA,230,NA,Nephrops norvegicus,Norway lobster,NA,NA,NA,2023,NA,Y,STECF
Central Med.,NEP,15_16,2016,24442,1286,276,0.15,a4a_catch_proj,https://stecf.jrc.ec.europa.eu/ewg2309,NA,Fmsy,NEP_15_16,0.1,1.5,NA,NA,276,NA,Nephrops norvegicus,Norway lobster,NA,NA,NA,2023,NA,Y,STECF
Central Med.,NEP,15_16,2017,18849,1134,372,0.22,a4a_catch_proj,https://stecf.jrc.ec.europa.eu/ewg2309,NA,Fmsy,NEP_15_16,0.1,2.2,NA,NA,374.7,NA,Nephrops norvegicus,Norway lobster,NA,NA,NA,2023,NA,Y,STECF
Central Med.,NEP,15_16,2018,10688,909,333,0.27,a4a_catch_proj,https://stecf.jrc.ec.europa.eu/ewg2309,NA,Fmsy,NEP_15_16,0.1,2.7,NA,NA,333,NA,Nephrops norvegicus,Norway lobster,NA,NA,NA,2023,NA,Y,STECF
Central Med.,NEP,15_16,2019,7063,720,338,0.27,a4a_catch_proj,https://stecf.jrc.ec.europa.eu/ewg2309,NA,Fmsy,NEP_15_16,0.1,2.7,NA,NA,338,NA,Nephrops norvegicus,Norway lobster,NA,NA,NA,2023,NA,Y,STECF
Central Med.,NEP,15_16,2020,5595,541,147,0.24,a4a_catch_proj,https://stecf.jrc.ec.europa.eu/ewg2309,NA,Fmsy,NEP_15_16,0.1,2.4,NA,NA,147,NA,Nephrops norvegicus,Norway lobster,NA,NA,NA,2023,NA,Y,STECF
Central Med.,NEP,15_16,2021,9484,485,189,0.2,a4a_catch_proj,https://stecf.jrc.ec.europa.eu/ewg2309,NA,Fmsy,NEP_15_16,0.1,2,NA,NA,189,NA,Nephrops norvegicus,Norway lobster,NA,NA,NA,2023,NA,Y,STECF
Central Med.,NEP,15_16,2022,27710,430,88,0.15,a4a_catch_proj,https://stecf.jrc.ec.europa.eu/ewg2309,NA,Fmsy,NEP_15_16,0.1,1.5,NA,NA,88,NA,Nephrops norvegicus,Norway lobster,NA,NA,NA,2023,NA,Y,STECF
Central Med.,NEP,17_18,1970,NA,NA,1270,0.09,SPiCT_catch_proj,https://stecf.jrc.ec.europa.eu/ewg2312,NA,Fmsy,NEP_17_18,0.27,0.333333333,NA,3149.46,1270,14196,Nephrops norvegicus,Norway lobster,NA,NA,NA,2023,NA,Y,STECF
Central Med.,NEP,17_18,1971,NA,NA,1283,0.09,SPiCT_catch_proj,https://stecf.jrc.ec.europa.eu/ewg2312,NA,Fmsy,NEP_17_18,0.27,0.333333333,NA,3149.46,1283,14746,Nephrops norvegicus,Norway lobster,NA,NA,NA,2023,NA,Y,STECF
Central Med.,NEP,17_18,1972,NA,NA,1397,0.09,SPiCT_catch_proj,https://stecf.jrc.ec.europa.eu/ewg2312,NA,Fmsy,NEP_17_18,0.27,0.333333333,NA,3149.46,1397,15187,Nephrops norvegicus,Norway lobster,NA,NA,NA,2023,NA,Y,STECF
Central Med.,NEP,17_18,1973,NA,NA,1113,0.07,SPiCT_catch_proj,https://stecf.jrc.ec.europa.eu/ewg2312,NA,Fmsy,NEP_17_18,0.27,0.259259259,NA,3149.46,1113,15628,Nephrops norvegicus,Norway lobster,NA,NA,NA,2023,NA,Y,STECF
Central Med.,NEP,17_18,1974,NA,NA,1098,0.07,SPiCT_catch_proj,https://stecf.jrc.ec.europa.eu/ewg2312,NA,Fmsy,NEP_17_18,0.27,0.259259259,NA,3149.46,1098,16199,Nephrops norvegicus,Norway lobster,NA,NA,NA,2023,NA,Y,STECF
Central Med.,NEP,17_18,1975,NA,NA,1197,0.07,SPiCT_catch_proj,https://stecf.jrc.ec.europa.eu/ewg2312,NA,Fmsy,NEP_17_18,0.27,0.259259259,NA,3149.46,1197,16696,Nephrops norvegicus,Norway lobster,NA,NA,NA,2023,NA,Y,STECF
Central Med.,NEP,17_18,1976,NA,NA,1520,0.09,SPiCT_catch_proj,https://stecf.jrc.ec.europa.eu/ewg2312,NA,Fmsy,NEP_17_18,0.27,0.333333333,NA,3149.46,1520,16990,Nephrops norvegicus,Norway lobster,NA,NA,NA,2023,NA,Y,STECF
Central Med.,NEP,17_18,1977,NA,NA,2104,0.12,SPiCT_catch_proj,https://stecf.jrc.ec.europa.eu/ewg2312,NA,Fmsy,NEP_17_18,0.27,0.444444444,NA,3149.46,2104,16823,Nephrops norvegicus,Norway lobster,NA,NA,NA,2023,NA,Y,STECF
Central Med.,NEP,17_18,1978,NA,NA,1469,0.09,SPiCT_catch_proj,https://stecf.jrc.ec.europa.eu/ewg2312,NA,Fmsy,NEP_17_18,0.27,0.333333333,NA,3149.46,1469,16583,Nephrops norvegicus,Norway lobster,NA,NA,NA,2023,NA,Y,STECF
Central Med.,NEP,17_18,1979,NA,NA,1288,0.08,SPiCT_catch_proj,https://stecf.jrc.ec.europa.eu/ewg2312,NA,Fmsy,NEP_17_18,0.27,0.296296296,NA,3149.46,1288,16778,Nephrops norvegicus,Norway lobster,NA,NA,NA,2023,NA,Y,STECF
Central Med.,NEP,17_18,1980,NA,NA,1116,0.07,SPiCT_catch_proj,https://stecf.jrc.ec.europa.eu/ewg2312,NA,Fmsy,NEP_17_18,0.27,0.259259259,NA,3149.46,1116,17118,Nephrops norvegicus,Norway lobster,NA,NA,NA,2023,NA,Y,STECF
Central Med.,NEP,17_18,1981,NA,NA,1185,0.07,SPiCT_catch_proj,https://stecf.jrc.ec.europa.eu/ewg2312,NA,Fmsy,NEP_17_18,0.27,0.259259259,NA,3149.46,1185,17509,Nephrops norvegicus,Norway lobster,NA,NA,NA,2023,NA,Y,STECF
Central Med.,NEP,17_18,1982,NA,NA,1407,0.08,SPiCT_catch_proj,https://stecf.jrc.ec.europa.eu/ewg2312,NA,Fmsy,NEP_17_18,0.27,0.296296296,NA,3149.46,1407,17734,Nephrops norvegicus,Norway lobster,NA,NA,NA,2023,NA,Y,STECF
Central Med.,NEP,17_18,1983,NA,NA,1270,0.07,SPiCT_catch_proj,https://stecf.jrc.ec.europa.eu/ewg2312,NA,Fmsy,NEP_17_18,0.27,0.259259259,NA,3149.46,1270,17840,Nephrops norvegicus,Norway lobster,NA,NA,NA,2023,NA,Y,STECF
Central Med.,NEP,17_18,1984,NA,NA,1219,0.07,SPiCT_catch_proj,https://stecf.jrc.ec.europa.eu/ewg2312,NA,Fmsy,NEP_17_18,0.27,0.259259259,NA,3149.46,1219,18056,Nephrops norvegicus,Norway lobster,NA,NA,NA,2023,NA,Y,STECF
Central Med.,NEP,17_18,1985,NA,NA,2109,0.11,SPiCT_catch_proj,https://stecf.jrc.ec.europa.eu/ewg2312,NA,Fmsy,NEP_17_18,0.27,0.407407407,NA,3149.46,2109,17998,Nephrops norvegicus,Norway lobster,NA,NA,NA,2023,NA,Y,STECF
Central Med.,NEP,17_18,1986,NA,NA,2350,0.13,SPiCT_catch_proj,https://stecf.jrc.ec.europa.eu/ewg2312,NA,Fmsy,NEP_17_18,0.27,0.481481481,NA,3149.46,2350,17273,Nephrops norvegicus,Norway lobster,NA,NA,NA,2023,NA,Y,STECF
Central Med.,NEP,17_18,1987,NA,NA,2087,0.13,SPiCT_catch_proj,https://stecf.jrc.ec.europa.eu/ewg2312,NA,Fmsy,NEP_17_18,0.27,0.481481481,NA,3149.46,2087,16631,Nephrops norvegicus,Norway lobster,NA,NA,NA,2023,NA,Y,STECF
Central Med.,NEP,17_18,1988,NA,NA,2836,0.17,SPiCT_catch_proj,https://stecf.jrc.ec.europa.eu/ewg2312,NA,Fmsy,NEP_17_18,0.27,0.62962963,NA,3149.46,2836,15890,Nephrops norvegicus,Norway lobster,NA,NA,NA,2023,NA,Y,STECF
Central Med.,NEP,17_18,1989,NA,NA,2159,0.15,SPiCT_catch_proj,https://stecf.jrc.ec.europa.eu/ewg2312,NA,Fmsy,NEP_17_18,0.27,0.555555556,NA,3149.46,2159,15066,Nephrops norvegicus,Norway lobster,NA,NA,NA,2023,NA,Y,STECF
Central Med.,NEP,17_18,1990,NA,NA,1890,0.13,SPiCT_catch_proj,https://stecf.jrc.ec.europa.eu/ewg2312,NA,Fmsy,NEP_17_18,0.27,0.481481481,NA,3149.46,1890,14815,Nephrops norvegicus,Norway lobster,NA,NA,NA,2023,NA,Y,STECF
Central Med.,NEP,17_18,1991,NA,NA,2507,0.17,SPiCT_catch_proj,https://stecf.jrc.ec.europa.eu/ewg2312,NA,Fmsy,NEP_17_18,0.27,0.62962963,NA,3149.46,2507,14504,Nephrops norvegicus,Norway lobster,NA,NA,NA,2023,NA,Y,STECF
Central Med.,NEP,17_18,1992,NA,NA,3151,0.23,SPiCT_catch_proj,https://stecf.jrc.ec.europa.eu/ewg2312,NA,Fmsy,NEP_17_18,0.27,0.851851852,NA,3149.46,3151,13587,Nephrops norvegicus,Norway lobster,NA,NA,NA,2023,NA,Y,STECF
Central Med.,NEP,17_18,1993,NA,NA,3122,0.25,SPiCT_catch_proj,https://stecf.jrc.ec.europa.eu/ewg2312,NA,Fmsy,NEP_17_18,0.27,0.925925926,NA,3149.46,3122,12404,Nephrops norvegicus,Norway lobster,NA,NA,NA,2023,NA,Y,STECF
Central Med.,NEP,17_18,1994,NA,NA,3366,0.29,SPiCT_catch_proj,https://stecf.jrc.ec.europa.eu/ewg2312,NA,Fmsy,NEP_17_18,0.27,1.074074074,NA,3149.46,3366,11242,Nephrops norvegicus,Norway lobster,NA,NA,NA,2023,NA,Y,STECF
Central Med.,NEP,17_18,1995,NA,NA,3148,0.32,SPiCT_catch_proj,https://stecf.jrc.ec.europa.eu/ewg2312,NA,Fmsy,NEP_17_18,0.27,1.185185185,NA,3149.46,3148,10126,Nephrops norvegicus,Norway lobster,NA,NA,NA,2023,NA,Y,STECF
Central Med.,NEP,17_18,1996,NA,NA,3558,0.39,SPiCT_catch_proj,https://stecf.jrc.ec.europa.eu/ewg2312,NA,Fmsy,NEP_17_18,0.27,1.444444444,NA,3149.46,3558,8920,Nephrops norvegicus,Norway lobster,NA,NA,NA,2023,NA,Y,STECF
Central Med.,NEP,17_18,1997,NA,NA,3058,0.4,SPiCT_catch_proj,https://stecf.jrc.ec.europa.eu/ewg2312,NA,Fmsy,NEP_17_18,0.27,1.481481481,NA,3149.46,3058,7706,Nephrops norvegicus,Norway lobster,NA,NA,NA,2023,NA,Y,STECF
Central Med.,NEP,17_18,1998,NA,NA,2426,0.34,SPiCT_catch_proj,https://stecf.jrc.ec.europa.eu/ewg2312,NA,Fmsy,NEP_17_18,0.27,1.259259259,NA,3149.46,2426,7043,Nephrops norvegicus,Norway lobster,NA,NA,NA,2023,NA,Y,STECF
Central Med.,NEP,17_18,1999,NA,NA,1753,0.26,SPiCT_catch_proj,https://stecf.jrc.ec.europa.eu/ewg2312,NA,Fmsy,NEP_17_18,0.27,0.962962963,NA,3149.46,1753,7027,Nephrops norvegicus,Norway lobster,NA,NA,NA,2023,NA,Y,STECF
Central Med.,NEP,17_18,2000,NA,NA,1864,0.25,SPiCT_catch_proj,https://stecf.jrc.ec.europa.eu/ewg2312,NA,Fmsy,NEP_17_18,0.27,0.925925926,NA,3149.46,1864,7314,Nephrops norvegicus,Norway lobster,NA,NA,NA,2023,NA,Y,STECF
Central Med.,NEP,17_18,2001,NA,NA,1559,0.2,SPiCT_catch_proj,https://stecf.jrc.ec.europa.eu/ewg2312,NA,Fmsy,NEP_17_18,0.27,0.740740741,NA,3149.46,1559,7679,Nephrops norvegicus,Norway lobster,NA,NA,NA,2023,NA,Y,STECF
Central Med.,NEP,17_18,2002,NA,NA,1252,0.16,SPiCT_catch_proj,https://stecf.jrc.ec.europa.eu/ewg2312,NA,Fmsy,NEP_17_18,0.27,0.592592593,NA,3149.46,1252,8406,Nephrops norvegicus,Norway lobster,NA,NA,NA,2023,NA,Y,STECF
Central Med.,NEP,17_18,2003,NA,NA,2219,0.24,SPiCT_catch_proj,https://stecf.jrc.ec.europa.eu/ewg2312,NA,Fmsy,NEP_17_18,0.27,0.888888889,NA,3149.46,2219,8939,Nephrops norvegicus,Norway lobster,NA,NA,NA,2023,NA,Y,STECF
Central Med.,NEP,17_18,2004,NA,NA,2279,0.27,SPiCT_catch_proj,https://stecf.jrc.ec.europa.eu/ewg2312,NA,Fmsy,NEP_17_18,0.27,1,NA,3149.46,2279,8863,Nephrops norvegicus,Norway lobster,NA,NA,NA,2023,NA,Y,STECF
Central Med.,NEP,17_18,2005,NA,NA,3394,0.39,SPiCT_catch_proj,https://stecf.jrc.ec.europa.eu/ewg2312,NA,Fmsy,NEP_17_18,0.27,1.444444444,NA,3149.46,3394,8303,Nephrops norvegicus,Norway lobster,NA,NA,NA,2023,NA,Y,STECF
Central Med.,NEP,17_18,2006,NA,NA,3107,0.43,SPiCT_catch_proj,https://stecf.jrc.ec.europa.eu/ewg2312,NA,Fmsy,NEP_17_18,0.27,1.592592593,NA,3149.46,3107,7183,Nephrops norvegicus,Norway lobster,NA,NA,NA,2023,NA,Y,STECF
Central Med.,NEP,17_18,2007,NA,NA,2775,0.43,SPiCT_catch_proj,https://stecf.jrc.ec.europa.eu/ewg2312,NA,Fmsy,NEP_17_18,0.27,1.592592593,NA,3149.46,2775,6395,Nephrops norvegicus,Norway lobster,NA,NA,NA,2023,NA,Y,STECF
Central Med.,NEP,17_18,2008,NA,NA,2654,0.46,SPiCT_catch_proj,https://stecf.jrc.ec.europa.eu/ewg2312,NA,Fmsy,NEP_17_18,0.27,1.703703704,NA,3149.46,2720.77,5829,Nephrops norvegicus,Norway lobster,NA,NA,NA,2023,NA,Y,STECF
Central Med.,NEP,17_18,2009,NA,NA,2800,0.54,SPiCT_catch_proj,https://stecf.jrc.ec.europa.eu/ewg2312,NA,Fmsy,NEP_17_18,0.27,2,NA,3149.46,2806.23,5189,Nephrops norvegicus,Norway lobster,NA,NA,NA,2023,NA,Y,STECF
Central Med.,NEP,17_18,2010,NA,NA,2523,0.56,SPiCT_catch_proj,https://stecf.jrc.ec.europa.eu/ewg2312,NA,Fmsy,NEP_17_18,0.27,2.074074074,NA,3149.46,2523.83,4505,Nephrops norvegicus,Norway lobster,NA,NA,NA,2023,NA,Y,STECF
Central Med.,NEP,17_18,2011,NA,NA,1956,0.48,SPiCT_catch_proj,https://stecf.jrc.ec.europa.eu/ewg2312,NA,Fmsy,NEP_17_18,0.27,1.777777778,NA,3149.46,1959.99,4230,Nephrops norvegicus,Norway lobster,NA,NA,NA,2023,NA,Y,STECF
Central Med.,NEP,17_18,2012,NA,NA,1955,0.58,SPiCT_catch_proj,https://stecf.jrc.ec.europa.eu/ewg2312,NA,Fmsy,NEP_17_18,0.27,2.148148148,NA,3149.46,1957.79,4076,Nephrops norvegicus,Norway lobster,NA,NA,NA,2023,NA,Y,STECF
Central Med.,NEP,17_18,2013,NA,NA,2117,0.68,SPiCT_catch_proj,https://stecf.jrc.ec.europa.eu/ewg2312,NA,Fmsy,NEP_17_18,0.27,2.518518519,NA,3149.46,2117.41,3559,Nephrops norvegicus,Norway lobster,NA,NA,NA,2023,NA,Y,STECF
Central Med.,NEP,17_18,2014,NA,NA,1724,0.54,SPiCT_catch_proj,https://stecf.jrc.ec.europa.eu/ewg2312,NA,Fmsy,NEP_17_18,0.27,2,NA,3149.46,1729.33,3300,Nephrops norvegicus,Norway lobster,NA,NA,NA,2023,NA,Y,STECF
Central Med.,NEP,17_18,2015,NA,NA,1608,0.46,SPiCT_catch_proj,https://stecf.jrc.ec.europa.eu/ewg2312,NA,Fmsy,NEP_17_18,0.27,1.703703704,NA,3149.46,1610.38,3485,Nephrops norvegicus,Norway lobster,NA,NA,NA,2023,NA,Y,STECF
Central Med.,NEP,17_18,2016,NA,NA,1405,0.37,SPiCT_catch_proj,https://stecf.jrc.ec.europa.eu/ewg2312,NA,Fmsy,NEP_17_18,0.27,1.37037037,NA,3149.46,1405.96,3865,Nephrops norvegicus,Norway lobster,NA,NA,NA,2023,NA,Y,STECF
Central Med.,NEP,17_18,2017,NA,NA,1433,0.33,SPiCT_catch_proj,https://stecf.jrc.ec.europa.eu/ewg2312,NA,Fmsy,NEP_17_18,0.27,1.222222222,NA,3149.46,1436.47,4412,Nephrops norvegicus,Norway lobster,NA,NA,NA,2023,NA,Y,STECF
Central Med.,NEP,17_18,2018,NA,NA,1524,0.31,SPiCT_catch_proj,https://stecf.jrc.ec.europa.eu/ewg2312,NA,Fmsy,NEP_17_18,0.27,1.148148148,NA,3149.46,1528.53,4958,Nephrops norvegicus,Norway lobster,NA,NA,NA,2023,NA,Y,STECF
Central Med.,NEP,17_18,2019,NA,NA,1247,0.22,SPiCT_catch_proj,https://stecf.jrc.ec.europa.eu/ewg2312,NA,Fmsy,NEP_17_18,0.27,0.814814815,NA,3149.46,1247.63,5617,Nephrops norvegicus,Norway lobster,NA,NA,NA,2023,NA,Y,STECF
Central Med.,NEP,17_18,2020,NA,NA,834,0.13,SPiCT_catch_proj,https://stecf.jrc.ec.europa.eu/ewg2312,NA,Fmsy,NEP_17_18,0.27,0.481481481,NA,3149.46,834.93,6678,Nephrops norvegicus,Norway lobster,NA,NA,NA,2023,NA,Y,STECF
Central Med.,NEP,17_18,2021,NA,NA,867,0.11,SPiCT_catch_proj,https://stecf.jrc.ec.europa.eu/ewg2312,NA,Fmsy,NEP_17_18,0.27,0.407407407,NA,3149.46,867.74,7976,Nephrops norvegicus,Norway lobster,NA,NA,NA,2023,NA,Y,STECF
Central Med.,NEP,17_18,2022,NA,NA,806,0.08,SPiCT_catch_proj,https://stecf.jrc.ec.europa.eu/ewg2312,NA,Fmsy,NEP_17_18,0.27,0.296296296,NA,3149.46,815.01,8660,Nephrops norvegicus,Norway lobster,NA,NA,NA,2023,NA,Y,STECF
Western Med.,NEP,6,2009,44716.1,453,187.5,0.704,a4a,https://stecf.jrc.ec.europa.eu/documents/d/stecf/stecf_24-10_stock-assess-west-med,NA,Fmsy,NEP_6,0.29,2.427586207,NA,238,355.61,NA,Nephrops norvegicus,Norway lobster,953,Bmsy,0.475341028,2024,NA,Y,STECF
Western Med.,NEP,6,2010,45004.5,499.9,381.8,0.73,a4a,https://stecf.jrc.ec.europa.eu/documents/d/stecf/stecf_24-10_stock-assess-west-med,NA,Fmsy,NEP_6,0.29,2.517241379,NA,238,406.51,NA,Nephrops norvegicus,Norway lobster,953,Bmsy,0.52455404,2024,NA,Y,STECF
Western Med.,NEP,6,2011,44830.5,485.7,321.7,0.93,a4a,https://stecf.jrc.ec.europa.eu/documents/d/stecf/stecf_24-10_stock-assess-west-med,NA,Fmsy,NEP_6,0.29,3.206896552,NA,238,508.21,NA,Nephrops norvegicus,Norway lobster,953,Bmsy,0.509653725,2024,NA,Y,STECF
Western Med.,NEP,6,2012,43685.1,429.1,352,0.968,a4a,https://stecf.jrc.ec.europa.eu/documents/d/stecf/stecf_24-10_stock-assess-west-med,NA,Fmsy,NEP_6,0.29,3.337931034,NA,238,571.89,NA,Nephrops norvegicus,Norway lobster,953,Bmsy,0.450262329,2024,NA,Y,STECF
Western Med.,NEP,6,2013,41251.6,409.5,390.2,0.886,a4a,https://stecf.jrc.ec.europa.eu/documents/d/stecf/stecf_24-10_stock-assess-west-med,NA,Fmsy,NEP_6,0.29,3.055172414,NA,238,490.7,NA,Nephrops norvegicus,Norway lobster,953,Bmsy,0.429695698,2024,NA,Y,STECF
Western Med.,NEP,6,2014,37609.5,369.7,409.4,1.074,a4a,https://stecf.jrc.ec.europa.eu/documents/d/stecf/stecf_24-10_stock-assess-west-med,NA,Fmsy,NEP_6,0.29,3.703448276,NA,238,500.79,NA,Nephrops norvegicus,Norway lobster,953,Bmsy,0.387932844,2024,NA,Y,STECF
Western Med.,NEP,6,2015,33215.2,325.9,393.8,1.023,a4a,https://stecf.jrc.ec.europa.eu/documents/d/stecf/stecf_24-10_stock-assess-west-med,NA,Fmsy,NEP_6,0.29,3.527586207,NA,238,361.58,NA,Nephrops norvegicus,Norway lobster,953,Bmsy,0.341972718,2024,NA,Y,STECF
Western Med.,NEP,6,2016,28687.5,310.2,355.6,0.819,a4a,https://stecf.jrc.ec.europa.eu/documents/d/stecf/stecf_24-10_stock-assess-west-med,NA,Fmsy,NEP_6,0.29,2.824137931,NA,238,314.47,NA,Nephrops norvegicus,Norway lobster,953,Bmsy,0.325498426,2024,NA,Y,STECF
Western Med.,NEP,6,2017,24556.3,293.4,406.5,0.935,a4a,https://stecf.jrc.ec.europa.eu/documents/d/stecf/stecf_24-10_stock-assess-west-med,NA,Fmsy,NEP_6,0.29,3.224137931,NA,238,293.24,NA,Nephrops norvegicus,Norway lobster,953,Bmsy,0.307869885,2024,NA,Y,STECF
Western Med.,NEP,6,2018,21124.4,245.7,496.8,0.972,a4a,https://stecf.jrc.ec.europa.eu/documents/d/stecf/stecf_24-10_stock-assess-west-med,NA,Fmsy,NEP_6,0.29,3.351724138,NA,238,287.03,NA,Nephrops norvegicus,Norway lobster,953,Bmsy,0.257817419,2024,NA,Y,STECF
Western Med.,NEP,6,2019,18466.6,195.8,506.1,1.123,a4a,https://stecf.jrc.ec.europa.eu/documents/d/stecf/stecf_24-10_stock-assess-west-med,NA,Fmsy,NEP_6,0.29,3.872413793,NA,238,270.34,NA,Nephrops norvegicus,Norway lobster,953,Bmsy,0.205456453,2024,NA,Y,STECF
Western Med.,NEP,6,2020,16501.2,178.7,478.4,0.743,a4a,https://stecf.jrc.ec.europa.eu/documents/d/stecf/stecf_24-10_stock-assess-west-med,NA,Fmsy,NEP_6,0.29,2.562068966,NA,238,200.33,NA,Nephrops norvegicus,Norway lobster,953,Bmsy,0.187513116,2024,NA,Y,STECF
Western Med.,NEP,6,2021,15066.4,193.3,490,0.708,a4a,https://stecf.jrc.ec.europa.eu/documents/d/stecf/stecf_24-10_stock-assess-west-med,NA,Fmsy,NEP_6,0.29,2.44137931,NA,238,149.43,NA,Nephrops norvegicus,Norway lobster,953,Bmsy,0.202833158,2024,NA,Y,STECF
Western Med.,NEP,6,2022,13976.2,191.3,355.2,0.745,a4a,https://stecf.jrc.ec.europa.eu/documents/d/stecf/stecf_24-10_stock-assess-west-med,NA,Fmsy,NEP_6,0.29,2.568965517,NA,238,162.63,NA,Nephrops norvegicus,Norway lobster,953,Bmsy,0.200734523,2024,NA,Y,STECF
Western Med.,NEP,6,2023,13063.9,191.3,308.1,0.677,a4a,https://stecf.jrc.ec.europa.eu/documents/d/stecf/stecf_24-10_stock-assess-west-med,NA,Fmsy,NEP_6,0.29,2.334482759,NA,238,142.91,NA,Nephrops norvegicus,Norway lobster,953,Bmsy,0.200734523,2024,NA,Y,STECF
Western Med.,MUR,5,2002,8989,67.3,131.68,1.67,a4a,https://stecf.jrc.ec.europa.eu/documents/d/stecf/stecf_24-10_stock-assess-west-med,NA,Fmsy,MUR_5,0.46,3.630434783,NA,NA,131.68,NA,Mullus surmuletus,Surmullet,NA,NA,NA,2024,NA,New,STECF
Western Med.,MUR,5,2003,10481,76.9,101.62,1.21,a4a,https://stecf.jrc.ec.europa.eu/documents/d/stecf/stecf_24-10_stock-assess-west-med,NA,Fmsy,MUR_5,0.46,2.630434783,NA,NA,101.62,NA,Mullus surmuletus,Surmullet,NA,NA,NA,2024,NA,New,STECF
Western Med.,MUR,5,2004,11861,93.7,152.95,1.06,a4a,https://stecf.jrc.ec.europa.eu/documents/d/stecf/stecf_24-10_stock-assess-west-med,NA,Fmsy,MUR_5,0.46,2.304347826,NA,NA,152.95,NA,Mullus surmuletus,Surmullet,NA,NA,NA,2024,NA,New,STECF
Western Med.,MUR,5,2005,12171,112.7,148.51,1.2,a4a,https://stecf.jrc.ec.europa.eu/documents/d/stecf/stecf_24-10_stock-assess-west-med,NA,Fmsy,MUR_5,0.46,2.608695652,NA,NA,148.51,NA,Mullus surmuletus,Surmullet,NA,NA,NA,2024,NA,New,STECF
Western Med.,MUR,5,2006,9949,104.2,152.88,1.45,a4a,https://stecf.jrc.ec.europa.eu/documents/d/stecf/stecf_24-10_stock-assess-west-med,NA,Fmsy,MUR_5,0.46,3.152173913,NA,NA,152.88,NA,Mullus surmuletus,Surmullet,NA,NA,NA,2024,NA,New,STECF
Western Med.,MUR,5,2007,7988,84.9,170.06,1.55,a4a,https://stecf.jrc.ec.europa.eu/documents/d/stecf/stecf_24-10_stock-assess-west-med,NA,Fmsy,MUR_5,0.46,3.369565217,NA,NA,170.06,NA,Mullus surmuletus,Surmullet,NA,NA,NA,2024,NA,New,STECF
Western Med.,MUR,5,2008,9195,75.3,139.16,1.39,a4a,https://stecf.jrc.ec.europa.eu/documents/d/stecf/stecf_24-10_stock-assess-west-med,NA,Fmsy,MUR_5,0.46,3.02173913,NA,NA,139.16,NA,Mullus surmuletus,Surmullet,NA,NA,NA,2024,NA,New,STECF
Western Med.,MUR,5,2009,8163,85.2,72.97,1.2,a4a,https://stecf.jrc.ec.europa.eu/documents/d/stecf/stecf_24-10_stock-assess-west-med,NA,Fmsy,MUR_5,0.46,2.608695652,NA,NA,72.97,NA,Mullus surmuletus,Surmullet,NA,NA,NA,2024,NA,New,STECF
Western Med.,MUR,5,2010,8601,84.7,93.15,1.13,a4a,https://stecf.jrc.ec.europa.eu/documents/d/stecf/stecf_24-10_stock-assess-west-med,NA,Fmsy,MUR_5,0.46,2.456521739,NA,NA,93.15,NA,Mullus surmuletus,Surmullet,NA,NA,NA,2024,NA,New,STECF
Western Med.,MUR,5,2011,9641,87.9,107.36,1.18,a4a,https://stecf.jrc.ec.europa.eu/documents/d/stecf/stecf_24-10_stock-assess-west-med,NA,Fmsy,MUR_5,0.46,2.565217391,NA,NA,107.36,NA,Mullus surmuletus,Surmullet,NA,NA,NA,2024,NA,New,STECF
Western Med.,MUR,5,2012,7666,93.5,100.36,1.25,a4a,https://stecf.jrc.ec.europa.eu/documents/d/stecf/stecf_24-10_stock-assess-west-med,NA,Fmsy,MUR_5,0.46,2.717391304,NA,NA,100.36,NA,Mullus surmuletus,Surmullet,NA,NA,NA,2024,NA,New,STECF
Western Med.,MUR,5,2013,7768,82.4,87.88,1.28,a4a,https://stecf.jrc.ec.europa.eu/documents/d/stecf/stecf_24-10_stock-assess-west-med,NA,Fmsy,MUR_5,0.46,2.782608696,NA,NA,87.88,NA,Mullus surmuletus,Surmullet,NA,NA,NA,2024,NA,New,STECF
Western Med.,MUR,5,2014,7317,80.1,95.35,1.28,a4a,https://stecf.jrc.ec.europa.eu/documents/d/stecf/stecf_24-10_stock-assess-west-med,NA,Fmsy,MUR_5,0.46,2.782608696,NA,NA,95.35,NA,Mullus surmuletus,Surmullet,NA,NA,NA,2024,NA,New,STECF
Western Med.,MUR,5,2015,8707,73.2,96.6,1.3,a4a,https://stecf.jrc.ec.europa.eu/documents/d/stecf/stecf_24-10_stock-assess-west-med,NA,Fmsy,MUR_5,0.46,2.826086957,NA,NA,96.6,NA,Mullus surmuletus,Surmullet,NA,NA,NA,2024,NA,New,STECF
Western Med.,MUR,5,2016,8331,77,106.46,1.34,a4a,https://stecf.jrc.ec.europa.eu/documents/d/stecf/stecf_24-10_stock-assess-west-med,NA,Fmsy,MUR_5,0.46,2.913043478,NA,NA,106.46,NA,Mullus surmuletus,Surmullet,NA,NA,NA,2024,NA,New,STECF
Western Med.,MUR,5,2017,7911,75.5,109.91,1.37,a4a,https://stecf.jrc.ec.europa.eu/documents/d/stecf/stecf_24-10_stock-assess-west-med,NA,Fmsy,MUR_5,0.46,2.97826087,NA,NA,109.91,NA,Mullus surmuletus,Surmullet,NA,NA,NA,2024,NA,New,STECF
Western Med.,MUR,5,2018,8290,75.8,132.4,1.41,a4a,https://stecf.jrc.ec.europa.eu/documents/d/stecf/stecf_24-10_stock-assess-west-med,NA,Fmsy,MUR_5,0.46,3.065217391,NA,NA,132.4,NA,Mullus surmuletus,Surmullet,NA,NA,NA,2024,NA,New,STECF
Western Med.,MUR,5,2019,7340,73.8,85.55,1.47,a4a,https://stecf.jrc.ec.europa.eu/documents/d/stecf/stecf_24-10_stock-assess-west-med,NA,Fmsy,MUR_5,0.46,3.195652174,NA,NA,85.55,NA,Mullus surmuletus,Surmullet,NA,NA,NA,2024,NA,New,STECF
Western Med.,MUR,5,2020,6830,73.9,83.69,1.49,a4a,https://stecf.jrc.ec.europa.eu/documents/d/stecf/stecf_24-10_stock-assess-west-med,NA,Fmsy,MUR_5,0.46,3.239130435,NA,NA,83.69,NA,Mullus surmuletus,Surmullet,NA,NA,NA,2024,NA,New,STECF
Western Med.,MUR,5,2021,6587,70.7,79.02,1.3,a4a,https://stecf.jrc.ec.europa.eu/documents/d/stecf/stecf_24-10_stock-assess-west-med,NA,Fmsy,MUR_5,0.46,2.826086957,NA,NA,79.02,NA,Mullus surmuletus,Surmullet,NA,NA,NA,2024,NA,New,STECF
Western Med.,MUR,5,2022,6976,75.5,65.55,0.93,a4a,https://stecf.jrc.ec.europa.eu/documents/d/stecf/stecf_24-10_stock-assess-west-med,NA,Fmsy,MUR_5,0.46,2.02173913,NA,NA,65.55,NA,Mullus surmuletus,Surmullet,NA,NA,NA,2024,NA,New,STECF
Western Med.,MUR,5,2023,8944,102.4,49.33,0.57,a4a,https://stecf.jrc.ec.europa.eu/documents/d/stecf/stecf_24-10_stock-assess-west-med,NA,Fmsy,MUR_5,0.46,1.239130435,NA,NA,49.33,NA,Mullus surmuletus,Surmullet,NA,NA,NA,2024,NA,New,STECF
Western Med.,NEP,11,1994,NA,227,NA,0.22,SpiCT,https://stecf.jrc.ec.europa.eu/documents/d/stecf/stecf_24-10_stock-assess-west-med,NA,Fmsy,NEP_11,0.24,0.916666667,NA,NA,NA,227,Nephrops norvegicus,Norway lobster,168.67,Bmsy,1.345823205,2024,NA,New,STECF
Western Med.,NEP,11,1995,NA,233,NA,0.22,SpiCT,https://stecf.jrc.ec.europa.eu/documents/d/stecf/stecf_24-10_stock-assess-west-med,NA,Fmsy,NEP_11,0.24,0.916666667,NA,NA,NA,233,Nephrops norvegicus,Norway lobster,168.67,Bmsy,1.381395625,2024,NA,New,STECF
Western Med.,NEP,11,1996,NA,231,NA,0.27,SpiCT,https://stecf.jrc.ec.europa.eu/documents/d/stecf/stecf_24-10_stock-assess-west-med,NA,Fmsy,NEP_11,0.24,1.125,NA,NA,NA,231,Nephrops norvegicus,Norway lobster,168.67,Bmsy,1.369538151,2024,NA,New,STECF
Western Med.,NEP,11,1997,NA,209,NA,0.31,SpiCT,https://stecf.jrc.ec.europa.eu/documents/d/stecf/stecf_24-10_stock-assess-west-med,NA,Fmsy,NEP_11,0.24,1.291666667,NA,NA,NA,209,Nephrops norvegicus,Norway lobster,168.67,Bmsy,1.239105947,2024,NA,New,STECF
Western Med.,NEP,11,1998,NA,197,NA,0.35,SpiCT,https://stecf.jrc.ec.europa.eu/documents/d/stecf/stecf_24-10_stock-assess-west-med,NA,Fmsy,NEP_11,0.24,1.458333333,NA,NA,NA,197,Nephrops norvegicus,Norway lobster,168.67,Bmsy,1.167961107,2024,NA,New,STECF
Western Med.,NEP,11,1999,NA,178,NA,0.27,SpiCT,https://stecf.jrc.ec.europa.eu/documents/d/stecf/stecf_24-10_stock-assess-west-med,NA,Fmsy,NEP_11,0.24,1.125,NA,NA,NA,178,Nephrops norvegicus,Norway lobster,168.67,Bmsy,1.055315112,2024,NA,New,STECF
Western Med.,NEP,11,2000,NA,174,NA,0.17,SpiCT,https://stecf.jrc.ec.europa.eu/documents/d/stecf/stecf_24-10_stock-assess-west-med,NA,Fmsy,NEP_11,0.24,0.708333333,NA,NA,NA,174,Nephrops norvegicus,Norway lobster,168.67,Bmsy,1.031600166,2024,NA,New,STECF
Western Med.,NEP,11,2001,NA,179,NA,0.14,SpiCT,https://stecf.jrc.ec.europa.eu/documents/d/stecf/stecf_24-10_stock-assess-west-med,NA,Fmsy,NEP_11,0.24,0.583333333,NA,NA,NA,179,Nephrops norvegicus,Norway lobster,168.67,Bmsy,1.061243849,2024,NA,New,STECF
Western Med.,NEP,11,2002,NA,200,NA,0.15,SpiCT,https://stecf.jrc.ec.europa.eu/documents/d/stecf/stecf_24-10_stock-assess-west-med,NA,Fmsy,NEP_11,0.24,0.625,NA,NA,NA,200,Nephrops norvegicus,Norway lobster,168.67,Bmsy,1.185747317,2024,NA,New,STECF
Western Med.,NEP,11,2003,NA,226,NA,0.17,SpiCT,https://stecf.jrc.ec.europa.eu/documents/d/stecf/stecf_24-10_stock-assess-west-med,NA,Fmsy,NEP_11,0.24,0.708333333,NA,NA,NA,226,Nephrops norvegicus,Norway lobster,168.67,Bmsy,1.339894468,2024,NA,New,STECF
Western Med.,NEP,11,2004,NA,236,NA,0.17,SpiCT,https://stecf.jrc.ec.europa.eu/documents/d/stecf/stecf_24-10_stock-assess-west-med,NA,Fmsy,NEP_11,0.24,0.708333333,NA,NA,NA,236,Nephrops norvegicus,Norway lobster,168.67,Bmsy,1.399181834,2024,NA,New,STECF
Western Med.,NEP,11,2005,NA,235,28.9,0.15,SpiCT,https://stecf.jrc.ec.europa.eu/documents/d/stecf/stecf_24-10_stock-assess-west-med,NA,Fmsy,NEP_11,0.24,0.625,NA,NA,28.9,235,Nephrops norvegicus,Norway lobster,168.67,Bmsy,1.393253098,2024,NA,New,STECF
Western Med.,NEP,11,2006,NA,248,42.3,0.14,SpiCT,https://stecf.jrc.ec.europa.eu/documents/d/stecf/stecf_24-10_stock-assess-west-med,NA,Fmsy,NEP_11,0.24,0.583333333,NA,NA,42.3,248,Nephrops norvegicus,Norway lobster,168.67,Bmsy,1.470326673,2024,NA,New,STECF
Western Med.,NEP,11,2007,NA,258,31.3,0.13,SpiCT,https://stecf.jrc.ec.europa.eu/documents/d/stecf/stecf_24-10_stock-assess-west-med,NA,Fmsy,NEP_11,0.24,0.541666667,NA,NA,31.3,258,Nephrops norvegicus,Norway lobster,168.67,Bmsy,1.529614039,2024,NA,New,STECF
Western Med.,NEP,11,2008,NA,271,36.2,0.13,SpiCT,https://stecf.jrc.ec.europa.eu/documents/d/stecf/stecf_24-10_stock-assess-west-med,NA,Fmsy,NEP_11,0.24,0.541666667,NA,NA,36.2,271,Nephrops norvegicus,Norway lobster,168.67,Bmsy,1.606687615,2024,NA,New,STECF
Western Med.,NEP,11,2009,NA,270,44.4,0.14,SpiCT,https://stecf.jrc.ec.europa.eu/documents/d/stecf/stecf_24-10_stock-assess-west-med,NA,Fmsy,NEP_11,0.24,0.583333333,NA,NA,44.4,270,Nephrops norvegicus,Norway lobster,168.67,Bmsy,1.600758878,2024,NA,New,STECF
Western Med.,NEP,11,2010,NA,249,22.8,0.14,SpiCT,https://stecf.jrc.ec.europa.eu/documents/d/stecf/stecf_24-10_stock-assess-west-med,NA,Fmsy,NEP_11,0.24,0.583333333,NA,NA,22.8,249,Nephrops norvegicus,Norway lobster,168.67,Bmsy,1.47625541,2024,NA,New,STECF
Western Med.,NEP,11,2011,NA,228,50.5,0.19,SpiCT,https://stecf.jrc.ec.europa.eu/documents/d/stecf/stecf_24-10_stock-assess-west-med,NA,Fmsy,NEP_11,0.24,0.791666667,NA,NA,50.5,228,Nephrops norvegicus,Norway lobster,168.67,Bmsy,1.351751942,2024,NA,New,STECF
Western Med.,NEP,11,2012,NA,210,50.5,0.21,SpiCT,https://stecf.jrc.ec.europa.eu/documents/d/stecf/stecf_24-10_stock-assess-west-med,NA,Fmsy,NEP_11,0.24,0.875,NA,NA,50.5,210,Nephrops norvegicus,Norway lobster,168.67,Bmsy,1.245034683,2024,NA,New,STECF
Western Med.,NEP,11,2013,NA,190,29.8,0.19,SpiCT,https://stecf.jrc.ec.europa.eu/documents/d/stecf/stecf_24-10_stock-assess-west-med,NA,Fmsy,NEP_11,0.24,0.791666667,NA,NA,29.8,190,Nephrops norvegicus,Norway lobster,168.67,Bmsy,1.126459951,2024,NA,New,STECF
Western Med.,NEP,11,2014,NA,181,35.3,0.18,SpiCT,https://stecf.jrc.ec.europa.eu/documents/d/stecf/stecf_24-10_stock-assess-west-med,NA,Fmsy,NEP_11,0.24,0.75,NA,NA,35.3,181,Nephrops norvegicus,Norway lobster,168.67,Bmsy,1.073101322,2024,NA,New,STECF
Western Med.,NEP,11,2015,NA,175,21.4,0.16,SpiCT,https://stecf.jrc.ec.europa.eu/documents/d/stecf/stecf_24-10_stock-assess-west-med,NA,Fmsy,NEP_11,0.24,0.666666667,NA,NA,21.4,175,Nephrops norvegicus,Norway lobster,168.67,Bmsy,1.037528903,2024,NA,New,STECF
Western Med.,NEP,11,2016,NA,174,23.9,0.18,SpiCT,https://stecf.jrc.ec.europa.eu/documents/d/stecf/stecf_24-10_stock-assess-west-med,NA,Fmsy,NEP_11,0.24,0.75,NA,NA,23.9,174,Nephrops norvegicus,Norway lobster,168.67,Bmsy,1.031600166,2024,NA,New,STECF
Western Med.,NEP,11,2017,NA,172,39.6,0.26,SpiCT,https://stecf.jrc.ec.europa.eu/documents/d/stecf/stecf_24-10_stock-assess-west-med,NA,Fmsy,NEP_11,0.24,1.083333333,NA,NA,39.6,172,Nephrops norvegicus,Norway lobster,168.67,Bmsy,1.019742693,2024,NA,New,STECF
Western Med.,NEP,11,2018,NA,157,78.8,0.41,SpiCT,https://stecf.jrc.ec.europa.eu/documents/d/stecf/stecf_24-10_stock-assess-west-med,NA,Fmsy,NEP_11,0.24,1.708333333,NA,NA,78.8,157,Nephrops norvegicus,Norway lobster,168.67,Bmsy,0.930811644,2024,NA,New,STECF
Western Med.,NEP,11,2019,NA,130,72,0.52,SpiCT,https://stecf.jrc.ec.europa.eu/documents/d/stecf/stecf_24-10_stock-assess-west-med,NA,Fmsy,NEP_11,0.24,2.166666667,NA,NA,72,130,Nephrops norvegicus,Norway lobster,168.67,Bmsy,0.770735756,2024,NA,New,STECF
Western Med.,NEP,11,2020,NA,101,50.5,0.55,SpiCT,https://stecf.jrc.ec.europa.eu/documents/d/stecf/stecf_24-10_stock-assess-west-med,NA,Fmsy,NEP_11,0.24,2.291666667,NA,NA,50.5,101,Nephrops norvegicus,Norway lobster,168.67,Bmsy,0.598802395,2024,NA,New,STECF
Western Med.,NEP,11,2021,NA,83,48.7,0.54,SpiCT,https://stecf.jrc.ec.europa.eu/documents/d/stecf/stecf_24-10_stock-assess-west-med,NA,Fmsy,NEP_11,0.24,2.25,NA,NA,48.7,83,Nephrops norvegicus,Norway lobster,168.67,Bmsy,0.492085137,2024,NA,New,STECF
Western Med.,NEP,11,2022,NA,71,37.3,0.51,SpiCT,https://stecf.jrc.ec.europa.eu/documents/d/stecf/stecf_24-10_stock-assess-west-med,NA,Fmsy,NEP_11,0.24,2.125,NA,NA,37.3,71,Nephrops norvegicus,Norway lobster,168.67,Bmsy,0.420940298,2024,NA,New,STECF
Western Med.,NEP,11,2023,NA,64,26.1,0.46,SpiCT,https://stecf.jrc.ec.europa.eu/documents/d/stecf/stecf_24-10_stock-assess-west-med,NA,Fmsy,NEP_11,0.24,1.916666667,NA,NA,26.1,64,Nephrops norvegicus,Norway lobster,168.67,Bmsy,0.379439142,2024,NA,New,STECF
